opis_id,latitude,longitude,geocode_source,precision
7,36.537602,-95.229368,us_census_gazetteer,approximate_city
9,44.019207,-90.501948,osm_nominatim,poi_match
20,32.930378,-112.673147,osm_nominatim,poi_match
28,35.314809,-94.401686,osm_nominatim,poi_match
35,40.925868,-75.094062,us_census_gazetteer,approximate_city
36,38.738878,-78.650918,us_census_gazetteer,approximate_city
44,30.774812,-97.627464,osm_nominatim,poi_match
46,32.411501,-85.972808,us_census_gazetteer,approximate_city
49,38.882694,-85.818779,us_census_batch,street_interpolated
50,41.235987,-95.853163,us_census_gazetteer,approximate_city
56,46.843600,-100.274400,geonames_centroid,approximate_city
75,38.468893,-107.858983,us_census_gazetteer,approximate_city
77,38.571457,-75.571134,us_census_gazetteer,approximate_city
79,39.670017,-75.566519,us_census_gazetteer,approximate_city
81,27.526580,-82.526683,us_census_gazetteer,approximate_city
85,39.764700,-105.600300,geonames_centroid,approximate_city
91,33.554641,-82.896695,us_census_gazetteer,approximate_city
105,43.370815,-83.881964,us_census_gazetteer,approximate_city
118,35.354743,-109.052817,us_census_gazetteer,approximate_city
121,32.741255,-111.594015,us_census_gazetteer,approximate_city
127,37.802700,-87.639848,osm_nominatim,poi_match
128,39.120662,-88.550859,us_census_gazetteer,approximate_city
135,41.413245,-90.005345,us_census_gazetteer,approximate_city
147,40.113584,-85.572549,osm_nominatim,poi_match
149,41.088193,-85.142791,us_census_gazetteer,approximate_city
151,40.924676,-100.153929,us_census_gazetteer,approximate_city
159,30.371282,-81.763612,osm_nominatim,poi_match
160,30.474329,-90.959027,us_census_gazetteer,approximate_city
164,41.576735,-87.252878,us_census_gazetteer,approximate_city
167,41.325085,-87.201916,us_census_gazetteer,approximate_city
174,31.612364,-94.652046,us_census_gazetteer,approximate_city
184,41.235787,-95.880694,osm_nominatim,poi_match
186,44.263966,-104.944466,osm_nominatim,poi_match
187,42.762921,-93.365518,us_census_gazetteer,approximate_city
191,43.144953,-93.360014,osm_nominatim,poi_match
192,41.500464,-94.318105,us_census_gazetteer,approximate_city
195,35.149554,-90.199266,us_census_gazetteer,approximate_city
198,40.550477,-103.274598,us_census_gazetteer,approximate_city
199,38.813085,-97.614477,us_census_gazetteer,approximate_city
203,38.046149,-87.561715,us_census_gazetteer,approximate_city
207,39.014667,-83.809643,osm_nominatim,poi_match
216,30.408207,-88.757944,osm_nominatim,poi_match
217,38.877454,-97.612411,osm_nominatim,poi_match
231,37.357071,-84.332869,us_census_gazetteer,approximate_city
235,29.177510,-82.151025,us_census_gazetteer,approximate_city
240,30.443835,-91.207410,us_census_gazetteer,approximate_city
243,41.144877,-87.454366,us_census_batch,street_interpolated
244,30.238360,-92.189070,us_census_gazetteer,approximate_city
248,29.982675,-90.057494,osm_nominatim,poi_match
250,38.896005,-99.317084,osm_nominatim,poi_match
253,35.149554,-90.199266,us_census_gazetteer,approximate_city
256,39.696916,-79.152849,us_census_gazetteer,approximate_city
257,47.502518,-111.299970,us_census_gazetteer,approximate_city
263,41.935169,-86.567110,us_census_gazetteer,approximate_city
267,37.760670,-100.017863,us_census_gazetteer,approximate_city
269,41.963647,-83.353753,osm_nominatim,poi_match
278,38.955073,-87.406219,osm_nominatim,poi_match
281,39.296139,-85.958148,osm_nominatim,poi_match
289,38.959551,-95.265468,us_census_gazetteer,approximate_city
292,37.269148,-95.553354,us_census_gazetteer,approximate_city
293,38.159651,-96.562014,us_census_gazetteer,approximate_city
304,42.115454,-72.539978,us_census_gazetteer,approximate_city
309,38.943028,-94.596981,osm_nominatim,poi_match
323,41.129595,-101.720677,us_census_gazetteer,approximate_city
326,41.403172,-112.042539,us_census_gazetteer,approximate_city
341,30.081500,-81.547700,geonames_centroid,approximate_city
347,41.575871,-87.176146,osm_nominatim,poi_match
358,42.101331,-75.909369,us_census_gazetteer,approximate_city
361,30.411293,-81.566542,osm_nominatim,poi_match
368,43.180300,-73.705300,geonames_centroid,approximate_city
372,41.618736,-87.494949,us_census_gazetteer,approximate_city
381,31.937732,-95.250423,osm_nominatim,poi_match
387,32.670821,-114.520689,osm_nominatim,poi_match
388,40.249405,-82.880199,us_census_gazetteer,approximate_city
391,41.020726,-81.867136,us_census_gazetteer,approximate_city
403,39.965248,-82.486506,us_census_gazetteer,approximate_city
407,41.538986,-83.644132,us_census_gazetteer,approximate_city
421,35.467079,-97.513657,us_census_gazetteer,approximate_city
424,35.434932,-97.264589,osm_nominatim,poi_match
425,32.535471,-82.928807,us_census_gazetteer,approximate_city
442,42.102567,-102.876188,us_census_gazetteer,approximate_city
455,37.939885,-77.466145,osm_nominatim,poi_match
456,41.128114,-84.850513,us_census_gazetteer,approximate_city
458,40.410911,-95.533087,us_census_gazetteer,approximate_city
460,33.924111,-81.391042,us_census_gazetteer,approximate_city
461,33.552669,-80.827895,osm_nominatim,poi_match
469,37.472986,-105.857356,us_census_batch,street_interpolated
474,32.425635,-88.448042,osm_nominatim,poi_match
478,48.967087,-97.246861,us_census_gazetteer,approximate_city
483,36.690684,-101.481569,us_census_batch,street_interpolated
486,27.560379,-99.489181,us_census_gazetteer,approximate_city
489,46.974956,-109.695113,us_census_gazetteer,approximate_city
491,36.115000,-84.043800,geonames_centroid,approximate_city
496,35.991521,-83.968798,us_census_batch,street_interpolated
509,31.040672,-104.834154,us_census_gazetteer,approximate_city
522,39.983203,-81.460077,us_census_gazetteer,approximate_city
523,34.262885,-83.816288,osm_nominatim,poi_match
525,33.606236,-88.657568,us_census_gazetteer,approximate_city
546,41.430561,-86.892347,us_census_gazetteer,approximate_city
557,41.366844,-89.152476,osm_nominatim,poi_match
559,34.852344,-92.399995,us_census_gazetteer,approximate_city
566,41.590740,-87.347113,us_census_gazetteer,approximate_city
567,32.741255,-111.594015,us_census_gazetteer,approximate_city
572,41.088193,-85.142791,us_census_gazetteer,approximate_city
576,30.245515,-92.511594,us_census_gazetteer,approximate_city
578,45.539220,-122.392673,us_census_gazetteer,approximate_city
579,41.594705,-109.220921,us_census_gazetteer,approximate_city
586,46.209022,-119.767753,us_census_gazetteer,approximate_city
588,33.193047,-87.454861,us_census_gazetteer,approximate_city
591,38.987513,-93.569227,us_census_gazetteer,approximate_city
599,41.118149,-102.950215,osm_nominatim,poi_match
602,43.635428,-72.253837,us_census_gazetteer,approximate_city
614,41.521266,-74.238661,us_census_gazetteer,approximate_city
628,41.855268,-80.951280,us_census_gazetteer,approximate_city
636,44.626928,-123.096741,us_census_gazetteer,approximate_city
651,35.842520,-88.084471,osm_nominatim,poi_match
652,35.991521,-83.968798,us_census_batch,street_interpolated
669,31.918485,-106.601062,us_census_gazetteer,approximate_city
672,39.854728,-75.198685,us_census_gazetteer,approximate_city
680,45.305573,-97.039106,us_census_gazetteer,approximate_city
684,42.158685,-78.991061,osm_nominatim,poi_match
689,37.690638,-97.345836,us_census_gazetteer,approximate_city
692,41.027304,-92.401756,osm_nominatim,poi_match
739,38.566502,-82.823620,us_census_gazetteer,approximate_city
748,40.385578,-104.688420,osm_nominatim,poi_match
769,40.359890,-91.459391,us_census_gazetteer,approximate_city
815,43.008569,-89.901141,osm_nominatim,poi_match
855,42.307403,-87.877019,osm_nominatim,poi_match
863,32.747226,-81.640693,us_census_gazetteer,approximate_city
906,35.149554,-90.199266,us_census_gazetteer,approximate_city
908,33.296117,-86.812292,osm_nominatim,poi_match
912,33.303112,-87.026660,us_census_gazetteer,approximate_city
936,35.074404,-92.467004,us_census_gazetteer,approximate_city
970,33.363645,-112.073495,osm_nominatim,poi_match
977,33.661468,-114.236132,osm_nominatim,poi_match
981,43.194595,-112.346811,us_census_gazetteer,approximate_city
982,32.670821,-114.520689,osm_nominatim,poi_match
1028,39.670017,-75.566519,us_census_gazetteer,approximate_city
1042,30.188638,-82.642246,us_census_gazetteer,approximate_city
1043,30.188638,-82.642246,us_census_gazetteer,approximate_city
1047,30.761445,-85.256258,us_census_gazetteer,approximate_city
1075,32.490421,-82.934384,osm_nominatim,poi_match
1106,33.472601,-82.496496,osm_nominatim,poi_match
1112,42.015886,-95.352404,us_census_gazetteer,approximate_city
1115,42.570838,-92.786336,osm_nominatim,poi_match
1121,42.605309,-114.209087,us_census_gazetteer,approximate_city
1128,42.450687,-87.925147,us_census_gazetteer,approximate_city
1132,38.149899,-88.904019,us_census_gazetteer,approximate_city
1136,40.123939,-87.779528,osm_nominatim,poi_match
1140,39.590765,-89.653040,osm_nominatim,poi_match
1149,39.793283,-85.772548,us_census_gazetteer,approximate_city
1151,39.794681,-85.530387,osm_nominatim,poi_match
1154,30.082341,-97.511120,us_census_gazetteer,approximate_city
1156,39.508544,-85.751340,osm_nominatim,poi_match
1157,39.433010,-87.332121,osm_nominatim,poi_match
1158,41.448573,-87.010642,osm_nominatim,poi_match
1163,38.423121,-96.216281,osm_nominatim,poi_match
1176,38.276093,-84.553371,osm_nominatim,poi_match
1179,37.827288,-85.723843,osm_nominatim,poi_match
1196,30.784234,-91.376417,us_census_gazetteer,approximate_city
1199,42.524495,-71.755648,us_census_batch,street_interpolated
1202,39.572968,-76.064923,us_census_gazetteer,approximate_city
1204,39.120662,-88.550859,us_census_gazetteer,approximate_city
1208,42.376913,-85.651302,osm_nominatim,poi_match
1210,42.099528,-86.089074,us_census_batch,street_interpolated
1217,43.678970,-92.980124,osm_nominatim,poi_match
1218,46.330621,-94.477351,us_census_gazetteer,approximate_city
1225,39.341487,-91.202753,us_census_batch,street_interpolated
1234,37.494033,-94.311771,us_census_batch,street_interpolated
1236,39.797780,-91.526515,us_census_gazetteer,approximate_city
1240,38.705239,-93.235819,us_census_gazetteer,approximate_city
1247,36.737430,-91.867957,us_census_gazetteer,approximate_city
1251,34.912612,-88.499126,osm_nominatim,poi_match
1256,33.372255,-91.075320,osm_nominatim,poi_match
1265,34.833405,-89.564651,us_census_batch,street_interpolated
1304,36.081679,-79.276742,us_census_gazetteer,approximate_city
1315,35.462794,-79.150128,osm_nominatim,poi_match
1325,34.223944,-77.944195,osm_nominatim,poi_match
1326,35.740656,-77.903947,osm_nominatim,poi_match
1333,40.940624,-98.359298,osm_nominatim,poi_match
1340,40.149693,-74.707679,us_census_gazetteer,approximate_city
1342,40.860030,-74.312867,osm_nominatim,poi_match
1344,41.103900,-74.164400,geonames_centroid,approximate_city
1348,40.003099,-75.035889,us_census_gazetteer,approximate_city
1356,35.196782,-107.892371,us_census_gazetteer,approximate_city
1364,41.674549,-86.616019,osm_nominatim,poi_match
1372,40.749571,-81.403398,osm_nominatim,poi_match
1376,40.740679,-84.112091,us_census_gazetteer,approximate_city
1379,41.020726,-81.867136,us_census_gazetteer,approximate_city
1384,41.584246,-84.591569,us_census_gazetteer,approximate_city
1391,36.537595,-97.441749,us_census_gazetteer,approximate_city
1395,35.507101,-98.970503,us_census_gazetteer,approximate_city
1404,40.141470,-87.390599,us_census_gazetteer,approximate_city
1414,39.990500,-78.245300,geonames_centroid,approximate_city
1424,39.830597,-77.234147,us_census_gazetteer,approximate_city
1428,40.418272,-86.825433,osm_nominatim,poi_match
1432,40.211404,-77.005930,us_census_gazetteer,approximate_city
1444,34.221410,-80.684694,us_census_batch,street_interpolated
1445,41.136566,-104.706379,osm_nominatim,poi_match
1447,35.151529,-81.859841,osm_nominatim,poi_match
1453,34.008306,-85.044978,us_census_gazetteer,approximate_city
1455,34.267283,-79.733296,osm_nominatim,poi_match
1461,35.054116,-82.109110,osm_nominatim,poi_match
1464,34.074592,-81.154946,osm_nominatim,poi_match
1470,33.427433,-81.877865,osm_nominatim,poi_match
1479,34.932426,-82.143688,us_census_gazetteer,approximate_city
1487,36.168016,-82.819669,us_census_gazetteer,approximate_city
1492,35.061098,-85.134164,osm_nominatim,poi_match
1507,35.158738,-89.795991,osm_nominatim,poi_match
1516,35.198064,-101.833107,us_census_gazetteer,approximate_city
1531,39.545277,-85.779499,us_census_gazetteer,approximate_city
1533,33.175514,-102.273429,us_census_gazetteer,approximate_city
1546,28.667484,-99.184457,osm_nominatim,poi_match
1548,35.872695,-101.973577,osm_nominatim,poi_match
1552,27.883158,-98.618364,osm_nominatim,poi_match
1555,39.297967,-102.869524,us_census_gazetteer,approximate_city
1560,42.573900,-79.059600,geonames_centroid,approximate_city
1562,35.776654,-88.356143,us_census_gazetteer,approximate_city
1567,41.593851,-93.634715,osm_nominatim,poi_match
1579,45.896232,-112.660071,us_census_gazetteer,approximate_city
1582,35.198064,-101.833107,us_census_gazetteer,approximate_city
1585,32.321336,-102.551846,us_census_gazetteer,approximate_city
1590,41.578439,-87.239465,osm_nominatim,poi_match
1596,35.469295,-108.439555,us_census_gazetteer,approximate_city
1597,40.131233,-80.132684,us_census_batch,street_interpolated
1599,42.593765,-76.097502,us_census_gazetteer,approximate_city
1602,31.177189,-88.934822,osm_nominatim,poi_match
1606,48.080214,-122.154312,us_census_gazetteer,approximate_city
1610,39.300032,-76.610476,us_census_gazetteer,approximate_city
1618,38.821616,-81.709312,us_census_gazetteer,approximate_city
1621,33.427661,-86.707618,osm_nominatim,poi_match
1622,33.192408,-97.744682,us_census_batch,street_interpolated
1623,39.783966,-104.904609,osm_nominatim,poi_match
1625,33.348302,-80.684293,us_census_gazetteer,approximate_city
1632,32.296503,-106.810262,osm_nominatim,poi_match
1633,29.309586,-98.615219,osm_nominatim,poi_match
1634,42.871485,-87.944417,osm_nominatim,poi_match
1644,32.441934,-100.532231,us_census_gazetteer,approximate_city
1646,41.449648,-86.310107,us_census_batch,street_interpolated
1647,41.579477,-87.461294,osm_nominatim,poi_match
1653,41.831490,-87.694319,osm_nominatim,poi_match
1654,30.847483,-96.968083,osm_nominatim,poi_match
1661,32.512769,-92.358132,us_census_batch,street_interpolated
1669,42.946229,-74.369778,us_census_gazetteer,approximate_city
1670,37.075218,-94.501259,us_census_gazetteer,approximate_city
1671,35.311635,-78.612962,us_census_gazetteer,approximate_city
1672,35.198064,-101.833107,us_census_gazetteer,approximate_city
1699,33.188670,-86.274799,us_census_gazetteer,approximate_city
1700,33.046394,-94.728868,us_census_batch,street_interpolated
1720,37.039158,-100.940479,us_census_batch,street_interpolated
1749,30.592400,-93.916724,us_census_batch,street_interpolated
1753,31.885139,-97.074106,us_census_gazetteer,approximate_city
1773,43.393266,-85.466107,us_census_gazetteer,approximate_city
1791,31.967557,-102.252301,osm_nominatim,poi_match
1807,35.346300,-101.380508,us_census_gazetteer,approximate_city
1810,36.392868,-100.797656,us_census_gazetteer,approximate_city
1829,27.241608,-80.829311,us_census_gazetteer,approximate_city
1832,31.187804,-89.251120,osm_nominatim,poi_match
1834,32.539540,-94.349470,us_census_batch,street_interpolated
1849,31.426987,-100.512105,osm_nominatim,poi_match
1855,42.809460,-85.726365,us_census_gazetteer,approximate_city
1858,29.462809,-98.524635,us_census_gazetteer,approximate_city
1859,38.667772,-80.713461,us_census_gazetteer,approximate_city
1860,38.862427,-84.615043,us_census_gazetteer,approximate_city
1861,35.216992,-114.010529,us_census_gazetteer,approximate_city
1866,42.113495,-86.447250,us_census_gazetteer,approximate_city
1873,41.805384,-86.328799,us_census_batch,street_interpolated
1874,32.703436,-96.605041,osm_nominatim,poi_match
1879,44.676134,-93.251743,us_census_gazetteer,approximate_city
1888,31.839175,-100.985878,us_census_gazetteer,approximate_city
1889,36.332047,-102.074001,osm_nominatim,poi_match
1893,32.725827,-96.298003,us_census_gazetteer,approximate_city
1894,28.486991,-98.143575,osm_nominatim,poi_match
1897,32.458548,-99.856006,osm_nominatim,poi_match
1905,33.659580,-96.903694,us_census_gazetteer,approximate_city
1909,37.761417,-113.055768,osm_nominatim,poi_match
1914,38.993460,-110.173424,us_census_gazetteer,approximate_city
1921,40.657328,-111.493756,us_census_gazetteer,approximate_city
1923,38.938839,-111.865209,us_census_gazetteer,approximate_city
1930,37.278109,-97.406672,us_census_gazetteer,approximate_city
1931,40.873190,-111.917773,us_census_gazetteer,approximate_city
1934,36.851018,-80.914507,us_census_gazetteer,approximate_city
1936,36.616954,-82.157564,us_census_gazetteer,approximate_city
1940,37.082959,-80.691085,osm_nominatim,poi_match
1944,36.577500,-80.760100,geonames_centroid,approximate_city
1950,38.339903,-77.073828,osm_nominatim,poi_match
1951,38.137762,-79.069653,osm_nominatim,poi_match
1953,38.135552,-78.187406,us_census_gazetteer,approximate_city
1954,36.721901,-76.639094,osm_nominatim,poi_match
1956,38.946542,-78.440046,us_census_gazetteer,approximate_city
1958,36.936055,-80.994217,osm_nominatim,poi_match
1960,44.266448,-72.571524,us_census_gazetteer,approximate_city
1962,38.347886,-82.941540,osm_nominatim,poi_match
1976,47.666935,-117.433322,us_census_gazetteer,approximate_city
1977,46.444721,-122.852230,us_census_gazetteer,approximate_city
1983,45.120243,-91.461746,us_census_batch,street_interpolated
1985,43.919721,-90.269703,us_census_gazetteer,approximate_city
2000,45.086794,-87.632443,us_census_gazetteer,approximate_city
2002,46.721140,-92.106071,osm_nominatim,poi_match
2009,43.750110,-87.745338,osm_nominatim,poi_match
2020,39.659396,-79.640606,us_census_gazetteer,approximate_city
2021,38.410651,-82.434689,us_census_gazetteer,approximate_city
2022,38.535700,-81.034800,geonames_centroid,approximate_city
2029,42.849882,-106.390830,us_census_gazetteer,approximate_city
2030,42.842120,-106.321282,us_census_gazetteer,approximate_city
2034,41.128702,-104.790778,us_census_gazetteer,approximate_city
2040,42.754773,-105.397802,us_census_gazetteer,approximate_city
2041,41.180212,-104.074782,us_census_gazetteer,approximate_city
2044,41.675067,-107.976792,osm_nominatim,poi_match
2074,29.452103,-98.514623,osm_nominatim,poi_match
2076,33.595233,-99.258469,us_census_gazetteer,approximate_city
2078,33.462574,-101.675153,us_census_batch,street_interpolated
2084,31.567325,-103.005948,us_census_gazetteer,approximate_city
2087,41.740256,-111.841764,us_census_gazetteer,approximate_city
2088,38.788760,-112.081747,osm_nominatim,poi_match
2089,41.972822,-112.716407,us_census_gazetteer,approximate_city
2115,43.531789,-89.985286,osm_nominatim,poi_match
2125,41.305955,-105.608637,us_census_gazetteer,approximate_city
2144,39.619976,-77.407695,us_census_gazetteer,approximate_city
2152,43.644789,-94.464015,us_census_gazetteer,approximate_city
2167,45.526658,-94.171007,us_census_gazetteer,approximate_city
2182,37.932468,-79.232704,osm_nominatim,poi_match
2192,38.165300,-80.797600,geonames_centroid,approximate_city
2194,39.044460,-82.644658,us_census_gazetteer,approximate_city
2196,41.161567,-81.242058,us_census_gazetteer,approximate_city
2204,34.057591,-87.548643,us_census_gazetteer,approximate_city
2209,34.781752,-92.235057,us_census_gazetteer,approximate_city
2219,34.119873,-83.761468,osm_nominatim,poi_match
2223,32.367124,-81.884004,osm_nominatim,poi_match
2227,41.781756,-88.206469,osm_nominatim,poi_match
2231,38.620122,-90.267208,osm_nominatim,poi_match
2255,41.560358,-83.421006,osm_nominatim,poi_match
2267,36.529754,-86.648009,osm_nominatim,poi_match
2283,27.896725,-81.845184,osm_nominatim,poi_match
2287,40.015115,-78.503017,us_census_gazetteer,approximate_city
2306,34.853580,-81.006926,osm_nominatim,poi_match
2310,35.061098,-85.134164,osm_nominatim,poi_match
2311,35.719269,-86.412922,us_census_gazetteer,approximate_city
2331,36.859339,-76.356973,us_census_gazetteer,approximate_city
2336,36.953385,-81.088438,us_census_gazetteer,approximate_city
2340,45.541224,-90.292805,us_census_gazetteer,approximate_city
2557,32.975927,-96.314662,us_census_gazetteer,approximate_city
2602,39.554951,-84.295728,us_census_gazetteer,approximate_city
2623,42.684698,-89.013170,us_census_gazetteer,approximate_city
2626,41.785130,-107.224653,us_census_gazetteer,approximate_city
2629,39.727704,-75.469035,us_census_gazetteer,approximate_city
2635,45.228317,-122.757227,us_census_gazetteer,approximate_city
2638,43.026256,-108.381303,us_census_gazetteer,approximate_city
2640,38.215091,-89.380017,us_census_batch,street_interpolated
2644,40.040287,-105.038310,us_census_gazetteer,approximate_city
2756,39.181198,-81.513616,us_census_gazetteer,approximate_city
2761,39.893170,-96.875067,us_census_gazetteer,approximate_city
2764,36.861360,-101.216256,us_census_gazetteer,approximate_city
2765,38.075971,-102.614723,us_census_gazetteer,approximate_city
2772,41.723974,-85.000440,us_census_batch,street_interpolated
2779,42.572814,-113.730282,osm_nominatim,poi_match
2788,44.156476,-72.067979,us_census_gazetteer,approximate_city
2805,42.428917,-112.123320,us_census_gazetteer,approximate_city
2807,36.586655,-87.413574,osm_nominatim,poi_match
2811,43.051269,-76.562519,osm_nominatim,poi_match
2817,46.675714,-122.977936,osm_nominatim,poi_match
2848,33.487986,-112.930811,us_census_gazetteer,approximate_city
2851,32.675691,-114.599147,osm_nominatim,poi_match
2862,32.407116,-91.187596,us_census_batch,street_interpolated
2864,36.841162,-94.409283,osm_nominatim,poi_match
2875,38.308364,-104.616519,osm_nominatim,poi_match
2883,29.025607,-82.144626,us_census_batch,street_interpolated
2885,30.906213,-84.572652,us_census_gazetteer,approximate_city
2889,34.488302,-87.282707,us_census_gazetteer,approximate_city
2891,39.574341,-119.715154,us_census_gazetteer,approximate_city
2895,40.486484,-81.440151,us_census_gazetteer,approximate_city
2896,46.393130,-116.993472,us_census_gazetteer,approximate_city
2897,41.368447,-110.301994,osm_nominatim,poi_match
2910,46.864700,-96.829080,us_census_gazetteer,approximate_city
2913,36.037628,-83.444895,osm_nominatim,poi_match
2915,43.014547,-112.457870,us_census_gazetteer,approximate_city
2917,37.272189,-79.100105,us_census_gazetteer,approximate_city
2922,35.104780,-106.646809,us_census_gazetteer,approximate_city
2923,37.945100,-77.471400,geonames_centroid,approximate_city
2924,30.922681,-93.993251,us_census_gazetteer,approximate_city
2926,40.355803,-76.727713,osm_nominatim,poi_match
2929,46.861617,-99.916689,osm_nominatim,poi_match
2935,30.411293,-81.566542,osm_nominatim,poi_match
2937,38.862427,-84.615043,us_census_gazetteer,approximate_city
2956,35.270406,-80.837840,osm_nominatim,poi_match
2963,46.905851,-98.693579,us_census_gazetteer,approximate_city
2967,41.538986,-83.644132,us_census_gazetteer,approximate_city
2968,32.518986,-92.077180,us_census_gazetteer,approximate_city
2977,43.828613,-101.501241,us_census_gazetteer,approximate_city
2982,32.988313,-87.788756,osm_nominatim,poi_match
3003,32.322201,-90.958549,us_census_gazetteer,approximate_city
3008,30.331975,-82.960281,osm_nominatim,poi_match
3022,39.790670,-77.726674,us_census_gazetteer,approximate_city
3030,36.047480,-90.290905,us_census_gazetteer,approximate_city
3064,38.075971,-102.614723,us_census_gazetteer,approximate_city
3086,37.450233,-79.121162,osm_nominatim,poi_match
3093,45.180635,-89.700339,us_census_gazetteer,approximate_city
3096,31.268387,-85.416916,osm_nominatim,poi_match
3118,44.980581,-73.460462,osm_nominatim,poi_match
3128,33.292359,-83.967846,us_census_gazetteer,approximate_city
3138,39.109208,-108.641023,osm_nominatim,poi_match
3139,35.601385,-98.124786,us_census_gazetteer,approximate_city
3148,36.845458,-94.376438,us_census_gazetteer,approximate_city
3155,34.683081,-87.594195,us_census_batch,street_interpolated
3163,36.089116,-95.957305,osm_nominatim,poi_match
3164,36.089116,-95.957305,osm_nominatim,poi_match
3165,36.670589,-97.315028,us_census_gazetteer,approximate_city
3167,33.851110,-87.268348,us_census_gazetteer,approximate_city
3171,36.146926,-85.512653,us_census_gazetteer,approximate_city
3176,41.449528,-85.844226,us_census_batch,street_interpolated
3178,47.387970,-122.212727,us_census_gazetteer,approximate_city
3179,41.588276,-87.239227,osm_nominatim,poi_match
3191,35.464125,-86.072895,us_census_gazetteer,approximate_city
3205,43.983473,-96.814745,us_census_gazetteer,approximate_city
3206,46.599611,-95.577104,us_census_gazetteer,approximate_city
3215,28.180471,-81.830032,us_census_gazetteer,approximate_city
3216,36.673774,-87.422506,us_census_gazetteer,approximate_city
3221,35.321499,-91.561264,us_census_batch,street_interpolated
3222,26.241622,-80.133851,us_census_gazetteer,approximate_city
3226,40.351835,-76.716419,osm_nominatim,poi_match
3227,33.005836,-80.179306,us_census_gazetteer,approximate_city
3230,27.225734,-98.139940,osm_nominatim,poi_match
3264,35.273379,-90.464304,us_census_gazetteer,approximate_city
3280,42.751458,-104.451210,osm_nominatim,poi_match
3281,41.002297,-76.851007,us_census_gazetteer,approximate_city
3284,37.493918,-94.278428,us_census_gazetteer,approximate_city
3297,41.128702,-104.790778,us_census_gazetteer,approximate_city
3316,34.746905,-92.127266,us_census_batch,street_interpolated
3326,43.287522,-76.146571,osm_nominatim,poi_match
3330,43.035300,-70.847500,geonames_centroid,approximate_city
3349,32.384170,-88.689448,us_census_gazetteer,approximate_city
3383,35.467079,-97.513657,us_census_gazetteer,approximate_city
3386,40.168199,-105.100522,us_census_gazetteer,approximate_city
3401,34.368598,-81.091378,us_census_gazetteer,approximate_city
3413,31.957017,-92.653433,us_census_batch,street_interpolated
3415,32.394510,-82.062432,us_census_gazetteer,approximate_city
3418,39.110783,-80.408009,us_census_gazetteer,approximate_city
3421,47.311596,-122.337757,us_census_gazetteer,approximate_city
3422,29.590227,-97.968607,us_census_gazetteer,approximate_city
3427,41.727622,-84.938855,us_census_gazetteer,approximate_city
3432,40.767201,-87.123658,osm_nominatim,poi_match
3435,30.668136,-97.698744,us_census_gazetteer,approximate_city
3444,28.408650,-81.254805,us_census_gazetteer,approximate_city
3460,43.076345,-94.231746,us_census_gazetteer,approximate_city
3464,43.613500,-116.203500,geonames_centroid,approximate_city
3471,32.018043,-81.196492,us_census_gazetteer,approximate_city
3475,35.479281,-80.638032,us_census_gazetteer,approximate_city
3477,43.311693,-72.472065,osm_nominatim,poi_match
3479,32.473708,-83.727809,us_census_gazetteer,approximate_city
3493,34.197125,-84.790021,osm_nominatim,poi_match
3519,30.123528,-93.754548,us_census_gazetteer,approximate_city
3522,30.710043,-94.937930,us_census_gazetteer,approximate_city
3526,40.395364,-84.175659,us_census_gazetteer,approximate_city
3530,42.017743,-94.379422,us_census_gazetteer,approximate_city
3536,35.209902,-101.742119,us_census_batch,street_interpolated
3539,29.573210,-97.941423,us_census_batch,street_interpolated
3545,44.888027,-93.040497,us_census_gazetteer,approximate_city
3580,41.776084,-107.119940,us_census_gazetteer,approximate_city
3585,40.179591,-118.472519,osm_nominatim,poi_match
3588,29.818029,-94.383851,us_census_batch,street_interpolated
3592,41.318335,-110.389387,us_census_gazetteer,approximate_city
3593,37.832579,-112.829623,us_census_gazetteer,approximate_city
3605,39.759460,-94.821143,us_census_gazetteer,approximate_city
3608,39.791331,-88.259876,osm_nominatim,poi_match
3614,41.736003,-86.336782,osm_nominatim,poi_match
3616,41.664071,-83.581861,us_census_gazetteer,approximate_city
3619,39.447167,-87.125558,osm_nominatim,poi_match
3620,39.429125,-83.816172,us_census_gazetteer,approximate_city
3645,41.027650,-77.949720,us_census_gazetteer,approximate_city
3678,27.755616,-98.065812,us_census_gazetteer,approximate_city
3688,42.674952,-82.815160,osm_nominatim,poi_match
3692,35.209045,-80.830990,us_census_gazetteer,approximate_city
3699,40.687688,-85.424650,us_census_gazetteer,approximate_city
3702,44.982500,-74.662600,geonames_centroid,approximate_city
3707,43.654293,-93.364148,us_census_gazetteer,approximate_city
3718,43.768260,-99.312896,osm_nominatim,poi_match
3719,40.508398,-78.635148,us_census_gazetteer,approximate_city
3725,41.519097,-80.046991,us_census_gazetteer,approximate_city
3728,42.634575,-73.754875,osm_nominatim,poi_match
3737,34.549600,-90.654500,geonames_centroid,approximate_city
3745,45.635966,-109.248784,us_census_gazetteer,approximate_city
3759,35.638106,-91.243208,osm_nominatim,poi_match
3767,36.696182,-77.535975,us_census_gazetteer,approximate_city
3772,39.304169,-102.271412,us_census_gazetteer,approximate_city
3774,39.301591,-102.252323,osm_nominatim,poi_match
3781,40.858779,-102.801383,us_census_gazetteer,approximate_city
3783,39.651452,-104.885236,osm_nominatim,poi_match
3794,43.625680,-94.988585,us_census_gazetteer,approximate_city
3817,38.949453,-104.803575,osm_nominatim,poi_match
3843,36.280149,-97.308190,us_census_gazetteer,approximate_city
3868,38.801989,-75.586297,osm_nominatim,poi_match
3888,46.398342,-112.733265,us_census_gazetteer,approximate_city
3889,27.443078,-82.467191,osm_nominatim,poi_match
3907,40.841293,-73.996359,osm_nominatim,poi_match
3908,26.141227,-80.146731,us_census_gazetteer,approximate_city
3927,26.092786,-80.146070,us_census_batch,street_interpolated
3936,36.199381,-86.344634,us_census_gazetteer,approximate_city
3946,39.441446,-92.432585,us_census_batch,street_interpolated
3949,30.192200,-82.637104,us_census_batch,street_interpolated
3956,27.208289,-81.325685,us_census_batch,street_interpolated
3964,42.224209,-85.786161,osm_nominatim,poi_match
3970,32.909826,-96.630334,us_census_gazetteer,approximate_city
3973,35.468013,-97.579349,us_census_batch,street_interpolated
3974,35.389612,-99.428749,us_census_gazetteer,approximate_city
3975,30.278567,-82.122872,us_census_batch,street_interpolated
3979,41.562286,-87.353821,osm_nominatim,poi_match
4006,33.208591,-92.720724,osm_nominatim,poi_match
4008,44.874794,-92.374741,us_census_batch,street_interpolated
4025,34.513340,-82.647877,osm_nominatim,poi_match
4035,35.280462,-93.092048,osm_nominatim,poi_match
4062,37.004398,-79.884762,us_census_gazetteer,approximate_city
4063,31.359338,-89.349965,osm_nominatim,poi_match
4080,25.775163,-80.208615,us_census_gazetteer,approximate_city
4101,36.292500,-95.222800,geonames_centroid,approximate_city
4113,36.406702,-97.869861,us_census_gazetteer,approximate_city
4115,33.825435,-84.362183,osm_nominatim,poi_match
4119,31.506114,-82.854335,us_census_gazetteer,approximate_city
4156,29.437628,-98.379921,osm_nominatim,poi_match
4161,31.800076,-81.433159,osm_nominatim,poi_match
4164,30.858356,-83.947817,osm_nominatim,poi_match
4169,35.216992,-114.010529,us_census_gazetteer,approximate_city
4171,47.487034,-94.882690,us_census_gazetteer,approximate_city
4172,47.725559,-116.944167,us_census_gazetteer,approximate_city
4179,32.194159,-81.195154,osm_nominatim,poi_match
4187,34.579365,-84.943824,us_census_gazetteer,approximate_city
4193,32.686108,-97.020804,us_census_gazetteer,approximate_city
4199,38.875298,-98.698938,us_census_gazetteer,approximate_city
4204,34.770250,-85.541537,osm_nominatim,poi_match
4211,35.778900,-115.323900,geonames_centroid,approximate_city
4220,39.107385,-84.875770,us_census_gazetteer,approximate_city
4222,36.405096,-87.022295,osm_nominatim,poi_match
4223,42.961163,-78.402610,us_census_gazetteer,approximate_city
4227,35.467079,-97.513657,us_census_gazetteer,approximate_city
4233,32.443655,-93.899018,osm_nominatim,poi_match
4239,37.992363,-84.178704,osm_nominatim,poi_match
4241,33.642273,-84.334334,us_census_gazetteer,approximate_city
4267,39.979403,-76.015867,us_census_batch,street_interpolated
4292,41.679794,-93.236280,us_census_gazetteer,approximate_city
4301,46.886102,-102.739616,osm_nominatim,poi_match
4311,32.224300,-86.393200,geonames_centroid,approximate_city
4331,42.498901,-90.707258,us_census_gazetteer,approximate_city
4332,40.750859,-88.001754,osm_nominatim,poi_match
4335,42.447214,-90.841426,us_census_gazetteer,approximate_city
4339,26.250736,-97.729557,osm_nominatim,poi_match
4349,42.465698,-92.269402,us_census_gazetteer,approximate_city
4363,31.900191,-81.310077,us_census_gazetteer,approximate_city
4368,37.221400,-93.544700,geonames_centroid,approximate_city
4372,32.390651,-81.953437,us_census_gazetteer,approximate_city
4373,41.181764,-93.731070,us_census_gazetteer,approximate_city
4389,41.559319,-95.902635,us_census_gazetteer,approximate_city
4395,36.881766,-89.579660,osm_nominatim,poi_match
4417,35.003368,-106.044427,us_census_gazetteer,approximate_city
4419,40.268164,-94.029822,us_census_gazetteer,approximate_city
4427,41.500464,-94.318105,us_census_gazetteer,approximate_city
4431,41.990174,-92.580342,us_census_gazetteer,approximate_city
4437,41.380243,-95.682510,us_census_gazetteer,approximate_city
4441,36.173900,-82.826602,us_census_batch,street_interpolated
4442,34.318818,-78.226661,us_census_gazetteer,approximate_city
4445,45.196810,-93.549317,osm_nominatim,poi_match
4446,35.198064,-101.833107,us_census_gazetteer,approximate_city
4451,43.979035,-96.814359,us_census_batch,street_interpolated
4452,42.492327,-92.351947,us_census_gazetteer,approximate_city
4458,41.668884,-92.013249,us_census_gazetteer,approximate_city
4460,38.724990,-84.823276,us_census_gazetteer,approximate_city
4463,32.469918,-95.386999,osm_nominatim,poi_match
4482,43.613500,-116.203500,geonames_centroid,approximate_city
4492,48.693374,-116.318360,us_census_gazetteer,approximate_city
4525,46.389672,-116.989681,osm_nominatim,poi_match
4528,47.435985,-120.329266,us_census_gazetteer,approximate_city
4533,33.527174,-86.797036,us_census_gazetteer,approximate_city
4544,36.779525,-76.029142,us_census_gazetteer,approximate_city
4555,35.363623,-86.857845,us_census_gazetteer,approximate_city
4560,41.873587,-112.146778,us_census_gazetteer,approximate_city
4563,40.479406,-88.984645,us_census_batch,street_interpolated
4568,42.946229,-74.369778,us_census_gazetteer,approximate_city
4569,37.149639,-88.687354,us_census_gazetteer,approximate_city
4574,40.191730,-88.364903,osm_nominatim,poi_match
4582,46.285017,-96.076110,us_census_gazetteer,approximate_city
4605,36.696182,-77.535975,us_census_gazetteer,approximate_city
4618,32.431470,-93.959889,us_census_gazetteer,approximate_city
4620,28.873773,-82.090520,osm_nominatim,poi_match
4622,37.782332,-79.444320,us_census_gazetteer,approximate_city
4628,38.630435,-77.800301,osm_nominatim,poi_match
4637,40.150678,-89.370273,us_census_gazetteer,approximate_city
4642,39.478666,-87.681924,us_census_batch,street_interpolated
4644,41.542195,-87.851307,osm_nominatim,poi_match
4654,43.073171,-77.945860,osm_nominatim,poi_match
4655,42.220105,-78.030794,us_census_gazetteer,approximate_city
4690,32.698254,-97.608384,us_census_gazetteer,approximate_city
4700,41.305955,-105.608637,us_census_gazetteer,approximate_city
4704,39.625688,-79.319958,us_census_gazetteer,approximate_city
4707,40.153808,-79.741667,us_census_gazetteer,approximate_city
4729,39.808384,-85.290842,us_census_gazetteer,approximate_city
4742,46.918747,-104.005446,us_census_gazetteer,approximate_city
4750,41.572995,-91.262639,us_census_gazetteer,approximate_city
4762,41.916586,-83.384324,us_census_gazetteer,approximate_city
4806,32.753190,-97.771944,us_census_gazetteer,approximate_city
4818,43.142267,-115.663482,osm_nominatim,poi_match
4819,37.166382,-104.510990,osm_nominatim,poi_match
4826,33.580169,-86.127876,us_census_gazetteer,approximate_city
4827,30.036301,-94.154800,osm_nominatim,poi_match
4837,46.341735,-94.644997,us_census_batch,street_interpolated
4856,45.889568,-111.552748,us_census_gazetteer,approximate_city
4858,38.037683,-97.345018,us_census_gazetteer,approximate_city
4860,41.180292,-90.336266,osm_nominatim,poi_match
4872,34.214298,-83.475713,us_census_gazetteer,approximate_city
4874,31.880461,-102.345314,us_census_gazetteer,approximate_city
4878,43.584972,-116.562935,us_census_gazetteer,approximate_city
4881,40.149693,-74.707679,us_census_gazetteer,approximate_city
4885,38.886602,-89.389425,us_census_gazetteer,approximate_city
4887,41.589780,-84.147908,osm_nominatim,poi_match
4894,39.530282,-86.804136,osm_nominatim,poi_match
4905,41.432554,-82.702964,osm_nominatim,poi_match
4909,29.147911,-82.188037,osm_nominatim,poi_match
4910,38.993460,-110.173424,us_census_gazetteer,approximate_city
4918,35.999415,-83.777198,osm_nominatim,poi_match
4920,30.072157,-90.477008,us_census_gazetteer,approximate_city
4921,36.975127,-84.107776,osm_nominatim,poi_match
4927,32.801912,-86.582241,osm_nominatim,poi_match
4933,36.905132,-81.277250,us_census_gazetteer,approximate_city
4977,44.381353,-89.820931,osm_nominatim,poi_match
4981,42.262679,-84.967453,us_census_gazetteer,approximate_city
4983,44.958611,-92.170494,us_census_gazetteer,approximate_city
4996,45.827108,-108.470134,osm_nominatim,poi_match
5003,39.042265,-76.062538,us_census_gazetteer,approximate_city
5006,40.607614,-74.240891,osm_nominatim,poi_match
5024,38.288089,-90.400038,us_census_gazetteer,approximate_city
5030,41.022079,-92.417299,osm_nominatim,poi_match
5044,37.104812,-93.818669,us_census_gazetteer,approximate_city
5050,40.410911,-95.533087,us_census_gazetteer,approximate_city
5056,39.869946,-94.141744,us_census_gazetteer,approximate_city
5057,39.744499,-94.232324,us_census_gazetteer,approximate_city
5060,35.216992,-114.010529,us_census_gazetteer,approximate_city
5064,31.691221,-89.148290,us_census_gazetteer,approximate_city
5079,39.914500,-91.527800,geonames_centroid,approximate_city
5085,39.416202,-80.069855,us_census_batch,street_interpolated
5111,31.346459,-89.315963,us_census_batch,street_interpolated
5117,39.949597,-86.347839,osm_nominatim,poi_match
5128,41.668884,-92.013249,us_census_gazetteer,approximate_city
5131,40.406259,-95.557696,osm_nominatim,poi_match
5132,38.067096,-91.405733,us_census_gazetteer,approximate_city
5160,39.969656,-81.297357,us_census_gazetteer,approximate_city
5163,34.305700,-88.846200,geonames_centroid,approximate_city
5165,36.718935,-86.542357,us_census_batch,street_interpolated
5167,41.470335,-87.259454,osm_nominatim,poi_match
5170,39.996767,-78.236832,osm_nominatim,poi_match
5183,35.584503,-78.146848,osm_nominatim,poi_match
5191,43.392165,-89.404787,us_census_gazetteer,approximate_city
5202,42.325992,-111.298826,us_census_gazetteer,approximate_city
5203,30.557139,-87.704723,us_census_gazetteer,approximate_city
5207,39.123486,-100.845153,us_census_gazetteer,approximate_city
5227,35.311635,-78.612962,us_census_gazetteer,approximate_city
5230,41.644123,-91.150061,osm_nominatim,poi_match
5232,30.490429,-92.419064,us_census_gazetteer,approximate_city
5234,36.921470,-93.927108,us_census_gazetteer,approximate_city
5236,39.638601,-75.807206,osm_nominatim,poi_match
5245,39.836219,-99.891596,us_census_gazetteer,approximate_city
5247,42.860027,-89.058021,us_census_batch,street_interpolated
5249,36.556292,-90.513676,us_census_gazetteer,approximate_city
5254,35.537600,-82.700100,geonames_centroid,approximate_city
5255,38.911617,-94.767469,osm_nominatim,poi_match
5258,30.505650,-90.456493,us_census_gazetteer,approximate_city
5282,37.698576,-98.765936,us_census_gazetteer,approximate_city
5285,40.731485,-74.109985,osm_nominatim,poi_match
5297,47.127850,-119.276384,us_census_gazetteer,approximate_city
5299,36.718935,-86.542357,us_census_batch,street_interpolated
5302,37.416654,-79.878096,us_census_gazetteer,approximate_city
5306,40.959158,-80.660511,osm_nominatim,poi_match
5309,33.736656,-85.287358,us_census_gazetteer,approximate_city
5310,44.470497,-93.295510,osm_nominatim,poi_match
5324,41.353019,-83.115590,us_census_gazetteer,approximate_city
5341,42.788914,-96.174348,osm_nominatim,poi_match
5349,33.207434,-82.387583,us_census_gazetteer,approximate_city
5363,40.240848,-76.436456,osm_nominatim,poi_match
5389,41.228391,-111.968147,us_census_gazetteer,approximate_city
5391,32.268169,-109.230200,us_census_gazetteer,approximate_city
5399,36.978941,-80.961796,us_census_gazetteer,approximate_city
5407,39.566865,-97.646767,us_census_gazetteer,approximate_city
5414,32.741255,-111.594015,us_census_gazetteer,approximate_city
5419,35.192451,-114.070514,osm_nominatim,poi_match
5422,40.760378,-88.001196,us_census_gazetteer,approximate_city
5424,37.403758,-86.873606,us_census_gazetteer,approximate_city
5435,37.283612,-100.343022,us_census_gazetteer,approximate_city
5436,37.422980,-86.499732,us_census_gazetteer,approximate_city
5446,32.466879,-93.792193,us_census_gazetteer,approximate_city
5462,43.489616,-112.035340,us_census_gazetteer,approximate_city
5464,37.603400,-85.892100,geonames_centroid,approximate_city
5474,28.358862,-80.792437,osm_nominatim,poi_match
5477,44.382845,-123.109487,us_census_gazetteer,approximate_city
5479,26.897754,-82.065812,us_census_gazetteer,approximate_city
5491,37.192677,-84.129211,us_census_gazetteer,approximate_city
5492,39.704578,-78.163270,us_census_gazetteer,approximate_city
5522,36.518009,-89.598009,osm_nominatim,poi_match
5523,39.265074,-103.685911,us_census_gazetteer,approximate_city
5529,36.487515,-80.747197,osm_nominatim,poi_match
5537,38.314205,-88.917470,us_census_gazetteer,approximate_city
5554,33.934755,-93.153134,us_census_batch,street_interpolated
5560,38.947290,-92.326387,us_census_gazetteer,approximate_city
5569,37.117001,-92.420243,osm_nominatim,poi_match
5570,30.505650,-90.456493,us_census_gazetteer,approximate_city
5579,41.437438,-97.321386,osm_nominatim,poi_match
5592,34.040519,-80.906099,us_census_gazetteer,approximate_city
5597,30.199020,-93.210835,us_census_gazetteer,approximate_city
5601,37.075027,-88.693374,osm_nominatim,poi_match
5603,40.874146,-81.397134,us_census_gazetteer,approximate_city
5606,46.829484,-100.887060,us_census_gazetteer,approximate_city
5607,32.239260,-96.497380,us_census_gazetteer,approximate_city
5608,32.035341,-93.699665,us_census_gazetteer,approximate_city
5613,46.590938,-120.549400,us_census_gazetteer,approximate_city
5618,40.033106,-86.448155,us_census_gazetteer,approximate_city
5649,30.183623,-90.866567,us_census_gazetteer,approximate_city
5651,38.178013,-85.067466,us_census_batch,street_interpolated
5659,28.327221,-98.113593,osm_nominatim,poi_match
5660,42.161065,-72.614186,osm_nominatim,poi_match
5661,36.149499,-85.477128,osm_nominatim,poi_match
5667,35.485663,-82.999206,us_census_gazetteer,approximate_city
5669,43.911548,-91.361362,us_census_gazetteer,approximate_city
5670,38.314205,-88.917470,us_census_gazetteer,approximate_city
5674,33.579038,-83.475971,us_census_gazetteer,approximate_city
5677,43.853077,-101.483746,osm_nominatim,poi_match
5691,42.113495,-86.447250,us_census_gazetteer,approximate_city
5700,43.743014,-85.504729,osm_nominatim,poi_match
5718,36.064394,-102.520795,osm_nominatim,poi_match
5721,39.149094,-76.776388,us_census_gazetteer,approximate_city
5729,44.889200,-91.909570,us_census_gazetteer,approximate_city
5730,43.326439,-83.080519,us_census_gazetteer,approximate_city
5739,41.963647,-83.353753,osm_nominatim,poi_match
5751,30.685560,-83.187704,us_census_gazetteer,approximate_city
5754,42.832030,-84.220112,us_census_gazetteer,approximate_city
5758,42.993766,-82.433743,us_census_gazetteer,approximate_city
5770,43.501807,-87.847551,us_census_gazetteer,approximate_city
5771,41.882900,-86.588500,geonames_centroid,approximate_city
5774,41.034229,-77.302333,us_census_gazetteer,approximate_city
5780,35.756200,-80.374900,geonames_centroid,approximate_city
5799,43.667463,-93.569887,us_census_gazetteer,approximate_city
5801,36.953385,-81.088438,us_census_gazetteer,approximate_city
5821,45.228317,-122.757227,us_census_gazetteer,approximate_city
5823,32.311755,-81.056351,osm_nominatim,poi_match
5830,42.262679,-84.967453,us_census_gazetteer,approximate_city
5842,41.417833,-87.749894,us_census_gazetteer,approximate_city
5860,44.317616,-93.295204,osm_nominatim,poi_match
5873,44.171122,-93.976380,us_census_gazetteer,approximate_city
5901,46.473091,-96.284242,us_census_gazetteer,approximate_city
5903,45.757207,-94.938130,us_census_batch,street_interpolated
5907,44.785466,-93.469225,osm_nominatim,poi_match
5909,43.948992,-92.066538,osm_nominatim,poi_match
5927,38.436255,-78.873303,us_census_gazetteer,approximate_city
5935,40.008600,-74.789600,geonames_centroid,approximate_city
5942,38.336604,-90.403095,us_census_gazetteer,approximate_city
5944,43.077639,-88.906411,us_census_gazetteer,approximate_city
5946,44.112665,-103.273100,osm_nominatim,poi_match
5949,33.394456,-94.099517,osm_nominatim,poi_match
5951,38.436224,-89.534570,osm_nominatim,poi_match
5963,30.707399,-101.206059,us_census_gazetteer,approximate_city
5965,43.079646,-96.780224,us_census_gazetteer,approximate_city
5971,30.086553,-83.571737,osm_nominatim,poi_match
5979,30.205600,-92.028058,us_census_gazetteer,approximate_city
5980,37.204730,-77.392368,us_census_gazetteer,approximate_city
5990,37.335858,-77.986639,us_census_gazetteer,approximate_city
5996,41.594705,-109.220921,us_census_gazetteer,approximate_city
5999,34.127380,-93.070851,us_census_gazetteer,approximate_city
6001,33.373442,-104.529393,us_census_gazetteer,approximate_city
6009,39.796079,-93.549957,us_census_gazetteer,approximate_city
6010,30.417394,-99.672299,osm_nominatim,poi_match
6018,40.475777,-88.969912,us_census_gazetteer,approximate_city
6033,37.840390,-94.501488,osm_nominatim,poi_match
6037,42.444900,-96.414629,osm_nominatim,poi_match
6041,36.744409,-80.774460,osm_nominatim,poi_match
6047,39.237890,-91.013166,us_census_gazetteer,approximate_city
6051,40.191829,-105.101847,osm_nominatim,poi_match
6057,38.874823,-97.610292,osm_nominatim,poi_match
6058,40.672717,-84.517854,us_census_gazetteer,approximate_city
6068,39.685212,-91.403867,osm_nominatim,poi_match
6082,25.869941,-80.302865,us_census_gazetteer,approximate_city
6083,39.459465,-94.323748,osm_nominatim,poi_match
6087,38.855146,-91.950802,us_census_gazetteer,approximate_city
6093,40.720084,-99.375590,us_census_gazetteer,approximate_city
6096,39.125970,-82.983687,us_census_gazetteer,approximate_city
6097,40.720084,-99.375590,us_census_gazetteer,approximate_city
6106,44.293171,-117.224327,osm_nominatim,poi_match
6111,35.768572,-91.622652,us_census_gazetteer,approximate_city
6150,37.416654,-79.878096,us_census_gazetteer,approximate_city
6154,30.472082,-88.344401,us_census_gazetteer,approximate_city
6164,41.619614,-90.785349,osm_nominatim,poi_match
6165,39.014988,-94.216371,us_census_gazetteer,approximate_city
6167,37.835240,-94.325297,osm_nominatim,poi_match
6172,42.861656,-84.886738,osm_nominatim,poi_match
6173,42.296155,-83.878975,osm_nominatim,poi_match
6175,40.571174,-77.395140,us_census_gazetteer,approximate_city
6179,30.283099,-91.905919,us_census_gazetteer,approximate_city
6180,35.064941,-85.274170,osm_nominatim,poi_match
6182,33.647400,-85.569339,us_census_gazetteer,approximate_city
6188,37.033600,-93.218044,us_census_gazetteer,approximate_city
6198,36.948010,-77.400067,us_census_gazetteer,approximate_city
6200,41.197319,-79.975433,osm_nominatim,poi_match
6206,43.487518,-89.498952,osm_nominatim,poi_match
6212,38.285819,-90.405192,osm_nominatim,poi_match
6214,43.098041,-87.986754,us_census_batch,street_interpolated
6215,42.402900,-73.828300,geonames_centroid,approximate_city
6218,35.513753,-108.743733,us_census_gazetteer,approximate_city
6219,48.236125,-101.277533,us_census_gazetteer,approximate_city
6221,31.847780,-106.431106,us_census_gazetteer,approximate_city
6222,39.354930,-94.766514,osm_nominatim,poi_match
6227,32.793333,-96.766513,us_census_gazetteer,approximate_city
6229,39.935729,-83.611274,osm_nominatim,poi_match
6232,37.861142,-92.399744,us_census_gazetteer,approximate_city
6242,38.814393,-90.958962,us_census_gazetteer,approximate_city
6243,37.126482,-92.103217,us_census_gazetteer,approximate_city
6251,30.283099,-91.905919,us_census_gazetteer,approximate_city
6252,41.538986,-83.644132,us_census_gazetteer,approximate_city
6258,39.791174,-94.797238,osm_nominatim,poi_match
6271,33.217449,-97.141346,us_census_gazetteer,approximate_city
6275,47.487967,-121.768786,us_census_gazetteer,approximate_city
6284,41.575871,-87.176146,osm_nominatim,poi_match
6286,38.002364,-84.190586,us_census_gazetteer,approximate_city
6290,41.397969,-84.124984,us_census_gazetteer,approximate_city
6293,35.181031,-107.903825,osm_nominatim,poi_match
6296,40.342515,-94.870048,us_census_gazetteer,approximate_city
6299,40.821628,-91.175475,us_census_gazetteer,approximate_city
6305,38.299272,-77.486658,us_census_gazetteer,approximate_city
6307,38.795030,-90.612919,us_census_batch,street_interpolated
6308,38.210297,-85.348090,osm_nominatim,poi_match
6309,34.373579,-92.821250,us_census_gazetteer,approximate_city
6310,27.429129,-81.418043,us_census_batch,street_interpolated
6315,39.914500,-91.527800,geonames_centroid,approximate_city
6318,34.710206,-97.224027,us_census_gazetteer,approximate_city
6326,36.940018,-97.343740,osm_nominatim,poi_match
6327,35.991521,-83.968798,us_census_batch,street_interpolated
6330,26.385609,-98.144359,us_census_batch,street_interpolated
6334,30.326900,-85.516900,geonames_centroid,approximate_city
6341,41.785130,-107.224653,us_census_gazetteer,approximate_city
6346,43.873552,-95.119136,us_census_gazetteer,approximate_city
6351,33.614208,-114.483007,us_census_gazetteer,approximate_city
6356,34.311736,-89.943722,osm_nominatim,poi_match
6370,32.918056,-96.438050,us_census_gazetteer,approximate_city
6374,42.115607,-88.505165,us_census_gazetteer,approximate_city
6387,40.628371,-116.948553,us_census_gazetteer,approximate_city
6391,35.872695,-101.973577,osm_nominatim,poi_match
6393,38.239461,-86.362935,osm_nominatim,poi_match
6401,30.448998,-89.076014,osm_nominatim,poi_match
6434,42.509863,-94.175675,us_census_gazetteer,approximate_city
6441,37.109952,-84.081679,us_census_gazetteer,approximate_city
6442,31.691221,-89.148290,us_census_gazetteer,approximate_city
6448,31.698344,-89.116021,osm_nominatim,poi_match
6462,48.813033,-100.062233,us_census_gazetteer,approximate_city
6468,35.295653,-99.628239,us_census_gazetteer,approximate_city
6480,45.324471,-118.086891,us_census_gazetteer,approximate_city
6492,32.230413,-90.159622,us_census_gazetteer,approximate_city
6496,28.090918,-97.817048,us_census_gazetteer,approximate_city
6502,39.982950,-95.188310,us_census_gazetteer,approximate_city
6517,40.724025,-114.025097,us_census_gazetteer,approximate_city
6518,46.235840,-112.119749,us_census_gazetteer,approximate_city
6526,42.737714,-86.066242,osm_nominatim,poi_match
6527,45.630946,-108.925311,us_census_gazetteer,approximate_city
6547,44.272580,-105.498936,us_census_gazetteer,approximate_city
6562,39.601144,-94.790742,osm_nominatim,poi_match
6563,33.669700,-97.152294,osm_nominatim,poi_match
6564,46.266113,-119.121426,us_census_gazetteer,approximate_city
6565,36.168016,-82.819669,us_census_gazetteer,approximate_city
6567,45.665629,-110.555706,us_census_gazetteer,approximate_city
6577,39.640182,-77.722691,us_census_gazetteer,approximate_city
6578,48.502129,-111.862036,us_census_gazetteer,approximate_city
6588,45.870987,-112.097584,us_census_gazetteer,approximate_city
6593,35.191204,-111.618228,osm_nominatim,poi_match
6607,39.104100,-76.619000,geonames_centroid,approximate_city
6608,35.171732,-80.850583,osm_nominatim,poi_match
6628,36.091898,-79.358943,us_census_gazetteer,approximate_city
6632,31.900191,-81.310077,us_census_gazetteer,approximate_city
6633,44.781094,-117.813122,osm_nominatim,poi_match
6640,40.307248,-104.911205,us_census_gazetteer,approximate_city
6642,27.647220,-80.393136,us_census_gazetteer,approximate_city
6646,40.950515,-87.153295,us_census_gazetteer,approximate_city
6655,39.605776,-75.821686,us_census_gazetteer,approximate_city
6659,42.370085,-87.936805,us_census_gazetteer,approximate_city
6661,35.914025,-86.852161,us_census_gazetteer,approximate_city
6663,35.899716,-80.561095,us_census_gazetteer,approximate_city
6677,43.540696,-96.731962,us_census_gazetteer,approximate_city
6693,41.439842,-96.487000,us_census_gazetteer,approximate_city
6701,34.176870,-86.840656,us_census_gazetteer,approximate_city
6704,42.442700,-72.652500,geonames_centroid,approximate_city
6716,46.866504,-96.861168,osm_nominatim,poi_match
6721,46.890100,-96.831543,osm_nominatim,poi_match
6725,47.919595,-97.087328,us_census_gazetteer,approximate_city
6734,38.689020,-104.680559,us_census_gazetteer,approximate_city
6736,40.468725,-93.985963,us_census_gazetteer,approximate_city
6742,45.413555,-94.056389,osm_nominatim,poi_match
6744,48.224112,-101.350701,osm_nominatim,poi_match
6745,30.416917,-91.435901,osm_nominatim,poi_match
6755,34.746905,-92.127266,us_census_batch,street_interpolated
6760,44.307500,-73.549100,geonames_centroid,approximate_city
6765,32.901334,-80.676234,us_census_gazetteer,approximate_city
6806,40.581251,-75.707165,osm_nominatim,poi_match
6810,37.760417,-77.472414,us_census_gazetteer,approximate_city
6811,40.596264,-98.390320,us_census_gazetteer,approximate_city
6823,31.847780,-106.431106,us_census_gazetteer,approximate_city
6840,32.263076,-107.752490,us_census_gazetteer,approximate_city
6842,42.364800,-71.896900,geonames_centroid,approximate_city
6845,40.777453,-99.746755,us_census_gazetteer,approximate_city
6850,42.754773,-105.397802,us_census_gazetteer,approximate_city
6857,39.574341,-119.715154,us_census_gazetteer,approximate_city
6859,42.020278,-97.384906,osm_nominatim,poi_match
6864,34.373579,-92.821250,us_census_gazetteer,approximate_city
6869,40.086261,-80.577049,us_census_gazetteer,approximate_city
6883,40.395178,-77.027730,us_census_gazetteer,approximate_city
6885,38.348692,-81.632324,us_census_gazetteer,approximate_city
6886,39.107931,-108.357330,us_census_gazetteer,approximate_city
6897,42.875511,-100.547067,us_census_gazetteer,approximate_city
6901,41.991488,-96.923325,osm_nominatim,poi_match
6915,43.060594,-70.780349,us_census_gazetteer,approximate_city
6927,32.418723,-85.682509,us_census_gazetteer,approximate_city
6944,45.917917,-119.324435,osm_nominatim,poi_match
6948,40.351641,-76.716432,osm_nominatim,poi_match
6951,45.642783,-118.682273,osm_nominatim,poi_match
6954,41.097030,-74.157229,osm_nominatim,poi_match
6960,41.260088,-110.963739,us_census_gazetteer,approximate_city
6961,41.119229,-104.857710,osm_nominatim,poi_match
6962,41.549363,-109.884876,us_census_gazetteer,approximate_city
6963,41.302300,-74.754000,geonames_centroid,approximate_city
6968,43.772182,-88.440264,us_census_gazetteer,approximate_city
6970,44.963882,-92.730253,us_census_gazetteer,approximate_city
6971,43.251541,-88.184731,osm_nominatim,poi_match
6975,43.227335,-89.345702,us_census_gazetteer,approximate_city
6976,44.291128,-88.320399,us_census_gazetteer,approximate_city
6980,43.227335,-89.345702,us_census_gazetteer,approximate_city
6981,42.745691,-90.341247,osm_nominatim,poi_match
6984,38.394071,-82.000991,us_census_batch,street_interpolated
6986,47.243584,-122.432670,us_census_batch,street_interpolated
6987,47.000124,-120.549540,us_census_gazetteer,approximate_city
6992,46.951817,-122.940685,osm_nominatim,poi_match
6994,47.666935,-117.433322,us_census_gazetteer,approximate_city
6999,36.599646,-78.150859,osm_nominatim,poi_match
7003,37.760417,-77.472414,us_census_gazetteer,approximate_city
7004,36.679376,-76.301788,us_census_gazetteer,approximate_city
7005,37.937400,-79.221900,geonames_centroid,approximate_city
7007,41.681306,-91.566662,osm_nominatim,poi_match
7013,38.275872,-112.638098,us_census_gazetteer,approximate_city
7016,40.539396,-112.307843,us_census_gazetteer,approximate_city
7018,40.776928,-111.930991,us_census_gazetteer,approximate_city
7023,35.198064,-101.833107,us_census_gazetteer,approximate_city
7037,31.034721,-104.856533,osm_nominatim,poi_match
7045,36.718808,-108.167745,osm_nominatim,poi_match
7051,32.705221,-100.865633,osm_nominatim,poi_match
7056,32.469389,-100.408651,us_census_gazetteer,approximate_city
7058,33.551834,-101.834892,osm_nominatim,poi_match
7059,32.238341,-101.485739,us_census_gazetteer,approximate_city
7064,31.763224,-106.490535,osm_nominatim,poi_match
7066,29.873610,-97.936725,us_census_gazetteer,approximate_city
7072,36.059500,-86.659200,geonames_centroid,approximate_city
7077,35.363623,-86.857845,us_census_gazetteer,approximate_city
7078,35.582552,-89.055432,us_census_batch,street_interpolated
7080,35.003368,-106.044427,us_census_gazetteer,approximate_city
7082,35.011076,-86.877527,osm_nominatim,poi_match
7084,45.459470,-98.515440,us_census_batch,street_interpolated
7087,43.885784,-100.704857,osm_nominatim,poi_match
7088,44.071071,-103.217924,us_census_gazetteer,approximate_city
7092,43.540696,-96.731962,us_census_gazetteer,approximate_city
7095,33.693323,-80.216761,us_census_gazetteer,approximate_city
7106,41.180245,-79.708550,us_census_gazetteer,approximate_city
7112,40.275891,-76.885020,us_census_gazetteer,approximate_city
7116,40.942383,-77.791686,us_census_gazetteer,approximate_city
7121,41.002717,-76.456580,us_census_gazetteer,approximate_city
7126,41.041965,-78.393063,osm_nominatim,poi_match
7128,40.372139,-76.305579,us_census_gazetteer,approximate_city
7129,41.161676,-79.082652,us_census_gazetteer,approximate_city
7131,39.990500,-78.245300,geonames_centroid,approximate_city
7132,35.778900,-115.323900,geonames_centroid,approximate_city
7135,40.199994,-77.204149,us_census_gazetteer,approximate_city
7136,41.010035,-77.523444,us_census_gazetteer,approximate_city
7137,41.136407,-80.010746,us_census_gazetteer,approximate_city
7147,45.536951,-122.649971,us_census_gazetteer,approximate_city
7148,45.539220,-122.392673,us_census_gazetteer,approximate_city
7154,35.467079,-97.513657,us_census_gazetteer,approximate_city
7156,35.467079,-97.513657,us_census_gazetteer,approximate_city
7166,39.892845,-83.438875,us_census_gazetteer,approximate_city
7169,41.099095,-80.645902,us_census_gazetteer,approximate_city
7170,41.158121,-80.564651,us_census_gazetteer,approximate_city
7172,41.538986,-83.644132,us_census_gazetteer,approximate_city
7173,42.059545,-76.141407,osm_nominatim,poi_match
7176,39.750107,-84.634469,us_census_gazetteer,approximate_city
7179,42.892492,-78.859686,us_census_gazetteer,approximate_city
7180,39.965248,-82.486506,us_census_gazetteer,approximate_city
7183,41.882032,-80.674965,us_census_gazetteer,approximate_city
7184,39.653439,-83.551562,us_census_gazetteer,approximate_city
7189,46.905851,-98.693579,us_census_gazetteer,approximate_city
7190,46.926308,-97.676035,us_census_gazetteer,approximate_city
7196,35.245280,-82.329957,osm_nominatim,poi_match
7197,42.951053,-76.976247,osm_nominatim,poi_match
7198,35.666161,-80.492629,us_census_gazetteer,approximate_city
7212,42.413200,-73.415900,geonames_centroid,approximate_city
7213,42.573900,-79.059600,geonames_centroid,approximate_city
7215,42.946229,-74.369778,us_census_gazetteer,approximate_city
7216,42.020017,-76.370402,us_census_gazetteer,approximate_city
7220,42.623308,-73.777061,us_census_batch,street_interpolated
7222,34.936051,-104.675021,us_census_gazetteer,approximate_city
7225,34.438569,-103.194194,us_census_gazetteer,approximate_city
7226,32.326444,-106.789695,us_census_gazetteer,approximate_city
7227,32.127881,-106.657073,us_census_gazetteer,approximate_city
7228,35.104780,-106.646809,us_census_gazetteer,approximate_city
7229,35.513753,-108.743733,us_census_gazetteer,approximate_city
7230,32.263076,-107.752490,us_census_gazetteer,approximate_city
7231,35.104780,-106.646809,us_census_gazetteer,approximate_city
7234,40.656886,-75.076225,us_census_gazetteer,approximate_city
7237,40.925868,-75.094062,us_census_gazetteer,approximate_city
7239,39.839975,-75.239960,us_census_gazetteer,approximate_city
7240,40.704570,-74.971525,us_census_gazetteer,approximate_city
7244,36.233499,-115.264037,us_census_gazetteer,approximate_city
7248,36.233499,-115.264037,us_census_gazetteer,approximate_city
7263,41.052189,-102.070521,osm_nominatim,poi_match
7264,40.866567,-98.468050,us_census_gazetteer,approximate_city
7265,41.160187,-100.998528,us_census_gazetteer,approximate_city
7267,41.129595,-101.720677,us_census_gazetteer,approximate_city
7268,41.262705,-96.053475,us_census_gazetteer,approximate_city
7269,40.887157,-98.341343,us_census_batch,street_interpolated
7282,43.252136,-73.669046,osm_nominatim,poi_match
7284,46.874359,-114.026136,us_census_gazetteer,approximate_city
7285,42.158886,-78.745041,osm_nominatim,poi_match
7286,46.948073,-114.128756,osm_nominatim,poi_match
7288,45.674007,-108.776789,us_census_gazetteer,approximate_city
7289,37.274932,-93.115331,osm_nominatim,poi_match
7291,39.007033,-94.128441,us_census_gazetteer,approximate_city
7293,36.756800,-89.567477,us_census_gazetteer,approximate_city
7299,38.947306,-91.935419,us_census_gazetteer,approximate_city
7300,37.672131,-92.659670,us_census_gazetteer,approximate_city
7310,33.985086,-89.896060,us_census_gazetteer,approximate_city
7312,40.027979,-81.040933,us_census_gazetteer,approximate_city
7314,32.384170,-88.689448,us_census_gazetteer,approximate_city
7323,45.757207,-94.938130,us_census_batch,street_interpolated
7326,43.654293,-93.364148,us_census_gazetteer,approximate_city
7327,42.106888,-84.989098,osm_nominatim,poi_match
7331,38.526333,-82.666119,osm_nominatim,poi_match
7332,42.140058,-83.192914,us_census_gazetteer,approximate_city
7335,41.882900,-86.588500,geonames_centroid,approximate_city
7337,42.337704,-85.182819,osm_nominatim,poi_match
7341,42.061700,-71.339600,geonames_centroid,approximate_city
7344,42.534914,-70.989289,osm_nominatim,poi_match
7353,44.829625,-68.788767,us_census_gazetteer,approximate_city
7354,43.099481,-70.747891,osm_nominatim,poi_match
7357,30.288913,-89.782926,us_census_gazetteer,approximate_city
7360,30.555523,-91.955962,us_census_gazetteer,approximate_city
7364,41.165648,-80.696089,us_census_gazetteer,approximate_city
7370,37.046483,-86.209474,osm_nominatim,poi_match
7371,37.523067,-85.882321,osm_nominatim,poi_match
7372,38.860563,-84.610263,osm_nominatim,poi_match
7379,36.718029,-86.557576,us_census_gazetteer,approximate_city
7382,38.993405,-84.648186,us_census_gazetteer,approximate_city
7385,39.023449,-99.881455,us_census_gazetteer,approximate_city
7387,39.117900,-100.810748,osm_nominatim,poi_match
7389,39.423166,-81.446426,us_census_gazetteer,approximate_city
7396,41.247973,-82.699365,osm_nominatim,poi_match
7398,41.660174,-93.499782,osm_nominatim,poi_match
7403,41.179755,-83.668259,us_census_gazetteer,approximate_city
7406,42.435927,-96.372532,osm_nominatim,poi_match
7407,41.587319,-90.780518,us_census_gazetteer,approximate_city
7408,41.031673,-82.681250,us_census_batch,street_interpolated
7410,41.630211,-93.779431,osm_nominatim,poi_match
7412,40.314005,-85.501005,us_census_gazetteer,approximate_city
7416,40.950515,-87.153295,us_census_gazetteer,approximate_city
7417,41.371845,-86.507265,us_census_batch,street_interpolated
7418,40.758651,-86.070561,us_census_gazetteer,approximate_city
7421,39.812084,-85.170820,us_census_gazetteer,approximate_city
7425,39.444576,-87.127759,osm_nominatim,poi_match
7429,39.611280,-86.480925,osm_nominatim,poi_match
7435,40.769405,-87.129724,us_census_gazetteer,approximate_city
7436,39.947968,-86.357466,osm_nominatim,poi_match
7437,39.351019,-85.501189,us_census_gazetteer,approximate_city
7457,39.120662,-88.550859,us_census_gazetteer,approximate_city
7459,41.380229,-88.424332,us_census_gazetteer,approximate_city
7466,37.740277,-88.964448,osm_nominatim,poi_match
7469,38.651962,-90.131455,osm_nominatim,poi_match
7471,40.313579,-89.168606,us_census_gazetteer,approximate_city
7482,43.613500,-116.203500,geonames_centroid,approximate_city
7492,32.787637,-85.305769,us_census_gazetteer,approximate_city
7495,33.620689,-84.384440,osm_nominatim,poi_match
7504,34.370846,-84.921192,us_census_gazetteer,approximate_city
7506,33.026980,-85.038261,us_census_gazetteer,approximate_city
7523,43.857225,-83.964629,us_census_gazetteer,approximate_city
7533,28.805813,-82.007324,us_census_gazetteer,approximate_city
7534,30.299164,-81.982926,us_census_batch,street_interpolated
7535,27.945162,-82.507421,osm_nominatim,poi_match
7543,41.280000,-72.810600,geonames_centroid,approximate_city
7545,41.229827,-73.047406,osm_nominatim,poi_match
7546,41.453100,-71.872700,geonames_centroid,approximate_city
7551,39.698399,-104.577223,us_census_gazetteer,approximate_city
7552,39.772675,-105.104801,us_census_gazetteer,approximate_city
7553,40.259263,-103.636334,us_census_gazetteer,approximate_city
7574,35.601385,-98.124786,us_census_gazetteer,approximate_city
7611,35.040543,-97.947173,us_census_gazetteer,approximate_city
7615,34.904624,-110.167210,us_census_gazetteer,approximate_city
7617,32.153036,-110.870773,us_census_gazetteer,approximate_city
7622,36.900473,-95.925291,us_census_gazetteer,approximate_city
7624,32.251804,-109.835698,us_census_gazetteer,approximate_city
7625,35.507101,-98.970503,us_census_gazetteer,approximate_city
7627,34.429427,-97.174438,us_census_gazetteer,approximate_city
7629,34.683269,-87.594720,us_census_batch,street_interpolated
7635,32.360935,-86.380148,us_census_batch,street_interpolated
7636,33.173307,-87.478897,osm_nominatim,poi_match
7655,35.215604,-99.868683,us_census_gazetteer,approximate_city
7705,35.216992,-114.010529,us_census_gazetteer,approximate_city
7708,26.619820,-81.831673,us_census_gazetteer,approximate_city
7715,37.109952,-84.081679,us_census_gazetteer,approximate_city
7718,38.475586,-90.851446,osm_nominatim,poi_match
7719,38.819056,-91.137933,us_census_gazetteer,approximate_city
7721,47.106473,-104.710856,us_census_gazetteer,approximate_city
7722,40.829350,-97.599910,osm_nominatim,poi_match
7724,41.341281,-83.417291,us_census_batch,street_interpolated
7725,40.799562,-81.703719,us_census_gazetteer,approximate_city
7733,35.198064,-101.833107,us_census_gazetteer,approximate_city
7746,34.537864,-101.774434,us_census_gazetteer,approximate_city
7753,35.743797,-95.356405,us_census_gazetteer,approximate_city
7767,41.098869,-104.853922,osm_nominatim,poi_match
7768,41.138911,-104.779037,osm_nominatim,poi_match
7792,33.292359,-83.967846,us_census_gazetteer,approximate_city
7798,30.849224,-81.668699,osm_nominatim,poi_match
7825,37.981425,-85.702007,us_census_gazetteer,approximate_city
7838,44.780864,-93.033640,osm_nominatim,poi_match
7871,34.389212,-103.050682,us_census_gazetteer,approximate_city
7873,40.719113,-116.106149,osm_nominatim,poi_match
7886,39.856678,-84.791916,us_census_gazetteer,approximate_city
7930,35.456319,-86.045360,osm_nominatim,poi_match
7946,42.534435,-88.956606,us_census_batch,street_interpolated
7959,41.100171,-104.848735,osm_nominatim,poi_match
8840,35.467079,-97.513657,us_census_gazetteer,approximate_city
8895,34.762541,-97.196030,us_census_batch,street_interpolated
8927,35.234772,-96.649329,us_census_gazetteer,approximate_city
8936,36.578174,-79.858290,us_census_gazetteer,approximate_city
8948,39.704697,-111.833350,us_census_gazetteer,approximate_city
8961,31.400746,-103.486345,osm_nominatim,poi_match
8977,34.358433,-98.356883,us_census_gazetteer,approximate_city
8987,35.517003,-95.164221,us_census_gazetteer,approximate_city
9160,40.819572,-98.604176,us_census_gazetteer,approximate_city
9161,40.593648,-75.478393,us_census_gazetteer,approximate_city
9206,44.664150,-70.148991,osm_nominatim,poi_match
9216,40.510368,-75.391920,us_census_gazetteer,approximate_city
9241,40.156817,-75.833094,osm_nominatim,poi_match
9280,41.332100,-75.281900,geonames_centroid,approximate_city
9289,41.781996,-75.706221,us_census_gazetteer,approximate_city
9340,40.028441,-76.176080,us_census_gazetteer,approximate_city
9354,39.733250,-80.081989,us_census_gazetteer,approximate_city
9365,34.338940,-79.433564,us_census_gazetteer,approximate_city
9381,41.537610,-75.738270,us_census_gazetteer,approximate_city
9382,39.750107,-84.634469,us_census_gazetteer,approximate_city
9383,39.965248,-82.486506,us_census_gazetteer,approximate_city
9386,41.179755,-83.668259,us_census_gazetteer,approximate_city
9403,40.659213,-75.072883,osm_nominatim,poi_match
9415,40.044015,-75.387862,osm_nominatim,poi_match
9423,38.947306,-91.935419,us_census_gazetteer,approximate_city
9449,33.894182,-81.061820,us_census_batch,street_interpolated
9451,38.416179,-95.862482,us_census_gazetteer,approximate_city
9467,41.599822,-87.054996,us_census_gazetteer,approximate_city
9468,41.590255,-87.238524,osm_nominatim,poi_match
9469,35.018617,-81.804121,us_census_gazetteer,approximate_city
9485,33.721154,-84.903439,osm_nominatim,poi_match
9513,33.508992,-81.971574,osm_nominatim,poi_match
9525,34.716622,-81.019577,us_census_gazetteer,approximate_city
9528,38.475400,-81.880500,geonames_centroid,approximate_city
9542,33.971510,-80.949870,osm_nominatim,poi_match
9550,43.799976,-90.079554,us_census_gazetteer,approximate_city
9553,43.708788,-89.893654,us_census_gazetteer,approximate_city
9554,44.650159,-103.860493,osm_nominatim,poi_match
9614,43.746962,-98.956559,us_census_gazetteer,approximate_city
9618,33.343905,-96.591480,osm_nominatim,poi_match
9638,34.197741,-79.683868,us_census_batch,street_interpolated
9668,43.692111,-98.445005,osm_nominatim,poi_match
9675,35.970680,-83.949270,us_census_gazetteer,approximate_city
9699,40.785704,-81.397902,osm_nominatim,poi_match
9703,41.785545,-80.853868,osm_nominatim,poi_match
9712,36.079180,-79.572345,us_census_gazetteer,approximate_city
9713,42.746080,-96.832718,us_census_gazetteer,approximate_city
9717,43.927267,-100.301123,us_census_gazetteer,approximate_city
9724,43.405802,-76.126370,us_census_gazetteer,approximate_city
9746,40.658106,-118.144098,us_census_gazetteer,approximate_city
9747,40.869389,-97.592739,us_census_gazetteer,approximate_city
9763,39.759460,-94.821143,us_census_gazetteer,approximate_city
9783,32.891320,-89.968775,us_census_gazetteer,approximate_city
9803,35.991521,-83.968798,us_census_batch,street_interpolated
9808,42.332256,-83.881027,us_census_gazetteer,approximate_city
9812,35.970680,-83.949270,us_census_gazetteer,approximate_city
9818,44.836836,-69.287563,osm_nominatim,poi_match
9821,35.997780,-86.594793,osm_nominatim,poi_match
9842,37.921583,-95.170011,us_census_batch,street_interpolated
9843,39.085423,-96.028015,us_census_gazetteer,approximate_city
9851,42.527411,-90.725016,osm_nominatim,poi_match
9855,39.555138,-86.074352,us_census_gazetteer,approximate_city
9860,41.060392,-86.198313,us_census_gazetteer,approximate_city
9862,41.572611,-87.401880,osm_nominatim,poi_match
9887,27.896279,-80.621788,osm_nominatim,poi_match
9941,32.741255,-111.594015,us_census_gazetteer,approximate_city
9945,32.629971,-85.438069,osm_nominatim,poi_match
9959,37.938902,-77.467583,osm_nominatim,poi_match
9962,26.149943,-98.254911,osm_nominatim,poi_match
9971,42.562482,-77.696927,us_census_gazetteer,approximate_city
9973,41.097030,-74.157229,osm_nominatim,poi_match
9990,35.170593,-88.595102,us_census_gazetteer,approximate_city
9995,41.613243,-93.797871,us_census_gazetteer,approximate_city
9997,33.681793,-85.150222,osm_nominatim,poi_match
10006,38.243075,-96.929155,us_census_gazetteer,approximate_city
10007,32.047879,-81.164398,osm_nominatim,poi_match
10014,36.169133,-86.599889,osm_nominatim,poi_match
10015,36.171800,-86.785002,us_census_gazetteer,approximate_city
10020,43.603303,-73.275034,osm_nominatim,poi_match
10024,39.535860,-110.734374,us_census_gazetteer,approximate_city
10028,41.053501,-86.603678,us_census_gazetteer,approximate_city
10030,37.153528,-81.152495,us_census_gazetteer,approximate_city
10033,38.296517,-77.498090,osm_nominatim,poi_match
10047,48.174083,-111.946593,us_census_gazetteer,approximate_city
10053,41.556655,-89.100507,us_census_gazetteer,approximate_city
10057,39.779500,-86.132800,geonames_centroid,approximate_city
10058,31.549964,-85.285679,osm_nominatim,poi_match
10065,33.674529,-94.126627,us_census_gazetteer,approximate_city
10077,35.149554,-90.199266,us_census_gazetteer,approximate_city
10085,32.786351,-115.560206,us_census_gazetteer,approximate_city
10101,33.524066,-82.033429,osm_nominatim,poi_match
10104,33.415326,-84.752379,osm_nominatim,poi_match
10109,42.034300,-92.906266,us_census_gazetteer,approximate_city
10110,43.584972,-116.562935,us_census_gazetteer,approximate_city
10116,41.919149,-89.063661,us_census_gazetteer,approximate_city
10122,41.590740,-87.347113,us_census_gazetteer,approximate_city
10126,38.494822,-85.767036,us_census_gazetteer,approximate_city
10128,37.817231,-94.706190,osm_nominatim,poi_match
10135,38.369881,-97.664518,us_census_gazetteer,approximate_city
10142,36.718935,-86.542357,us_census_batch,street_interpolated
10144,37.070892,-88.644477,us_census_gazetteer,approximate_city
10146,36.722358,-84.168304,osm_nominatim,poi_match
10150,30.505650,-90.456493,us_census_gazetteer,approximate_city
10154,30.524897,-92.081654,us_census_gazetteer,approximate_city
10157,42.809460,-85.726365,us_census_gazetteer,approximate_city
10161,42.825304,-84.542151,osm_nominatim,poi_match
10168,42.267899,-84.424763,osm_nominatim,poi_match
10172,43.419945,-83.950172,us_census_gazetteer,approximate_city
10181,38.253950,-90.400722,osm_nominatim,poi_match
10184,34.311736,-89.943722,osm_nominatim,poi_match
10192,31.542438,-91.385649,us_census_gazetteer,approximate_city
20000,35.600767,-78.127935,us_census_gazetteer,approximate_city
20003,35.696962,-80.884971,us_census_gazetteer,approximate_city
20006,48.672812,-102.072030,us_census_gazetteer,approximate_city
20009,41.060902,-102.074466,us_census_gazetteer,approximate_city
20011,42.028216,-97.427807,us_census_gazetteer,approximate_city
20012,41.091784,-96.254731,osm_nominatim,poi_match
20014,43.643800,-72.146872,us_census_gazetteer,approximate_city
20019,39.713271,-75.470550,osm_nominatim,poi_match
20024,32.326444,-106.789695,us_census_gazetteer,approximate_city
20027,35.170291,-103.705046,us_census_gazetteer,approximate_city
20028,36.289865,-115.089181,us_census_gazetteer,approximate_city
20031,40.964432,-117.724582,us_census_gazetteer,approximate_city
20033,42.336093,-77.316860,us_census_gazetteer,approximate_city
20036,43.145054,-78.877748,us_census_gazetteer,approximate_city
20042,41.538986,-83.644132,us_census_gazetteer,approximate_city
20043,41.509718,-82.938339,us_census_gazetteer,approximate_city
20045,41.165648,-80.696089,us_census_gazetteer,approximate_city
20049,34.617172,-98.421400,us_census_gazetteer,approximate_city
20050,35.240569,-97.345299,us_census_gazetteer,approximate_city
20054,45.324471,-118.086891,us_census_gazetteer,approximate_city
20062,41.025500,-75.976800,geonames_centroid,approximate_city
20066,42.217574,-79.829502,osm_nominatim,poi_match
20070,41.404500,-75.183000,geonames_centroid,approximate_city
20072,34.915337,-82.108093,osm_nominatim,poi_match
20079,36.082712,-87.094983,osm_nominatim,poi_match
20082,33.356968,-97.696026,us_census_gazetteer,approximate_city
20083,31.986731,-106.598634,us_census_gazetteer,approximate_city
20086,33.217449,-97.141346,us_census_gazetteer,approximate_city
20105,33.160278,-95.232770,osm_nominatim,poi_match
20108,29.218448,-98.410720,osm_nominatim,poi_match
20109,29.219615,-98.415054,osm_nominatim,poi_match
20114,29.818029,-94.383851,us_census_batch,street_interpolated
20118,44.305224,-90.845057,osm_nominatim,poi_match
20119,44.259933,-88.870137,us_census_gazetteer,approximate_city
20121,37.773148,-81.161550,us_census_gazetteer,approximate_city
44228,42.895234,-82.768258,us_census_gazetteer,approximate_city
52040,46.017142,-122.841937,us_census_gazetteer,approximate_city
52048,30.559530,-88.205636,osm_nominatim,poi_match
52052,33.218982,-92.664071,us_census_gazetteer,approximate_city
52065,28.784289,-82.123072,us_census_gazetteer,approximate_city
52067,33.762909,-84.422675,us_census_gazetteer,approximate_city
52070,30.839068,-82.007342,us_census_gazetteer,approximate_city
52081,40.584846,-86.127593,us_census_batch,street_interpolated
52085,38.891654,-98.860114,osm_nominatim,poi_match
52088,36.737459,-88.644491,us_census_gazetteer,approximate_city
52089,31.622318,-91.834430,us_census_gazetteer,approximate_city
52090,31.689820,-93.304466,osm_nominatim,poi_match
52099,43.118744,-83.760688,osm_nominatim,poi_match
52103,34.948353,-88.513618,us_census_gazetteer,approximate_city
52104,34.380293,-88.696217,us_census_gazetteer,approximate_city
52106,45.788538,-108.552475,us_census_gazetteer,approximate_city
52107,35.666161,-80.492629,us_census_gazetteer,approximate_city
52112,43.415731,-73.490513,us_census_gazetteer,approximate_city
52128,36.188614,-86.410263,osm_nominatim,poi_match
52140,46.315712,-120.005762,us_census_gazetteer,approximate_city
52142,42.296155,-83.878975,osm_nominatim,poi_match
52143,34.767898,-84.972812,us_census_gazetteer,approximate_city
52145,39.697658,-86.184868,osm_nominatim,poi_match
52146,42.842120,-106.321282,us_census_gazetteer,approximate_city
52149,38.862427,-84.615043,us_census_gazetteer,approximate_city
52150,42.116594,-80.073503,us_census_gazetteer,approximate_city
52152,41.305955,-105.608637,us_census_gazetteer,approximate_city
52153,42.450687,-87.925147,us_census_gazetteer,approximate_city
52155,41.565900,-72.891800,geonames_centroid,approximate_city
52163,34.164579,-84.801704,us_census_gazetteer,approximate_city
52212,41.785130,-107.224653,us_census_gazetteer,approximate_city
52221,32.793333,-96.766513,us_census_gazetteer,approximate_city
52222,30.123528,-93.754548,us_census_gazetteer,approximate_city
52230,41.228391,-111.968147,us_census_gazetteer,approximate_city
52233,32.675691,-114.599147,osm_nominatim,poi_match
52235,41.305955,-105.608637,us_census_gazetteer,approximate_city
52236,33.393642,-110.741106,us_census_gazetteer,approximate_city
52239,31.462099,-83.520499,us_census_gazetteer,approximate_city
52241,39.074406,-104.844221,us_census_gazetteer,approximate_city
52250,42.097106,-72.054995,us_census_gazetteer,approximate_city
52255,41.687466,-88.106215,us_census_gazetteer,approximate_city
52262,31.467074,-87.349393,us_census_batch,street_interpolated
52278,32.806892,-81.942039,us_census_gazetteer,approximate_city
52297,36.976832,-86.433661,us_census_gazetteer,approximate_city
52299,30.443835,-91.207410,us_census_gazetteer,approximate_city
52302,30.195435,-93.582246,us_census_gazetteer,approximate_city
52304,30.183623,-90.866567,us_census_gazetteer,approximate_city
52307,43.983362,-94.625392,us_census_gazetteer,approximate_city
52313,32.343467,-90.828801,us_census_batch,street_interpolated
52322,40.666367,-74.193503,us_census_gazetteer,approximate_city
52323,40.742202,-74.195218,osm_nominatim,poi_match
52325,42.453110,-75.063462,us_census_batch,street_interpolated
52326,38.818359,-90.953428,osm_nominatim,poi_match
52334,43.797464,-90.061183,osm_nominatim,poi_match
52335,37.155315,-77.274922,osm_nominatim,poi_match
52340,40.426307,-78.430260,us_census_gazetteer,approximate_city
52344,46.829419,-100.729172,osm_nominatim,poi_match
52346,39.266824,-76.496531,us_census_gazetteer,approximate_city
52348,42.354269,-83.063168,osm_nominatim,poi_match
52361,32.793333,-96.766513,us_census_gazetteer,approximate_city
52363,43.219551,-85.569131,osm_nominatim,poi_match
52364,32.459435,-91.759379,osm_nominatim,poi_match
52365,34.138713,-87.970833,us_census_gazetteer,approximate_city
52366,35.483323,-94.226398,us_census_batch,street_interpolated
52367,37.847332,-77.449766,osm_nominatim,poi_match
52383,33.303112,-87.026660,us_census_gazetteer,approximate_city
52384,34.178923,-79.792217,us_census_gazetteer,approximate_city
52385,40.249405,-82.880199,us_census_gazetteer,approximate_city
52387,34.608650,-89.980994,us_census_gazetteer,approximate_city
52388,35.122089,-81.518119,us_census_gazetteer,approximate_city
52393,43.827872,-94.436569,us_census_gazetteer,approximate_city
52400,42.785900,-87.987300,geonames_centroid,approximate_city
52401,35.155456,-92.738932,us_census_gazetteer,approximate_city
52402,32.431470,-93.959889,us_census_gazetteer,approximate_city
52403,30.419487,-89.069022,us_census_gazetteer,approximate_city
52404,41.100202,-114.954723,osm_nominatim,poi_match
52405,41.556820,-90.603948,us_census_gazetteer,approximate_city
52411,40.739794,-111.946139,osm_nominatim,poi_match
52413,41.047364,-83.638093,us_census_gazetteer,approximate_city
52414,48.170372,-122.144553,us_census_gazetteer,approximate_city
52421,41.141410,-78.785678,osm_nominatim,poi_match
52422,44.887906,-91.928026,osm_nominatim,poi_match
52423,45.896232,-112.660071,us_census_gazetteer,approximate_city
52426,34.377019,-86.909547,us_census_gazetteer,approximate_city
52427,39.564770,-119.189433,us_census_gazetteer,approximate_city
52428,33.894182,-81.061820,us_census_batch,street_interpolated
52430,34.913661,-85.121510,us_census_gazetteer,approximate_city
52431,30.959855,-81.718098,us_census_gazetteer,approximate_city
52435,30.229792,-93.356343,us_census_gazetteer,approximate_city
52438,36.586538,-89.528256,osm_nominatim,poi_match
52439,31.256806,-89.338230,osm_nominatim,poi_match
52441,35.583591,-78.148582,osm_nominatim,poi_match
52450,32.516224,-96.821022,osm_nominatim,poi_match
52452,43.895151,-88.629872,us_census_batch,street_interpolated
52454,39.997166,-81.576932,osm_nominatim,poi_match
52455,34.196507,-97.131848,us_census_gazetteer,approximate_city
52456,37.075218,-94.501259,us_census_gazetteer,approximate_city
52458,34.746905,-92.127266,us_census_batch,street_interpolated
52461,40.078824,-74.852483,us_census_gazetteer,approximate_city
52463,36.241244,-115.097789,osm_nominatim,poi_match
52464,41.237947,-76.812520,osm_nominatim,poi_match
52465,35.276328,-93.138743,us_census_gazetteer,approximate_city
52466,39.608037,-75.941655,us_census_gazetteer,approximate_city
52467,34.040519,-80.906099,us_census_gazetteer,approximate_city
52468,35.467079,-97.513657,us_census_gazetteer,approximate_city
52469,33.906654,-98.525848,us_census_gazetteer,approximate_city
52470,41.593596,-93.594804,osm_nominatim,poi_match
52471,40.832487,-83.973383,us_census_gazetteer,approximate_city
52472,40.199994,-77.204149,us_census_gazetteer,approximate_city
52473,39.704697,-111.833350,us_census_gazetteer,approximate_city
52474,42.302579,-85.082114,osm_nominatim,poi_match
52477,46.849713,-96.864960,osm_nominatim,poi_match
52478,38.333895,-82.935811,us_census_gazetteer,approximate_city
52479,34.349921,-83.321294,osm_nominatim,poi_match
52480,34.386353,-96.131101,us_census_gazetteer,approximate_city
52482,30.845378,-81.676064,osm_nominatim,poi_match
52483,38.813085,-97.614477,us_census_gazetteer,approximate_city
52484,41.732052,-92.444981,us_census_gazetteer,approximate_city
52510,38.633091,-83.794860,osm_nominatim,poi_match
52511,39.779500,-86.132800,geonames_centroid,approximate_city
52512,32.469491,-98.675740,us_census_gazetteer,approximate_city
52513,32.272456,-90.091827,us_census_gazetteer,approximate_city
52514,36.756800,-89.567477,us_census_gazetteer,approximate_city
52516,35.024236,-110.709331,us_census_gazetteer,approximate_city
52517,33.919183,-102.334804,us_census_gazetteer,approximate_city
52520,41.980867,-76.516487,osm_nominatim,poi_match
52527,29.368698,-82.197561,us_census_gazetteer,approximate_city
52528,39.013254,-94.127442,osm_nominatim,poi_match
52529,45.217876,-112.634580,us_census_gazetteer,approximate_city
52531,39.125155,-94.550313,us_census_gazetteer,approximate_city
52534,36.097338,-84.128945,us_census_gazetteer,approximate_city
52535,31.458905,-96.066163,us_census_gazetteer,approximate_city
52537,44.579831,-91.213829,us_census_gazetteer,approximate_city
52539,33.685283,-84.311498,osm_nominatim,poi_match
52541,45.926394,-86.974284,us_census_gazetteer,approximate_city
52542,28.339858,-82.278605,us_census_gazetteer,approximate_city
52546,30.921461,-84.603009,osm_nominatim,poi_match
52548,40.780250,-97.812209,us_census_gazetteer,approximate_city
52549,41.437629,-81.801658,osm_nominatim,poi_match
52550,35.807771,-86.396438,osm_nominatim,poi_match
52551,30.761445,-85.256258,us_census_gazetteer,approximate_city
52552,38.730826,-94.468597,us_census_gazetteer,approximate_city
52553,35.079368,-106.745734,osm_nominatim,poi_match
52557,34.576215,-87.957479,us_census_batch,street_interpolated
52558,35.501858,-93.848378,us_census_gazetteer,approximate_city
52562,44.708864,-73.454302,osm_nominatim,poi_match
52563,30.685560,-83.187704,us_census_gazetteer,approximate_city
52564,37.075218,-94.501259,us_census_gazetteer,approximate_city
52565,27.683729,-99.461474,osm_nominatim,poi_match
52566,27.529944,-99.468294,osm_nominatim,poi_match
52575,37.059705,-113.581953,osm_nominatim,poi_match
52577,41.236207,-95.878388,osm_nominatim,poi_match
52580,31.136149,-81.466936,us_census_gazetteer,approximate_city
52581,32.251804,-109.835698,us_census_gazetteer,approximate_city
52582,42.889751,-97.392687,us_census_gazetteer,approximate_city
52585,46.886789,-103.195481,us_census_gazetteer,approximate_city
52587,43.105566,-76.209664,us_census_gazetteer,approximate_city
52588,33.520428,-101.845280,osm_nominatim,poi_match
52590,36.718029,-86.557576,us_census_gazetteer,approximate_city
52591,37.945100,-77.471400,geonames_centroid,approximate_city
52594,40.117846,-80.004420,us_census_gazetteer,approximate_city
52595,40.863607,-75.738695,osm_nominatim,poi_match
52597,40.203143,-77.289984,osm_nominatim,poi_match
52598,40.644006,-75.324584,us_census_gazetteer,approximate_city
52599,40.196761,-76.017442,osm_nominatim,poi_match
52601,34.746905,-92.127266,us_census_batch,street_interpolated
52602,40.136985,-77.554642,us_census_gazetteer,approximate_city
52603,47.452851,-99.131033,us_census_gazetteer,approximate_city
52605,41.427776,-87.757038,osm_nominatim,poi_match
52607,36.022659,-87.341201,osm_nominatim,poi_match
52608,35.721035,-81.188947,osm_nominatim,poi_match
52610,42.116594,-80.073503,us_census_gazetteer,approximate_city
52611,29.369401,-100.888407,osm_nominatim,poi_match
52612,34.822603,-102.400159,us_census_gazetteer,approximate_city
52615,41.465266,-82.060492,osm_nominatim,poi_match
52616,40.115107,-85.573443,osm_nominatim,poi_match
52618,34.705617,-82.466746,us_census_gazetteer,approximate_city
52620,39.348512,-101.713819,us_census_gazetteer,approximate_city
52621,39.348512,-101.713819,us_census_gazetteer,approximate_city
52622,32.131695,-101.792457,us_census_gazetteer,approximate_city
52623,41.896600,-72.262200,geonames_centroid,approximate_city
52624,45.765973,-119.205267,osm_nominatim,poi_match
52625,38.212787,-91.163645,us_census_gazetteer,approximate_city
52626,31.229738,-81.456465,us_census_batch,street_interpolated
52628,33.777771,-113.606047,us_census_gazetteer,approximate_city
52629,47.000124,-120.549540,us_census_gazetteer,approximate_city
52630,44.923900,-123.023007,us_census_gazetteer,approximate_city
52632,39.555138,-86.074352,us_census_gazetteer,approximate_city
52633,36.081679,-79.276742,us_census_gazetteer,approximate_city
52634,40.869389,-97.592739,us_census_gazetteer,approximate_city
52635,35.467079,-97.513657,us_census_gazetteer,approximate_city
52636,38.203242,-87.574735,us_census_gazetteer,approximate_city
52638,31.655721,-103.083694,us_census_gazetteer,approximate_city
52640,41.490794,-87.471047,us_census_batch,street_interpolated
52641,32.188696,-81.194518,osm_nominatim,poi_match
52642,34.509119,-81.858057,osm_nominatim,poi_match
52643,28.712803,-100.484812,us_census_gazetteer,approximate_city
52644,36.254037,-80.894621,us_census_gazetteer,approximate_city
52646,39.709537,-104.720509,us_census_gazetteer,approximate_city
52647,39.896382,-82.541954,us_census_gazetteer,approximate_city
52648,31.727755,-99.957339,osm_nominatim,poi_match
52649,28.792398,-81.231279,us_census_gazetteer,approximate_city
52651,29.699306,-98.115127,us_census_gazetteer,approximate_city
52652,38.276093,-84.553371,osm_nominatim,poi_match
52656,31.169789,-105.657441,osm_nominatim,poi_match
52658,35.429269,-96.300309,us_census_gazetteer,approximate_city
52659,32.343777,-108.702120,us_census_gazetteer,approximate_city
52661,32.781954,-97.348573,us_census_gazetteer,approximate_city
52663,32.599043,-88.182920,us_census_batch,street_interpolated
52664,41.327920,-75.785684,us_census_gazetteer,approximate_city
52667,32.287600,-89.272400,geonames_centroid,approximate_city
52669,40.925868,-75.094062,us_census_gazetteer,approximate_city
52674,32.452218,-99.866537,us_census_gazetteer,approximate_city
52675,46.405823,-105.838944,us_census_gazetteer,approximate_city
52676,41.122269,-78.756154,us_census_gazetteer,approximate_city
52678,31.886052,-100.295123,us_census_gazetteer,approximate_city
52679,40.149693,-74.707679,us_census_gazetteer,approximate_city
52680,30.066102,-81.494141,osm_nominatim,poi_match
52683,36.176671,-94.193321,osm_nominatim,poi_match
52684,41.814474,-90.241302,osm_nominatim,poi_match
52685,34.971935,-90.906496,us_census_batch,street_interpolated
52686,34.963693,-110.329039,us_census_gazetteer,approximate_city
52687,33.667507,-114.217041,us_census_gazetteer,approximate_city
52690,27.426112,-80.342488,us_census_gazetteer,approximate_city
52691,33.682681,-85.263232,osm_nominatim,poi_match
52692,38.731188,-89.908828,osm_nominatim,poi_match
52697,40.164273,-111.619525,us_census_gazetteer,approximate_city
60084,31.185284,-85.236236,us_census_gazetteer,approximate_city
60106,31.291534,-85.711711,us_census_gazetteer,approximate_city
60114,31.325529,-85.846071,us_census_gazetteer,approximate_city
60136,31.356469,-85.327850,osm_nominatim,poi_match
60145,31.087727,-88.013166,us_census_gazetteer,approximate_city
60147,32.665318,-86.930892,us_census_batch,street_interpolated
60191,33.495066,-112.938402,osm_nominatim,poi_match
60206,37.630598,-104.781719,us_census_gazetteer,approximate_city
60208,41.381465,-72.856371,us_census_gazetteer,approximate_city
60220,28.721898,-81.573234,us_census_gazetteer,approximate_city
60224,31.234057,-84.209563,us_census_gazetteer,approximate_city
60226,31.771864,-84.443499,us_census_gazetteer,approximate_city
60229,32.686289,-83.342676,us_census_gazetteer,approximate_city
60230,31.126364,-84.166327,osm_nominatim,poi_match
60242,43.049843,-91.391056,us_census_gazetteer,approximate_city
60243,42.026476,-96.090917,us_census_gazetteer,approximate_city
60245,42.923283,-114.945445,osm_nominatim,poi_match
60248,40.584334,-74.271626,us_census_gazetteer,approximate_city
60250,40.650100,-74.187100,geonames_centroid,approximate_city
60255,40.314356,-88.992276,us_census_gazetteer,approximate_city
60256,41.302300,-74.754000,geonames_centroid,approximate_city
60270,38.658226,-87.160361,us_census_gazetteer,approximate_city
60273,39.395966,-101.052688,osm_nominatim,poi_match
60280,37.049495,-97.401264,us_census_gazetteer,approximate_city
60282,38.472037,-101.754525,us_census_gazetteer,approximate_city
60294,30.283099,-91.905919,us_census_gazetteer,approximate_city
60295,30.217897,-92.374840,us_census_gazetteer,approximate_city
60298,30.420237,-92.043790,us_census_gazetteer,approximate_city
60313,39.396930,-76.407092,osm_nominatim,poi_match
60316,45.874638,-68.416236,osm_nominatim,poi_match
60324,42.383037,-83.102237,us_census_gazetteer,approximate_city
60326,42.976784,-82.763526,osm_nominatim,poi_match
60328,43.018377,-83.634457,osm_nominatim,poi_match
60329,44.657960,-84.711067,us_census_gazetteer,approximate_city
60333,45.953746,-86.248750,osm_nominatim,poi_match
60341,42.106177,-84.992293,osm_nominatim,poi_match
60342,44.751963,-85.634389,osm_nominatim,poi_match
60344,42.673081,-85.641727,us_census_gazetteer,approximate_city
60347,43.651710,-93.353470,osm_nominatim,poi_match
60358,46.870987,-96.578411,us_census_gazetteer,approximate_city
60372,37.191768,-94.292109,osm_nominatim,poi_match
60373,36.922058,-89.313915,osm_nominatim,poi_match
60374,37.874358,-93.621274,osm_nominatim,poi_match
60379,39.242798,-91.642566,us_census_gazetteer,approximate_city
60380,40.526323,-92.531732,us_census_gazetteer,approximate_city
60382,39.125155,-94.550313,us_census_gazetteer,approximate_city
60383,38.908466,-91.454789,us_census_gazetteer,approximate_city
60392,32.320903,-89.807951,us_census_gazetteer,approximate_city
60398,45.665629,-110.555706,us_census_gazetteer,approximate_city
60400,48.776020,-104.557296,us_census_gazetteer,approximate_city
60416,34.342511,-78.709437,osm_nominatim,poi_match
60420,40.103565,-99.365693,us_census_gazetteer,approximate_city
60426,42.866700,-71.512800,geonames_centroid,approximate_city
60434,40.627337,-74.236310,us_census_gazetteer,approximate_city
60442,41.619410,-88.447860,us_census_batch,street_interpolated
60460,40.287593,-81.861989,osm_nominatim,poi_match
60461,39.784743,-84.199632,us_census_gazetteer,approximate_city
60463,40.395364,-84.175659,us_census_gazetteer,approximate_city
60465,40.596746,-83.123185,us_census_gazetteer,approximate_city
60471,41.392123,-81.534680,us_census_gazetteer,approximate_city
60473,40.816014,-81.934708,osm_nominatim,poi_match
60476,36.790402,-95.933712,us_census_gazetteer,approximate_city
60508,40.804055,-75.926617,us_census_gazetteer,approximate_city
60513,33.549388,-79.047547,osm_nominatim,poi_match
60515,34.770117,-80.385705,us_census_gazetteer,approximate_city
60516,33.213065,-80.447784,us_census_gazetteer,approximate_city
60519,44.387201,-98.214848,osm_nominatim,poi_match
60538,30.670627,-96.403083,osm_nominatim,poi_match
60539,30.592400,-93.916724,us_census_batch,street_interpolated
60540,32.576648,-95.854478,osm_nominatim,poi_match
60551,33.476096,-94.409885,osm_nominatim,poi_match
60554,34.205126,-101.729405,osm_nominatim,poi_match
60565,35.215401,-100.246085,us_census_gazetteer,approximate_city
60579,37.289803,-79.910277,osm_nominatim,poi_match
60587,47.373167,-120.142076,us_census_gazetteer,approximate_city
60589,44.949802,-91.153760,us_census_gazetteer,approximate_city
60590,42.676355,-90.120520,us_census_gazetteer,approximate_city
60601,46.648749,-92.108872,us_census_gazetteer,approximate_city
60635,36.287475,-92.481580,us_census_batch,street_interpolated
60650,32.966242,-112.715465,us_census_gazetteer,approximate_city
60700,39.742483,-105.210561,us_census_gazetteer,approximate_city
60707,40.620487,-103.192582,us_census_gazetteer,approximate_city
60708,40.079920,-102.228597,us_census_gazetteer,approximate_city
60762,31.777320,-82.349053,osm_nominatim,poi_match
60768,34.164579,-84.801704,us_census_gazetteer,approximate_city
60773,32.282032,-83.454478,us_census_batch,street_interpolated
60779,33.325285,-83.391275,osm_nominatim,poi_match
60781,32.473552,-83.704016,osm_nominatim,poi_match
60783,34.647841,-83.449878,osm_nominatim,poi_match
60787,33.782487,-84.648488,us_census_gazetteer,approximate_city
60788,32.992865,-82.397188,us_census_gazetteer,approximate_city
60791,32.879765,-83.773331,osm_nominatim,poi_match
60795,31.634039,-83.247939,us_census_batch,street_interpolated
60797,34.266133,-85.186052,us_census_gazetteer,approximate_city
60804,32.867660,-82.395243,us_census_batch,street_interpolated
60807,40.994954,-92.167346,us_census_gazetteer,approximate_city
60817,42.645805,-92.462397,us_census_gazetteer,approximate_city
60822,43.084388,-91.567795,us_census_gazetteer,approximate_city
60829,39.698310,-91.039918,us_census_gazetteer,approximate_city
60833,41.938784,-88.117960,osm_nominatim,poi_match
60834,41.748543,-87.799040,osm_nominatim,poi_match
60839,40.779000,-89.723000,geonames_centroid,approximate_city
60846,41.612711,-90.186575,osm_nominatim,poi_match
60851,41.861746,-88.017925,osm_nominatim,poi_match
60857,38.713598,-88.091803,osm_nominatim,poi_match
60865,41.844537,-87.759290,us_census_gazetteer,approximate_city
60871,41.057645,-89.020260,us_census_batch,street_interpolated
60881,38.298796,-85.963055,us_census_gazetteer,approximate_city
60882,41.562511,-85.797450,osm_nominatim,poi_match
60887,38.393152,-86.940575,us_census_gazetteer,approximate_city
60890,38.829766,-88.780930,us_census_gazetteer,approximate_city
60900,41.674549,-86.616019,osm_nominatim,poi_match
60902,41.737596,-86.334907,osm_nominatim,poi_match
60913,37.975876,-100.850884,us_census_gazetteer,approximate_city
60926,39.828636,-100.533790,osm_nominatim,poi_match
60958,29.784946,-91.509567,us_census_gazetteer,approximate_city
60979,30.195435,-93.582246,us_census_gazetteer,approximate_city
60988,42.175006,-72.923862,us_census_gazetteer,approximate_city
60989,42.195020,-72.932244,osm_nominatim,poi_match
60993,42.311741,-71.429125,osm_nominatim,poi_match
60997,42.172800,-72.471000,geonames_centroid,approximate_city
60998,42.172800,-72.471000,geonames_centroid,approximate_city
61004,42.097106,-72.054995,us_census_gazetteer,approximate_city
61006,42.267441,-71.617492,us_census_gazetteer,approximate_city
61019,38.457629,-75.755482,us_census_gazetteer,approximate_city
61021,38.092700,-75.888200,geonames_centroid,approximate_city
61028,43.596235,-83.867499,osm_nominatim,poi_match
61030,42.291000,-83.465000,geonames_centroid,approximate_city
61032,44.074455,-84.788759,osm_nominatim,poi_match
61034,42.383037,-83.102237,us_census_gazetteer,approximate_city
61037,42.800606,-83.717708,us_census_gazetteer,approximate_city
61038,43.018382,-83.634214,osm_nominatim,poi_match
61042,42.270271,-85.647680,osm_nominatim,poi_match
61057,45.927376,-86.976001,osm_nominatim,poi_match
61063,42.105485,-84.992007,osm_nominatim,poi_match
61076,45.250831,-92.966920,us_census_gazetteer,approximate_city
61080,46.517520,-95.376904,us_census_batch,street_interpolated
61090,48.111241,-96.177562,us_census_gazetteer,approximate_city
61093,43.613409,-95.632948,osm_nominatim,poi_match
61099,38.014442,-90.220352,us_census_gazetteer,approximate_city
61102,38.947290,-92.326387,us_census_gazetteer,approximate_city
61106,38.351151,-92.576678,us_census_gazetteer,approximate_city
61110,39.125155,-94.550313,us_census_gazetteer,approximate_city
61111,39.561848,-94.319853,us_census_gazetteer,approximate_city
61115,39.441446,-92.432585,us_census_batch,street_interpolated
61118,37.726330,-89.876493,us_census_gazetteer,approximate_city
61145,31.248494,-89.276814,osm_nominatim,poi_match
61146,31.890513,-88.990218,us_census_gazetteer,approximate_city
61149,32.351265,-88.690278,osm_nominatim,poi_match
61168,34.951259,-88.904020,osm_nominatim,poi_match
61171,30.857904,-89.337522,us_census_batch,street_interpolated
61176,48.590128,-109.231820,us_census_gazetteer,approximate_city
61182,47.051380,-109.452399,us_census_gazetteer,approximate_city
61193,41.059368,-83.664169,osm_nominatim,poi_match
61195,35.000430,-78.331540,us_census_gazetteer,approximate_city
61205,35.722203,-78.643245,osm_nominatim,poi_match
61210,36.063588,-79.818534,osm_nominatim,poi_match
61254,36.207637,-80.607284,osm_nominatim,poi_match
61266,48.112578,-98.874762,us_census_gazetteer,approximate_city
61269,47.887090,-97.092136,osm_nominatim,poi_match
61271,46.922573,-98.004137,us_census_gazetteer,approximate_city
61291,42.895600,-72.509700,geonames_centroid,approximate_city
61292,40.677164,-74.090110,osm_nominatim,poi_match
61301,39.907400,-75.000800,geonames_centroid,approximate_city
61304,40.313450,-74.520233,us_census_gazetteer,approximate_city
61305,40.316332,-74.509209,osm_nominatim,poi_match
61308,40.826431,-74.062335,us_census_gazetteer,approximate_city
61312,40.534356,-74.857503,us_census_batch,street_interpolated
61326,39.985097,-74.882840,us_census_batch,street_interpolated
61328,40.453800,-74.482300,geonames_centroid,approximate_city
61333,40.847017,-73.997061,us_census_gazetteer,approximate_city
61337,39.727704,-75.469035,us_census_gazetteer,approximate_city
61339,40.675686,-75.140001,osm_nominatim,poi_match
61346,40.781958,-74.067649,us_census_gazetteer,approximate_city
61357,32.936438,-105.963958,osm_nominatim,poi_match
61364,36.753833,-108.180530,us_census_gazetteer,approximate_city
61409,43.247903,-76.722852,us_census_gazetteer,approximate_city
61410,43.114208,-77.623256,osm_nominatim,poi_match
61421,41.397822,-82.222377,osm_nominatim,poi_match
61430,41.304047,-82.975069,osm_nominatim,poi_match
61431,41.304047,-82.975069,osm_nominatim,poi_match
61439,41.518106,-83.359094,osm_nominatim,poi_match
61449,41.283944,-81.223991,osm_nominatim,poi_match
61450,41.283944,-81.223991,osm_nominatim,poi_match
61453,41.571125,-83.666250,us_census_gazetteer,approximate_city
61458,40.917222,-80.605874,osm_nominatim,poi_match
61459,40.917222,-80.605874,osm_nominatim,poi_match
61461,41.655956,-83.438325,us_census_gazetteer,approximate_city
61477,33.936486,-95.517868,us_census_gazetteer,approximate_city
61483,32.466879,-93.792193,us_census_gazetteer,approximate_city
61492,34.303280,-97.156975,osm_nominatim,poi_match
61508,40.030887,-78.492458,osm_nominatim,poi_match
61509,40.030887,-78.492458,osm_nominatim,poi_match
61511,40.476483,-76.287970,us_census_gazetteer,approximate_city
61515,40.199994,-77.204149,us_census_gazetteer,approximate_city
61540,40.152343,-74.852340,us_census_gazetteer,approximate_city
61559,39.999044,-79.046312,osm_nominatim,poi_match
61560,39.999044,-79.046312,osm_nominatim,poi_match
61567,40.506457,-79.843105,osm_nominatim,poi_match
61569,41.845245,-79.149628,osm_nominatim,poi_match
61570,40.127583,-78.062782,osm_nominatim,poi_match
61571,40.598124,-75.527519,osm_nominatim,poi_match
61594,34.836902,-82.362997,us_census_gazetteer,approximate_city
61595,34.854551,-82.357802,osm_nominatim,poi_match
61596,34.190416,-82.185375,us_census_batch,street_interpolated
61597,34.941763,-82.258269,osm_nominatim,poi_match
61598,33.753319,-79.446261,us_census_gazetteer,approximate_city
61599,35.045786,-82.088485,us_census_gazetteer,approximate_city
61605,33.911944,-79.406103,osm_nominatim,poi_match
61616,34.368598,-81.091378,us_census_gazetteer,approximate_city
61621,43.727072,-98.042192,us_census_gazetteer,approximate_city
61625,44.909188,-97.155685,us_census_gazetteer,approximate_city
61633,35.977818,-85.015807,osm_nominatim,poi_match
61642,39.355111,-94.358580,us_census_gazetteer,approximate_city
61646,35.380685,-89.570673,us_census_batch,street_interpolated
61651,36.261636,-83.078843,us_census_gazetteer,approximate_city
61654,35.755174,-89.550245,us_census_batch,street_interpolated
61656,36.407659,-89.083726,osm_nominatim,poi_match
61660,35.776654,-88.356143,us_census_gazetteer,approximate_city
61684,31.258315,-95.979399,us_census_gazetteer,approximate_city
61730,32.024642,-102.113467,us_census_gazetteer,approximate_city
61747,29.277731,-98.667620,osm_nominatim,poi_match
61751,32.722204,-102.649814,us_census_gazetteer,approximate_city
61761,35.245302,-102.429247,us_census_gazetteer,approximate_city
61763,31.567325,-103.005948,us_census_gazetteer,approximate_city
61787,36.684014,-76.941396,us_census_gazetteer,approximate_city
61796,36.693080,-79.849816,osm_nominatim,poi_match
61799,37.177080,-81.140374,osm_nominatim,poi_match
61804,36.948010,-77.400067,us_census_gazetteer,approximate_city
61806,37.187742,-75.968603,osm_nominatim,poi_match
61819,46.125030,-122.935922,osm_nominatim,poi_match
61830,44.278873,-88.388284,us_census_gazetteer,approximate_city
61832,45.402192,-91.844350,us_census_gazetteer,approximate_city
61835,42.532323,-88.009098,us_census_gazetteer,approximate_city
61843,43.447982,-88.635380,osm_nominatim,poi_match
61849,43.090659,-88.910035,osm_nominatim,poi_match
61862,44.044314,-89.108026,osm_nominatim,poi_match
61867,44.061113,-90.861958,us_census_batch,street_interpolated
61877,42.837439,-88.734282,us_census_gazetteer,approximate_city
61879,44.381353,-89.820931,osm_nominatim,poi_match
61880,44.381353,-89.820931,osm_nominatim,poi_match
61968,34.196507,-97.131848,us_census_gazetteer,approximate_city
62008,40.412972,-76.480726,us_census_gazetteer,approximate_city
62075,37.760670,-100.017863,us_census_gazetteer,approximate_city
62097,35.605815,-92.457782,us_census_batch,street_interpolated
62211,40.228425,-104.072134,us_census_gazetteer,approximate_city
62238,29.713794,-81.507725,osm_nominatim,poi_match
62283,31.865010,-82.589120,osm_nominatim,poi_match
62316,42.467998,-91.480137,osm_nominatim,poi_match
62355,40.740492,-89.018250,us_census_gazetteer,approximate_city
62370,42.253855,-88.831560,osm_nominatim,poi_match
62399,41.716587,-85.825139,us_census_gazetteer,approximate_city
62462,37.757172,-87.117398,us_census_gazetteer,approximate_city
62467,38.387577,-82.717105,osm_nominatim,poi_match
62480,29.516283,-90.329714,us_census_gazetteer,approximate_city
62487,30.784234,-91.376417,us_census_gazetteer,approximate_city
62500,30.195435,-93.582246,us_census_gazetteer,approximate_city
62547,45.024999,-84.641983,osm_nominatim,poi_match
62550,42.136775,-83.387012,osm_nominatim,poi_match
62559,42.905100,-82.567900,geonames_centroid,approximate_city
62560,42.883162,-85.073617,osm_nominatim,poi_match
62701,39.692317,-79.100289,osm_nominatim,poi_match
62710,45.834782,-109.948266,us_census_gazetteer,approximate_city
62753,46.876494,-96.903570,osm_nominatim,poi_match
62768,42.806378,-102.204002,us_census_gazetteer,approximate_city
62774,43.207000,-71.200400,geonames_centroid,approximate_city
62790,40.850189,-73.986573,us_census_batch,street_interpolated
62800,40.495318,-74.298646,osm_nominatim,poi_match
62817,35.285693,-84.760797,us_census_gazetteer,approximate_city
62824,39.564770,-119.189433,us_census_gazetteer,approximate_city
62841,42.593765,-76.097502,us_census_gazetteer,approximate_city
62844,42.799242,-76.121455,osm_nominatim,poi_match
62850,43.180300,-73.705300,geonames_centroid,approximate_city
62887,39.196539,-84.477340,osm_nominatim,poi_match
62911,36.895984,-77.818997,us_census_gazetteer,approximate_city
62918,41.338840,-81.475068,osm_nominatim,poi_match
62991,41.439500,-75.431300,geonames_centroid,approximate_city
62996,40.558438,-78.099883,us_census_gazetteer,approximate_city
63013,41.608803,-71.664099,osm_nominatim,poi_match
63018,32.793717,-79.931774,osm_nominatim,poi_match
63126,29.563327,-98.250866,us_census_gazetteer,approximate_city
63193,38.719331,-77.806352,osm_nominatim,poi_match
63211,48.422338,-119.530623,us_census_gazetteer,approximate_city
63246,42.698900,-87.901553,us_census_gazetteer,approximate_city
63313,35.261077,-90.226043,osm_nominatim,poi_match
63330,34.247214,-85.160965,osm_nominatim,poi_match
63336,39.830834,-89.584328,osm_nominatim,poi_match
63349,36.673774,-87.422506,us_census_gazetteer,approximate_city
63351,37.569531,-84.320097,osm_nominatim,poi_match
63353,40.339371,-88.761098,us_census_gazetteer,approximate_city
63376,44.773467,-93.518943,osm_nominatim,poi_match
63379,39.007033,-94.128441,us_census_gazetteer,approximate_city
63388,35.691020,-77.945834,osm_nominatim,poi_match
63391,41.124960,-100.750359,us_census_gazetteer,approximate_city
63409,42.961163,-78.402610,us_census_gazetteer,approximate_city
63428,35.482436,-95.522818,us_census_gazetteer,approximate_city
63442,35.982389,-87.127020,us_census_gazetteer,approximate_city
63455,39.265500,-78.098800,geonames_centroid,approximate_city
63456,37.189064,-77.371371,osm_nominatim,poi_match
63495,33.225922,-97.586986,us_census_gazetteer,approximate_city
63498,36.091898,-79.358943,us_census_gazetteer,approximate_city
63500,43.348666,-83.859372,osm_nominatim,poi_match
63501,40.199994,-77.204149,us_census_gazetteer,approximate_city
63502,35.594655,-97.432722,us_census_batch,street_interpolated
63506,44.534223,-89.575846,osm_nominatim,poi_match
63509,34.388573,-83.226500,osm_nominatim,poi_match
63510,34.345329,-79.534435,osm_nominatim,poi_match
63511,33.186073,-80.579459,us_census_gazetteer,approximate_city
63512,36.093986,-79.995441,osm_nominatim,poi_match
63516,38.760653,-78.631758,osm_nominatim,poi_match
63517,33.678818,-86.077844,us_census_batch,street_interpolated
63519,38.443555,-81.830801,osm_nominatim,poi_match
63522,36.179155,-86.299428,osm_nominatim,poi_match
63523,34.572995,-86.989901,us_census_gazetteer,approximate_city
63524,31.960253,-83.746834,osm_nominatim,poi_match
63530,30.053420,-89.934502,us_census_gazetteer,approximate_city
63532,35.743797,-95.356405,us_census_gazetteer,approximate_city
63533,43.645880,-116.659336,us_census_gazetteer,approximate_city
63538,44.626729,-88.033045,us_census_gazetteer,approximate_city
63540,32.658156,-83.745619,osm_nominatim,poi_match
63545,35.122089,-81.518119,us_census_gazetteer,approximate_city
63546,32.932090,-82.807303,us_census_batch,street_interpolated
63563,31.035951,-104.829961,osm_nominatim,poi_match
63564,39.983938,-82.984882,us_census_gazetteer,approximate_city
63565,32.966242,-112.715465,us_census_gazetteer,approximate_city
63566,30.443835,-91.207410,us_census_gazetteer,approximate_city
63568,38.401860,-96.191654,us_census_gazetteer,approximate_city
63569,41.482816,-95.337261,us_census_gazetteer,approximate_city
63570,40.986232,-81.994840,us_census_gazetteer,approximate_city
63571,30.053420,-89.934502,us_census_gazetteer,approximate_city
63572,34.499809,-114.310943,us_census_gazetteer,approximate_city
63574,44.025336,-116.977368,us_census_gazetteer,approximate_city
63575,35.429269,-96.300309,us_census_gazetteer,approximate_city
63577,41.460745,-88.272068,osm_nominatim,poi_match
63579,39.451121,-75.701032,osm_nominatim,poi_match
63580,42.465698,-92.269402,us_census_gazetteer,approximate_city
63581,38.040678,-84.458272,us_census_gazetteer,approximate_city
63582,41.437066,-97.357351,us_census_gazetteer,approximate_city
63583,41.437066,-97.357351,us_census_gazetteer,approximate_city
63584,33.718832,-85.029670,osm_nominatim,poi_match
63586,36.189507,-95.338902,us_census_gazetteer,approximate_city
63587,38.813085,-97.614477,us_census_gazetteer,approximate_city
63588,42.699014,-87.916240,osm_nominatim,poi_match
63594,36.692590,-87.451804,osm_nominatim,poi_match
63595,40.748179,-84.147503,osm_nominatim,poi_match
63596,36.232528,-89.747362,us_census_gazetteer,approximate_city
63597,32.343777,-108.702120,us_census_gazetteer,approximate_city
63598,43.799976,-90.079554,us_census_gazetteer,approximate_city
63599,40.776928,-111.930991,us_census_gazetteer,approximate_city
63600,32.315834,-90.212850,us_census_gazetteer,approximate_city
63601,32.727497,-97.824594,osm_nominatim,poi_match
63602,34.936051,-104.675021,us_census_gazetteer,approximate_city
63603,31.298946,-94.658193,us_census_batch,street_interpolated
63604,29.648788,-81.637211,osm_nominatim,poi_match
63605,38.178013,-85.067466,us_census_batch,street_interpolated
63606,40.033106,-86.448155,us_census_gazetteer,approximate_city
63607,43.963971,-90.374972,osm_nominatim,poi_match
63608,42.264549,-89.020601,osm_nominatim,poi_match
63609,42.264549,-89.020601,osm_nominatim,poi_match
63612,27.426112,-80.342488,us_census_gazetteer,approximate_city
63613,32.343777,-108.702120,us_census_gazetteer,approximate_city
63614,40.118872,-85.556247,us_census_gazetteer,approximate_city
63615,37.105503,-80.689700,us_census_gazetteer,approximate_city
63616,42.393378,-83.761328,osm_nominatim,poi_match
63619,32.507936,-92.192886,osm_nominatim,poi_match
63620,32.336101,-90.072874,us_census_gazetteer,approximate_city
63621,32.793333,-96.766513,us_census_gazetteer,approximate_city
63623,27.414075,-80.400180,osm_nominatim,poi_match
63624,30.240513,-92.267335,us_census_gazetteer,approximate_city
63625,39.727704,-75.469035,us_census_gazetteer,approximate_city
63627,34.467793,-89.006026,osm_nominatim,poi_match
63628,30.857874,-88.063383,us_census_gazetteer,approximate_city
63629,44.578620,-91.210241,osm_nominatim,poi_match
63630,39.882792,-104.794908,us_census_gazetteer,approximate_city
63635,39.001103,-96.863639,osm_nominatim,poi_match
63636,31.430890,-110.962535,osm_nominatim,poi_match
63637,39.959176,-83.369789,osm_nominatim,poi_match
63639,39.522449,-87.124479,us_census_gazetteer,approximate_city
63640,38.065465,-83.948822,us_census_gazetteer,approximate_city
63641,28.001639,-82.274077,us_census_gazetteer,approximate_city
63642,35.275859,-92.381498,us_census_batch,street_interpolated
63648,33.481414,-84.134416,osm_nominatim,poi_match
63649,31.034293,-82.761207,osm_nominatim,poi_match
63651,33.981904,-83.347335,osm_nominatim,poi_match
63652,42.462193,-91.903152,us_census_gazetteer,approximate_city
63653,42.079237,-110.951898,us_census_gazetteer,approximate_city
63661,34.955752,-89.841153,us_census_gazetteer,approximate_city
63662,32.612347,-83.744411,osm_nominatim,poi_match
63667,33.285876,-79.694592,us_census_gazetteer,approximate_city
63668,33.664640,-80.778753,us_census_gazetteer,approximate_city
63669,32.599015,-96.681585,us_census_gazetteer,approximate_city
63671,42.056410,-104.165574,osm_nominatim,poi_match
63676,44.223488,-85.805478,osm_nominatim,poi_match
63680,43.138800,-71.544800,geonames_centroid,approximate_city
63685,35.224859,-88.330789,us_census_gazetteer,approximate_city
63690,33.804320,-93.391207,us_census_gazetteer,approximate_city
63691,30.413101,-83.304142,us_census_gazetteer,approximate_city
63694,33.485280,-89.770308,osm_nominatim,poi_match
63695,33.733245,-85.027295,us_census_gazetteer,approximate_city
63697,37.076136,-76.521980,us_census_gazetteer,approximate_city
63699,41.822712,-90.544087,us_census_gazetteer,approximate_city
63700,42.522781,-83.530188,us_census_gazetteer,approximate_city
63701,40.539396,-112.307843,us_census_gazetteer,approximate_city
63702,38.224728,-85.740614,us_census_gazetteer,approximate_city
63703,39.983938,-82.984882,us_census_gazetteer,approximate_city
63704,39.140183,-84.505829,us_census_gazetteer,approximate_city
63706,43.000564,-87.905143,osm_nominatim,poi_match
63715,40.847116,-111.918780,us_census_gazetteer,approximate_city
63716,42.259300,-89.063478,us_census_gazetteer,approximate_city
63718,41.933581,-89.034829,osm_nominatim,poi_match
63720,33.572154,-112.090132,us_census_gazetteer,approximate_city
63721,27.793971,-97.669163,us_census_gazetteer,approximate_city
63722,30.443835,-91.207410,us_census_gazetteer,approximate_city
63724,35.791001,-88.643731,us_census_batch,street_interpolated
63725,34.164579,-84.801704,us_census_gazetteer,approximate_city
63726,36.127949,-95.902316,us_census_gazetteer,approximate_city
63727,42.101331,-75.909369,us_census_gazetteer,approximate_city
63728,41.619613,-90.784015,osm_nominatim,poi_match
63729,40.739454,-114.066463,osm_nominatim,poi_match
63730,39.746354,-81.512976,us_census_gazetteer,approximate_city
63731,30.241367,-93.013028,us_census_gazetteer,approximate_city
63732,32.741255,-111.594015,us_census_gazetteer,approximate_city
63734,35.239554,-77.577147,osm_nominatim,poi_match
63736,31.040672,-104.834154,us_census_gazetteer,approximate_city
63737,30.238360,-92.189070,us_census_gazetteer,approximate_city
63738,40.273281,-96.745954,us_census_gazetteer,approximate_city
63740,36.677271,-79.374868,osm_nominatim,poi_match
63741,37.345748,-77.344001,osm_nominatim,poi_match
63743,41.327920,-75.785684,us_census_gazetteer,approximate_city
63744,36.692590,-87.451804,osm_nominatim,poi_match
63745,38.203242,-87.574735,us_census_gazetteer,approximate_city
63746,35.078009,-81.703107,osm_nominatim,poi_match
63747,38.480900,-85.317000,geonames_centroid,approximate_city
63751,32.315834,-90.212850,us_census_gazetteer,approximate_city
63752,41.165648,-80.696089,us_census_gazetteer,approximate_city
63753,34.499792,-84.933058,us_census_gazetteer,approximate_city
63754,38.165300,-80.797600,geonames_centroid,approximate_city
63755,35.405207,-94.500328,us_census_batch,street_interpolated
63756,33.524066,-82.033429,osm_nominatim,poi_match
63759,36.696535,-94.957463,us_census_gazetteer,approximate_city
63760,29.578681,-90.708023,us_census_gazetteer,approximate_city
63761,45.199238,-93.689526,us_census_gazetteer,approximate_city
63762,41.247850,-87.844308,us_census_gazetteer,approximate_city
63763,41.335176,-89.097245,us_census_gazetteer,approximate_city
63764,31.715084,-96.122440,us_census_batch,street_interpolated
63766,41.798323,-83.694134,osm_nominatim,poi_match
63767,33.732334,-101.844475,us_census_gazetteer,approximate_city
63768,39.003207,-93.734717,osm_nominatim,poi_match
63770,41.769168,-80.855605,us_census_gazetteer,approximate_city
63771,42.489193,-93.541245,us_census_gazetteer,approximate_city
63773,39.268259,-94.452454,osm_nominatim,poi_match
63774,39.633652,-77.807106,osm_nominatim,poi_match
63775,42.494156,-88.997644,osm_nominatim,poi_match
63776,44.159520,-94.014516,osm_nominatim,poi_match
63777,44.088488,-93.230585,osm_nominatim,poi_match
63778,44.884358,-93.031052,osm_nominatim,poi_match
63781,39.601152,-82.932515,us_census_gazetteer,approximate_city
63782,38.416179,-95.862482,us_census_gazetteer,approximate_city
63787,30.426663,-88.935762,us_census_gazetteer,approximate_city
63789,41.325085,-87.201916,us_census_gazetteer,approximate_city
63790,36.108959,-83.333976,osm_nominatim,poi_match
63791,31.557994,-97.189750,us_census_gazetteer,approximate_city
63792,29.177510,-82.151025,us_census_gazetteer,approximate_city
63793,36.434104,-99.427613,osm_nominatim,poi_match
63794,33.116537,-95.634225,osm_nominatim,poi_match
63795,36.446033,-103.148863,us_census_gazetteer,approximate_city
63796,36.081679,-79.276742,us_census_gazetteer,approximate_city
63798,36.771416,-81.777447,osm_nominatim,poi_match
63799,35.292114,-95.586425,us_census_gazetteer,approximate_city
63800,41.236391,-73.022913,osm_nominatim,poi_match
63801,39.156412,-94.476313,osm_nominatim,poi_match
63802,35.185212,-111.620698,us_census_gazetteer,approximate_city
63803,35.508500,-94.074753,us_census_gazetteer,approximate_city
63805,27.919571,-98.089612,us_census_batch,street_interpolated
63812,37.603400,-85.892100,geonames_centroid,approximate_city
63813,29.462809,-98.524635,us_census_gazetteer,approximate_city
63828,34.217158,-86.147107,osm_nominatim,poi_match
63829,33.122319,-86.745644,us_census_gazetteer,approximate_city
63836,34.795425,-91.740494,us_census_gazetteer,approximate_city
63841,33.268879,-93.256682,us_census_batch,street_interpolated
63846,35.063915,-94.234269,us_census_gazetteer,approximate_city
63848,33.477338,-94.007844,osm_nominatim,poi_match
63850,35.238774,-111.822161,osm_nominatim,poi_match
63854,34.788119,-94.049397,us_census_gazetteer,approximate_city
63855,31.914497,-110.328552,us_census_gazetteer,approximate_city
63856,34.423271,-112.240747,us_census_gazetteer,approximate_city
63870,39.882792,-104.794908,us_census_gazetteer,approximate_city
63871,39.154111,-108.739063,osm_nominatim,poi_match
63876,28.304808,-81.445369,osm_nominatim,poi_match
63887,34.379597,-84.907611,osm_nominatim,poi_match
63893,33.762909,-84.422675,us_census_gazetteer,approximate_city
63894,34.197125,-84.790021,osm_nominatim,poi_match
63895,34.781091,-84.782472,us_census_gazetteer,approximate_city
63904,31.995429,-81.150006,osm_nominatim,poi_match
63907,34.153432,-83.650591,osm_nominatim,poi_match
63909,30.812972,-81.628250,osm_nominatim,poi_match
63910,32.808990,-83.694060,us_census_gazetteer,approximate_city
63912,30.760345,-81.655920,osm_nominatim,poi_match
63914,34.381971,-83.676694,osm_nominatim,poi_match
63915,32.561600,-84.855900,geonames_centroid,approximate_city
63922,30.839422,-83.978781,us_census_gazetteer,approximate_city
63925,30.754335,-83.273500,osm_nominatim,poi_match
63931,34.424406,-79.367561,us_census_gazetteer,approximate_city
63937,40.751269,-95.813266,us_census_gazetteer,approximate_city
63938,41.014130,-95.224371,us_census_gazetteer,approximate_city
63942,29.926481,-90.082365,osm_nominatim,poi_match
63946,41.482202,-88.030250,osm_nominatim,poi_match
63955,39.732463,-89.924717,osm_nominatim,poi_match
63957,39.163700,-86.524264,us_census_gazetteer,approximate_city
63959,41.832351,-88.201719,osm_nominatim,poi_match
63960,41.427148,-84.872266,us_census_gazetteer,approximate_city
63962,41.674084,-85.917670,osm_nominatim,poi_match
63964,29.309637,-98.615770,us_census_batch,street_interpolated
63965,40.281025,-86.521254,us_census_gazetteer,approximate_city
63966,41.088193,-85.142791,us_census_gazetteer,approximate_city
63972,41.721372,-85.420653,osm_nominatim,poi_match
63977,38.200084,-86.350105,us_census_gazetteer,approximate_city
63978,41.670559,-85.708679,us_census_gazetteer,approximate_city
63979,30.137444,-91.955830,us_census_gazetteer,approximate_city
63988,37.533095,-95.822348,us_census_gazetteer,approximate_city
63990,39.761058,-94.927518,us_census_gazetteer,approximate_city
63992,38.285873,-95.241231,us_census_gazetteer,approximate_city
63994,39.027220,-96.852271,us_census_gazetteer,approximate_city
63997,37.689746,-96.783772,us_census_gazetteer,approximate_city
64001,37.665749,-96.234395,us_census_batch,street_interpolated
64002,37.829425,-85.723704,osm_nominatim,poi_match
64003,37.403758,-86.873606,us_census_gazetteer,approximate_city
64016,37.203257,-86.707778,us_census_batch,street_interpolated
64020,31.293449,-92.470189,us_census_gazetteer,approximate_city
64021,30.726600,-90.509000,geonames_centroid,approximate_city
64028,29.951114,-91.991710,us_census_gazetteer,approximate_city
64029,30.015211,-90.820234,us_census_gazetteer,approximate_city
64030,29.858697,-90.003290,us_census_gazetteer,approximate_city
64034,29.784946,-91.509567,us_census_gazetteer,approximate_city
64036,29.578681,-90.708023,us_census_gazetteer,approximate_city
64040,30.252945,-93.015337,osm_nominatim,poi_match
64042,30.072157,-90.477008,us_census_gazetteer,approximate_city
64043,32.136390,-93.519488,us_census_batch,street_interpolated
64044,29.926481,-90.082365,osm_nominatim,poi_match
64045,30.443835,-91.207410,us_census_gazetteer,approximate_city
64047,30.443835,-91.207410,us_census_gazetteer,approximate_city
64048,30.443835,-91.207410,us_census_gazetteer,approximate_city
64049,29.565196,-90.376167,us_census_gazetteer,approximate_city
64050,29.885726,-90.113221,us_census_gazetteer,approximate_city
64058,30.195435,-93.582246,us_census_gazetteer,approximate_city
64059,33.001934,-93.461511,us_census_gazetteer,approximate_city
64060,32.885045,-93.985573,osm_nominatim,poi_match
64062,42.074400,-71.632900,geonames_centroid,approximate_city
64063,42.165500,-71.886000,geonames_centroid,approximate_city
64069,38.692056,-76.873011,osm_nominatim,poi_match
64072,43.380336,-84.654445,us_census_gazetteer,approximate_city
64082,42.983580,-83.928393,osm_nominatim,poi_match
64083,41.768300,-83.685600,geonames_centroid,approximate_city
64084,42.265443,-84.548989,us_census_gazetteer,approximate_city
64085,42.253949,-83.309384,osm_nominatim,poi_match
64087,42.492904,-83.025001,us_census_gazetteer,approximate_city
64091,45.985557,-94.359676,us_census_gazetteer,approximate_city
64092,33.178895,-87.445845,osm_nominatim,poi_match
64097,45.121903,-95.046369,osm_nominatim,poi_match
64098,43.628733,-95.599702,us_census_gazetteer,approximate_city
64101,37.383321,-93.152154,us_census_gazetteer,approximate_city
64106,37.075218,-94.501259,us_census_gazetteer,approximate_city
64112,37.194157,-93.292642,us_census_gazetteer,approximate_city
64116,42.753289,-84.746568,osm_nominatim,poi_match
64120,46.476904,-89.933430,us_census_gazetteer,approximate_city
64122,35.170291,-103.705046,us_census_gazetteer,approximate_city
64124,45.493785,-94.149351,osm_nominatim,poi_match
64126,47.242447,-93.664230,us_census_gazetteer,approximate_city
64132,34.948353,-88.513618,us_census_gazetteer,approximate_city
64139,30.923133,-88.508986,us_census_batch,street_interpolated
64153,36.004118,-78.879292,osm_nominatim,poi_match
64155,36.146095,-78.722864,osm_nominatim,poi_match
64156,35.722203,-78.643245,osm_nominatim,poi_match
64163,35.001591,-80.561277,us_census_gazetteer,approximate_city
64167,42.853398,-71.362425,us_census_gazetteer,approximate_city
64170,35.163402,-78.739673,us_census_gazetteer,approximate_city
64171,34.992816,-78.139351,osm_nominatim,poi_match
64172,40.961687,-96.443043,us_census_gazetteer,approximate_city
64173,40.862575,-96.637803,osm_nominatim,poi_match
64181,40.428400,-74.406400,geonames_centroid,approximate_city
64182,40.832677,-74.014088,us_census_gazetteer,approximate_city
64183,40.552857,-74.286939,us_census_gazetteer,approximate_city
64187,35.521516,-105.251935,osm_nominatim,poi_match
64189,35.153874,-103.724500,osm_nominatim,poi_match
64195,42.020017,-76.370402,us_census_gazetteer,approximate_city
64201,34.809197,-78.976559,us_census_gazetteer,approximate_city
64206,40.223841,-74.763624,us_census_gazetteer,approximate_city
64210,40.574413,-74.414800,us_census_gazetteer,approximate_city
64211,32.400790,-104.241012,us_census_gazetteer,approximate_city
64215,33.147711,-103.317622,us_census_batch,street_interpolated
64216,42.293720,-76.715276,us_census_batch,street_interpolated
64218,42.781423,-74.028796,osm_nominatim,poi_match
64221,41.080456,-81.521429,us_census_gazetteer,approximate_city
64223,41.313943,-81.685127,osm_nominatim,poi_match
64224,41.313943,-81.685127,osm_nominatim,poi_match
64227,39.184097,-81.841067,us_census_batch,street_interpolated
64229,39.980149,-82.485016,osm_nominatim,poi_match
64230,39.965248,-82.486506,us_census_gazetteer,approximate_city
64231,41.397822,-82.222377,osm_nominatim,poi_match
64233,39.256580,-84.786202,us_census_gazetteer,approximate_city
64235,41.114910,-83.180468,us_census_gazetteer,approximate_city
64236,40.830669,-83.270709,us_census_gazetteer,approximate_city
64243,34.657061,-99.309046,us_census_gazetteer,approximate_city
64244,33.930829,-96.429060,us_census_gazetteer,approximate_city
64256,35.406601,-94.529761,osm_nominatim,poi_match
64261,35.647565,-95.962481,osm_nominatim,poi_match
64264,34.158360,-97.982106,us_census_batch,street_interpolated
64265,35.537395,-98.684345,us_census_gazetteer,approximate_city
64270,40.110900,-74.937800,geonames_centroid,approximate_city
64274,40.154500,-76.801900,geonames_centroid,approximate_city
64275,40.094923,-75.363726,osm_nominatim,poi_match
64282,41.059700,-75.786946,us_census_gazetteer,approximate_city
64285,35.166014,-81.450970,osm_nominatim,poi_match
64287,33.917228,-81.551488,osm_nominatim,poi_match
64288,34.220070,-80.247370,us_census_gazetteer,approximate_city
64294,34.660485,-81.962520,us_census_gazetteer,approximate_city
64298,34.310369,-81.576256,osm_nominatim,poi_match
64299,32.781936,-80.149521,osm_nominatim,poi_match
64300,34.878987,-81.964442,us_census_gazetteer,approximate_city
64301,33.913200,-81.459800,geonames_centroid,approximate_city
64307,32.940500,-80.573900,geonames_centroid,approximate_city
64309,33.990130,-81.099354,us_census_gazetteer,approximate_city
64310,33.186073,-80.579459,us_census_gazetteer,approximate_city
64313,43.540696,-96.731962,us_census_gazetteer,approximate_city
64314,44.008009,-97.388331,us_census_batch,street_interpolated
64336,43.988010,-90.501380,us_census_gazetteer,approximate_city
64337,32.152046,-94.337111,us_census_gazetteer,approximate_city
64343,32.606696,-99.810163,us_census_gazetteer,approximate_city
64347,36.582416,-79.353898,osm_nominatim,poi_match
64350,28.339255,-98.025942,osm_nominatim,poi_match
64352,30.898701,-102.906112,osm_nominatim,poi_match
64355,31.706065,-98.122584,osm_nominatim,poi_match
64360,28.090918,-97.817048,us_census_gazetteer,approximate_city
64374,33.948390,-98.603107,us_census_batch,street_interpolated
64382,31.307383,-96.629361,us_census_gazetteer,approximate_city
64390,32.024642,-102.113467,us_census_gazetteer,approximate_city
64393,29.729198,-98.079564,osm_nominatim,poi_match
64399,34.726734,-100.541655,us_census_gazetteer,approximate_city
64406,31.659100,-96.809400,geonames_centroid,approximate_city
64407,27.358516,-98.124430,us_census_gazetteer,approximate_city
64408,29.497325,-98.399524,osm_nominatim,poi_match
64409,29.462809,-98.524635,us_census_gazetteer,approximate_city
64420,31.906912,-94.397056,us_census_gazetteer,approximate_city
64421,33.426257,-96.344594,us_census_gazetteer,approximate_city
64422,30.149270,-93.979201,osm_nominatim,poi_match
64423,29.279756,-98.669028,osm_nominatim,poi_match
64430,41.718352,-112.187837,us_census_gazetteer,approximate_city
64431,41.718352,-112.187837,us_census_gazetteer,approximate_city
64435,36.581468,-79.349254,osm_nominatim,poi_match
64436,36.712512,-77.572336,osm_nominatim,poi_match
64438,36.582675,-79.355305,osm_nominatim,poi_match
64441,36.769995,-76.606517,osm_nominatim,poi_match
64442,48.853366,-122.590232,us_census_gazetteer,approximate_city
64445,44.250225,-91.472319,osm_nominatim,poi_match
64446,42.531973,-88.962349,us_census_batch,street_interpolated
64447,44.729756,-88.447011,osm_nominatim,poi_match
64451,38.000781,-75.540989,osm_nominatim,poi_match
64455,38.080107,-78.923122,osm_nominatim,poi_match
64463,44.427637,-89.515502,osm_nominatim,poi_match
64474,36.993719,-91.701863,us_census_gazetteer,approximate_city
64477,35.642667,-82.040166,osm_nominatim,poi_match
64478,41.260088,-110.963739,us_census_gazetteer,approximate_city
64479,42.034300,-92.906266,us_census_gazetteer,approximate_city
64480,37.971440,-100.874027,osm_nominatim,poi_match
64481,37.075218,-94.501259,us_census_gazetteer,approximate_city
64482,32.598419,-90.032191,us_census_gazetteer,approximate_city
64484,30.684588,-87.739213,us_census_gazetteer,approximate_city
64485,32.793333,-96.766513,us_census_gazetteer,approximate_city
64486,33.547798,-84.587265,us_census_gazetteer,approximate_city
64487,39.134124,-88.565964,osm_nominatim,poi_match
64488,30.283099,-91.905919,us_census_gazetteer,approximate_city
64490,33.762909,-84.422675,us_census_gazetteer,approximate_city
64491,41.598372,-87.602736,us_census_gazetteer,approximate_city
64492,39.734552,-86.256253,osm_nominatim,poi_match
64493,38.965268,-94.803937,us_census_gazetteer,approximate_city
64494,42.265273,-83.174568,osm_nominatim,poi_match
64495,42.378025,-83.403383,osm_nominatim,poi_match
64496,42.233389,-83.318839,osm_nominatim,poi_match
64498,42.528552,-83.037428,osm_nominatim,poi_match
64499,38.773317,-90.416997,us_census_gazetteer,approximate_city
64500,39.125155,-94.550313,us_census_gazetteer,approximate_city
64501,35.209045,-80.830990,us_census_gazetteer,approximate_city
64502,39.983938,-82.984882,us_census_gazetteer,approximate_city
64503,41.664071,-83.581861,us_census_gazetteer,approximate_city
64508,43.087815,-89.429856,us_census_gazetteer,approximate_city
64509,43.000564,-87.905143,osm_nominatim,poi_match
64511,43.000564,-87.905143,osm_nominatim,poi_match
64512,42.972000,-88.129168,us_census_gazetteer,approximate_city
64514,31.996745,-106.586158,osm_nominatim,poi_match
64517,44.874794,-92.374741,us_census_batch,street_interpolated
64519,41.135302,-75.904430,us_census_gazetteer,approximate_city
64520,39.832086,-84.890917,us_census_gazetteer,approximate_city
64521,34.005192,-94.740263,osm_nominatim,poi_match
64523,34.896400,-107.581700,geonames_centroid,approximate_city
64525,41.099095,-80.645902,us_census_gazetteer,approximate_city
64526,35.924000,-87.810500,geonames_centroid,approximate_city
64527,38.480900,-85.317000,geonames_centroid,approximate_city
64528,35.272804,-81.496627,osm_nominatim,poi_match
64529,35.198064,-101.833107,us_census_gazetteer,approximate_city
64530,33.560772,-83.478382,osm_nominatim,poi_match
64532,33.292359,-83.967846,us_census_gazetteer,approximate_city
64533,32.968508,-97.416971,osm_nominatim,poi_match
64534,43.467785,-70.448541,osm_nominatim,poi_match
64535,34.376763,-83.234483,us_census_gazetteer,approximate_city
64536,42.718095,-114.515791,us_census_gazetteer,approximate_city
64537,31.557994,-97.189750,us_census_gazetteer,approximate_city
64538,41.599822,-87.054996,us_census_gazetteer,approximate_city
64545,31.717639,-85.817550,us_census_gazetteer,approximate_city
64546,34.153059,-85.671683,us_census_gazetteer,approximate_city
64554,34.775663,-85.892673,us_census_batch,street_interpolated
64558,32.384170,-88.689448,us_census_gazetteer,approximate_city
64569,30.668246,-88.107853,us_census_gazetteer,approximate_city
64571,36.233499,-115.264037,us_census_gazetteer,approximate_city
64572,33.235413,-87.609677,osm_nominatim,poi_match
64578,32.453397,-85.013313,osm_nominatim,poi_match
64581,34.119727,-86.395255,us_census_batch,street_interpolated
64592,32.845572,-86.619494,us_census_gazetteer,approximate_city
64595,28.792398,-81.231279,us_census_gazetteer,approximate_city
64599,34.975106,-92.028288,us_census_gazetteer,approximate_city
64600,35.453918,-93.481558,us_census_gazetteer,approximate_city
64610,36.098656,-93.733244,us_census_gazetteer,approximate_city
64617,35.698568,-90.047961,osm_nominatim,poi_match
64647,32.546925,-82.866967,us_census_gazetteer,approximate_city
64648,33.762909,-84.422675,us_census_gazetteer,approximate_city
64651,39.734552,-86.256253,osm_nominatim,poi_match
64654,30.255202,-91.100363,us_census_gazetteer,approximate_city
64655,36.097555,-79.654748,us_census_gazetteer,approximate_city
64656,35.209045,-80.830990,us_census_gazetteer,approximate_city
64660,43.013988,-88.200342,us_census_batch,street_interpolated
64662,43.000564,-87.905143,osm_nominatim,poi_match
64664,40.626449,-89.465267,osm_nominatim,poi_match
64671,44.298452,-90.842787,us_census_gazetteer,approximate_city
64672,39.843142,-85.426053,us_census_gazetteer,approximate_city
64673,41.537547,-86.904942,us_census_gazetteer,approximate_city
64674,41.677500,-71.922000,geonames_centroid,approximate_city
64675,38.947306,-91.935419,us_census_gazetteer,approximate_city
64676,35.467079,-97.513657,us_census_gazetteer,approximate_city
64677,37.352535,-84.339336,us_census_batch,street_interpolated
64678,41.290050,-91.554266,us_census_gazetteer,approximate_city
64679,34.608195,-92.532896,osm_nominatim,poi_match
64681,32.738304,-111.549372,osm_nominatim,poi_match
64682,35.295653,-99.628239,us_census_gazetteer,approximate_city
64683,33.825435,-84.362183,osm_nominatim,poi_match
64684,39.696817,-86.188362,osm_nominatim,poi_match
64687,34.767898,-84.972812,us_census_gazetteer,approximate_city
64706,31.128727,-87.061642,osm_nominatim,poi_match
64712,31.233698,-85.406823,us_census_gazetteer,approximate_city
64713,31.292551,-85.865055,osm_nominatim,poi_match
64715,32.438229,-86.474762,osm_nominatim,poi_match
64718,31.915011,-87.737204,us_census_gazetteer,approximate_city
64719,32.844411,-85.181825,osm_nominatim,poi_match
64721,34.911878,-91.195428,osm_nominatim,poi_match
64723,33.883372,-91.485632,us_census_gazetteer,approximate_city
64724,36.071455,-94.166564,us_census_gazetteer,approximate_city
64755,38.939659,-92.774347,osm_nominatim,poi_match
64764,40.049953,-107.894584,us_census_gazetteer,approximate_city
64765,40.618019,-103.182531,osm_nominatim,poi_match
64773,39.443394,-75.717504,us_census_gazetteer,approximate_city
64775,39.449404,-75.715582,osm_nominatim,poi_match
64777,26.529444,-80.076651,osm_nominatim,poi_match
64778,29.962250,-82.924284,us_census_gazetteer,approximate_city
64779,28.522504,-82.303638,osm_nominatim,poi_match
64789,25.775163,-80.208615,us_census_gazetteer,approximate_city
64793,30.037592,-81.897854,osm_nominatim,poi_match
64795,28.408650,-81.254805,us_census_gazetteer,approximate_city
64798,26.745114,-80.127038,us_census_gazetteer,approximate_city
64803,27.946918,-82.440205,osm_nominatim,poi_match
64804,27.970086,-82.479673,us_census_gazetteer,approximate_city
64811,32.074377,-84.222829,us_census_gazetteer,approximate_city
64815,32.318481,-84.517564,us_census_gazetteer,approximate_city
64819,33.642813,-84.343165,osm_nominatim,poi_match
64820,31.039691,-84.878424,us_census_gazetteer,approximate_city
64825,32.626119,-85.036428,us_census_batch,street_interpolated
64831,31.928269,-82.679101,osm_nominatim,poi_match
64833,31.179430,-83.790786,us_census_gazetteer,approximate_city
64834,31.176723,-83.788817,us_census_batch,street_interpolated
64840,34.012815,-85.046870,osm_nominatim,poi_match
64842,32.433526,-81.780824,osm_nominatim,poi_match
64843,32.437726,-81.775637,us_census_gazetteer,approximate_city
64850,32.868565,-82.394926,osm_nominatim,poi_match
64856,41.361261,-93.789693,osm_nominatim,poi_match
64857,41.017447,-93.309629,us_census_gazetteer,approximate_city
64859,41.572590,-93.610243,us_census_gazetteer,approximate_city
64860,42.498901,-90.707258,us_census_gazetteer,approximate_city
64862,43.128185,-92.739944,us_census_gazetteer,approximate_city
64863,40.621463,-91.346257,us_census_gazetteer,approximate_city
64868,41.007867,-91.163720,us_census_gazetteer,approximate_city
64871,41.419058,-91.067946,us_census_gazetteer,approximate_city
64873,42.026476,-96.090917,us_census_gazetteer,approximate_city
64874,41.034955,-93.786603,us_census_gazetteer,approximate_city
64875,41.404715,-92.917412,us_census_gazetteer,approximate_city
64876,40.751269,-95.813266,us_census_gazetteer,approximate_city
64877,41.483235,-91.572195,us_census_gazetteer,approximate_city
64880,43.416659,-95.113071,us_census_gazetteer,approximate_city
64881,42.748795,-95.151197,us_census_batch,street_interpolated
64883,41.494220,-95.221554,osm_nominatim,poi_match
64884,42.495380,-96.389495,us_census_gazetteer,approximate_city
64886,40.705655,-91.228102,us_census_gazetteer,approximate_city
64887,44.733195,-116.436837,us_census_gazetteer,approximate_city
64888,45.925826,-116.121916,us_census_gazetteer,approximate_city
64892,43.677492,-116.907579,us_census_gazetteer,approximate_city
64894,40.484676,-89.023026,osm_nominatim,poi_match
64902,40.398775,-88.889199,us_census_gazetteer,approximate_city
64907,40.630589,-89.258084,us_census_gazetteer,approximate_city
64913,40.458008,-90.647148,osm_nominatim,poi_match
64914,39.338421,-87.880862,us_census_gazetteer,approximate_city
64920,41.910501,-89.069374,osm_nominatim,poi_match
64928,41.737239,-87.884387,osm_nominatim,poi_match
64929,41.178433,-90.322179,us_census_gazetteer,approximate_city
64930,41.966306,-87.980851,us_census_gazetteer,approximate_city
64933,40.803423,-84.936763,us_census_batch,street_interpolated
64938,40.399410,-86.862806,us_census_gazetteer,approximate_city
64939,41.080356,-86.890549,us_census_gazetteer,approximate_city
64946,41.437398,-85.051661,us_census_gazetteer,approximate_city
64949,37.927427,-95.400669,us_census_gazetteer,approximate_city
64950,39.851660,-95.537789,us_census_gazetteer,approximate_city
64952,37.569400,-101.719400,geonames_centroid,approximate_city
64961,39.761734,-95.634011,us_census_gazetteer,approximate_city
64963,38.395431,-96.536666,us_census_gazetteer,approximate_city
64964,37.474814,-100.870929,us_census_batch,street_interpolated
64969,37.343920,-85.352238,us_census_gazetteer,approximate_city
64980,37.185014,-82.906936,us_census_batch,street_interpolated
64982,38.650015,-83.792961,us_census_gazetteer,approximate_city
64984,37.892260,-84.565647,us_census_gazetteer,approximate_city
64990,37.050696,-85.080481,us_census_gazetteer,approximate_city
64994,37.810316,-85.119581,us_census_gazetteer,approximate_city
64996,29.912340,-90.208385,osm_nominatim,poi_match
64998,29.710332,-91.191542,us_census_gazetteer,approximate_city
64999,32.523674,-93.655426,us_census_gazetteer,approximate_city
65000,30.283099,-91.905919,us_census_gazetteer,approximate_city
65002,30.137444,-91.955830,us_census_gazetteer,approximate_city
65005,32.515309,-92.353926,us_census_gazetteer,approximate_city
65006,30.490429,-92.419064,us_census_gazetteer,approximate_city
65007,30.061913,-90.693634,us_census_gazetteer,approximate_city
65008,29.678003,-90.783138,us_census_gazetteer,approximate_city
65011,29.578681,-90.708023,us_census_gazetteer,approximate_city
65017,31.074632,-92.053538,osm_nominatim,poi_match
65019,30.127002,-91.831118,us_census_gazetteer,approximate_city
65021,30.524897,-92.081654,us_census_gazetteer,approximate_city
65022,29.747988,-90.573142,osm_nominatim,poi_match
65023,30.243532,-92.269334,osm_nominatim,poi_match
65025,32.466879,-93.792193,us_census_gazetteer,approximate_city
65026,29.973020,-90.299478,osm_nominatim,poi_match
65027,30.310462,-93.666698,us_census_gazetteer,approximate_city
65030,29.794874,-90.814578,us_census_gazetteer,approximate_city
65033,40.832487,-83.973383,us_census_gazetteer,approximate_city
65036,32.441749,-91.410027,us_census_batch,street_interpolated
65037,32.504401,-92.128243,osm_nominatim,poi_match
65048,42.544597,-71.874476,osm_nominatim,poi_match
65059,39.264550,-76.655175,osm_nominatim,poi_match
65062,39.625094,-78.016168,us_census_gazetteer,approximate_city
65064,39.640182,-77.722691,us_census_gazetteer,approximate_city
65066,38.625712,-75.867186,us_census_gazetteer,approximate_city
65067,38.329800,-76.917500,geonames_centroid,approximate_city
65069,44.102582,-70.225584,osm_nominatim,poi_match
65074,45.609857,-68.523445,osm_nominatim,poi_match
65075,43.685428,-70.328595,osm_nominatim,poi_match
65083,42.173456,-83.198380,us_census_gazetteer,approximate_city
65084,44.245940,-85.431125,us_census_gazetteer,approximate_city
65086,42.813092,-82.629652,osm_nominatim,poi_match
65088,46.468500,-87.830600,geonames_centroid,approximate_city
65091,42.313057,-83.211488,us_census_gazetteer,approximate_city
65092,42.312844,-83.271446,osm_nominatim,poi_match
65094,45.024999,-84.641983,osm_nominatim,poi_match
65108,46.353821,-85.509804,us_census_gazetteer,approximate_city
65113,43.872754,-85.507006,us_census_gazetteer,approximate_city
65121,42.201917,-83.482812,us_census_gazetteer,approximate_city
65127,42.890317,-85.706733,us_census_gazetteer,approximate_city
65129,45.877178,-95.376965,us_census_gazetteer,approximate_city
65132,47.381380,-94.659870,us_census_batch,street_interpolated
65135,44.957438,-95.367668,us_census_gazetteer,approximate_city
65136,46.774458,-92.134135,us_census_gazetteer,approximate_city
65141,44.021521,-92.747246,osm_nominatim,poi_match
65142,45.032680,-93.276821,us_census_batch,street_interpolated
65153,45.520868,-94.242982,us_census_gazetteer,approximate_city
65162,38.485988,-90.357309,osm_nominatim,poi_match
65165,37.379922,-89.654073,us_census_gazetteer,approximate_city
65171,37.109843,-92.580955,us_census_gazetteer,approximate_city
65177,37.115756,-93.474366,us_census_batch,street_interpolated
65178,36.524700,-93.277800,geonames_centroid,approximate_city
65180,39.938789,-94.828049,us_census_gazetteer,approximate_city
65188,34.869188,-89.689993,us_census_gazetteer,approximate_city
65192,31.629876,-89.579671,osm_nominatim,poi_match
65194,31.236469,-89.824066,us_census_batch,street_interpolated
65197,31.597277,-89.210269,us_census_gazetteer,approximate_city
65198,32.155197,-90.123619,osm_nominatim,poi_match
65204,33.538877,-89.125890,us_census_gazetteer,approximate_city
65212,31.203377,-89.029338,us_census_gazetteer,approximate_city
65213,31.201276,-89.041229,osm_nominatim,poi_match
65214,32.343245,-89.136428,us_census_batch,street_interpolated
65216,32.320903,-89.807951,us_census_gazetteer,approximate_city
65221,32.106057,-90.292595,us_census_gazetteer,approximate_city
65223,34.179563,-89.462842,us_census_batch,street_interpolated
65225,30.856048,-89.138981,us_census_gazetteer,approximate_city
65234,35.854681,-77.349918,us_census_batch,street_interpolated
65241,35.397794,-77.964876,osm_nominatim,poi_match
65246,34.630608,-79.018601,us_census_gazetteer,approximate_city
65250,34.736690,-76.728839,osm_nominatim,poi_match
65251,35.103045,-77.099220,osm_nominatim,poi_match
65252,35.965275,-77.304500,us_census_batch,street_interpolated
65267,35.691020,-77.945834,osm_nominatim,poi_match
65268,36.068610,-80.227308,osm_nominatim,poi_match
65270,46.918747,-104.005446,us_census_gazetteer,approximate_city
65273,47.933886,-97.096760,osm_nominatim,poi_match
65274,48.365422,-99.990223,us_census_gazetteer,approximate_city
65282,40.168769,-97.585984,us_census_gazetteer,approximate_city
65283,42.428614,-97.096363,us_census_gazetteer,approximate_city
65284,40.777453,-99.746755,us_census_gazetteer,approximate_city
65287,40.740570,-99.537410,us_census_gazetteer,approximate_city
65289,40.658469,-96.661397,us_census_gazetteer,approximate_city
65290,41.868088,-103.662035,us_census_gazetteer,approximate_city
65292,40.663504,-96.182733,us_census_gazetteer,approximate_city
65293,40.182640,-101.013116,us_census_batch,street_interpolated
65294,42.236313,-96.998755,osm_nominatim,poi_match
65296,43.175653,-71.530228,osm_nominatim,poi_match
65299,43.034896,-71.098414,us_census_gazetteer,approximate_city
65308,40.839331,-74.083834,osm_nominatim,poi_match
65310,40.520300,-74.420500,geonames_centroid,approximate_city
65314,39.716021,-75.172451,us_census_gazetteer,approximate_city
65315,40.223841,-74.763624,us_census_gazetteer,approximate_city
65319,39.806627,-74.967332,us_census_batch,street_interpolated
65320,40.892130,-74.685759,osm_nominatim,poi_match
65328,40.793900,-74.025800,geonames_centroid,approximate_city
65329,37.201619,-108.686971,osm_nominatim,poi_match
65332,39.972300,-75.060700,geonames_centroid,approximate_city
65334,40.695567,-75.189345,osm_nominatim,poi_match
65335,40.691974,-75.179006,us_census_gazetteer,approximate_city
65338,40.724220,-74.172574,us_census_gazetteer,approximate_city
65339,40.832677,-74.014088,us_census_gazetteer,approximate_city
65343,40.574413,-74.414800,us_census_gazetteer,approximate_city
65345,40.453800,-74.482300,geonames_centroid,approximate_city
65350,39.465007,-74.997115,us_census_gazetteer,approximate_city
65351,39.465007,-74.997115,us_census_gazetteer,approximate_city
65353,40.552857,-74.286939,us_census_gazetteer,approximate_city
65359,34.155034,-106.912241,us_census_gazetteer,approximate_city
65360,33.404138,-104.523690,osm_nominatim,poi_match
65361,35.416395,-106.402102,osm_nominatim,poi_match
65365,38.531850,-118.624914,osm_nominatim,poi_match
65373,44.988281,-73.432429,us_census_gazetteer,approximate_city
65377,42.597100,-73.795900,geonames_centroid,approximate_city
65379,42.182300,-75.654500,geonames_centroid,approximate_city
65381,42.571903,-79.093880,osm_nominatim,poi_match
65383,42.017267,-78.631327,us_census_gazetteer,approximate_city
65386,42.381175,-75.184185,osm_nominatim,poi_match
65387,44.579326,-73.533292,us_census_gazetteer,approximate_city
65392,42.960487,-76.845654,osm_nominatim,poi_match
65395,40.861400,-82.282063,osm_nominatim,poi_match
65398,41.397900,-81.811800,geonames_centroid,approximate_city
65400,40.805119,-82.971632,us_census_gazetteer,approximate_city
65406,41.478462,-81.679435,us_census_gazetteer,approximate_city
65411,39.044460,-82.644658,us_census_gazetteer,approximate_city
65415,40.800693,-81.524569,osm_nominatim,poi_match
65423,41.577572,-83.572178,us_census_gazetteer,approximate_city
65426,39.724340,-82.957472,us_census_gazetteer,approximate_city
65431,40.366310,-80.657061,us_census_gazetteer,approximate_city
65441,35.393113,-99.405457,osm_nominatim,poi_match
65444,34.011584,-95.512179,us_census_gazetteer,approximate_city
65445,33.907406,-94.822174,us_census_gazetteer,approximate_city
65451,36.443778,-95.708911,us_census_gazetteer,approximate_city
65457,33.787525,-97.139180,us_census_gazetteer,approximate_city
65490,33.375833,-84.777324,us_census_gazetteer,approximate_city
65494,33.618816,-83.075036,us_census_gazetteer,approximate_city
65513,40.053028,-78.511437,osm_nominatim,poi_match
65514,40.476483,-76.287970,us_census_gazetteer,approximate_city
65518,40.563723,-80.227627,osm_nominatim,poi_match
65521,39.936829,-76.979459,us_census_gazetteer,approximate_city
65522,40.114473,-76.032203,osm_nominatim,poi_match
65523,40.010867,-78.355903,us_census_gazetteer,approximate_city
65524,40.010867,-78.355903,us_census_gazetteer,approximate_city
65525,40.177667,-74.850960,us_census_gazetteer,approximate_city
65527,39.790670,-77.726674,us_census_gazetteer,approximate_city
65530,40.285488,-76.650600,osm_nominatim,poi_match
65532,41.105235,-77.488485,us_census_gazetteer,approximate_city
65533,41.558497,-77.105520,us_census_gazetteer,approximate_city
65537,40.470561,-78.834011,us_census_gazetteer,approximate_city
65538,40.623705,-79.726152,us_census_gazetteer,approximate_city
65549,40.754917,-75.262935,us_census_gazetteer,approximate_city
65552,40.154700,-74.990400,geonames_centroid,approximate_city
65556,39.976844,-76.695103,osm_nominatim,poi_match
65572,33.609344,-81.845849,osm_nominatim,poi_match
65573,34.000230,-79.207117,us_census_gazetteer,approximate_city
65578,32.832345,-79.953055,osm_nominatim,poi_match
65587,34.511372,-82.306979,osm_nominatim,poi_match
65588,32.803262,-80.110443,osm_nominatim,poi_match
65593,34.215711,-81.481895,us_census_batch,street_interpolated
65594,34.938216,-81.019177,us_census_gazetteer,approximate_city
65598,33.402629,-79.925194,us_census_gazetteer,approximate_city
65603,43.079646,-96.780224,us_census_gazetteer,approximate_city
65604,44.362341,-98.209571,us_census_gazetteer,approximate_city
65608,43.349369,-96.894066,us_census_gazetteer,approximate_city
65614,44.405257,-98.475717,osm_nominatim,poi_match
65622,36.558549,-82.217001,us_census_gazetteer,approximate_city
65624,36.386681,-87.631006,us_census_batch,street_interpolated
65625,35.157394,-86.595161,osm_nominatim,poi_match
65629,35.872669,-84.504486,us_census_gazetteer,approximate_city
65639,35.935390,-86.529872,osm_nominatim,poi_match
65641,32.454514,-99.738147,us_census_gazetteer,approximate_city
65652,32.759057,-97.261404,osm_nominatim,poi_match
65659,34.255741,-99.514142,us_census_gazetteer,approximate_city
65666,32.766974,-96.807163,osm_nominatim,poi_match
65667,33.225922,-97.586986,us_census_gazetteer,approximate_city
65671,30.123528,-93.754548,us_census_gazetteer,approximate_city
65673,28.669049,-100.456104,osm_nominatim,poi_match
65674,28.739093,-100.496810,osm_nominatim,poi_match
65678,32.325067,-96.633799,us_census_gazetteer,approximate_city
65683,34.639434,-102.723118,us_census_gazetteer,approximate_city
65686,34.161504,-99.298219,osm_nominatim,poi_match
65690,29.512549,-97.447205,us_census_gazetteer,approximate_city
65691,29.519885,-97.451114,osm_nominatim,poi_match
65721,33.356968,-97.696026,us_census_gazetteer,approximate_city
65724,31.880461,-102.345314,us_census_gazetteer,approximate_city
65728,26.163436,-98.193890,us_census_gazetteer,approximate_city
65738,27.927053,-97.175060,us_census_batch,street_interpolated
65755,36.864449,-81.434410,osm_nominatim,poi_match
65759,39.374400,-78.308100,geonames_centroid,approximate_city
65761,36.684014,-76.941396,us_census_gazetteer,approximate_city
65762,38.909424,-78.197752,osm_nominatim,poi_match
65764,39.106396,-77.559195,us_census_gazetteer,approximate_city
65765,37.272189,-79.100105,us_census_gazetteer,approximate_city
65767,37.126086,-82.607340,us_census_gazetteer,approximate_city
65770,44.981501,-73.297265,osm_nominatim,poi_match
65771,42.857585,-72.559338,us_census_batch,street_interpolated
65789,44.531458,-88.747156,us_census_batch,street_interpolated
65791,44.922851,-89.962611,us_census_gazetteer,approximate_city
65793,44.024847,-89.810509,us_census_batch,street_interpolated
65794,44.510925,-87.994054,osm_nominatim,poi_match
65796,43.322467,-88.377737,us_census_gazetteer,approximate_city
65800,43.510262,-88.220028,osm_nominatim,poi_match
65804,44.199248,-88.680482,osm_nominatim,poi_match
65805,43.594248,-88.443216,us_census_gazetteer,approximate_city
65806,43.594248,-88.443216,us_census_gazetteer,approximate_city
65809,44.026075,-90.074709,osm_nominatim,poi_match
65810,43.875292,-90.162379,us_census_gazetteer,approximate_city
65812,44.217499,-89.496926,us_census_gazetteer,approximate_city
65813,43.548951,-89.465866,us_census_gazetteer,approximate_city
65814,43.041618,-91.135408,us_census_gazetteer,approximate_city
65817,45.898932,-91.829323,osm_nominatim,poi_match
65818,43.893182,-91.078020,osm_nominatim,poi_match
65820,43.216018,-89.328754,osm_nominatim,poi_match
65822,44.826881,-89.166583,us_census_gazetteer,approximate_city
65824,40.612924,-80.562730,us_census_gazetteer,approximate_city
65828,39.296785,-80.776020,us_census_gazetteer,approximate_city
65831,42.848851,-106.216883,us_census_batch,street_interpolated
65835,43.738223,-108.176259,us_census_batch,street_interpolated
65836,32.957701,-97.307544,osm_nominatim,poi_match
65837,40.400820,-82.810994,us_census_gazetteer,approximate_city
65842,33.329168,-82.170640,osm_nominatim,poi_match
65847,40.177691,-88.240533,osm_nominatim,poi_match
65848,42.988287,-83.675583,osm_nominatim,poi_match
65849,42.284340,-84.863208,osm_nominatim,poi_match
65857,32.544730,-93.516102,osm_nominatim,poi_match
65858,41.620520,-86.699936,osm_nominatim,poi_match
65859,41.667392,-85.821382,us_census_batch,street_interpolated
65860,32.918056,-96.438050,us_census_gazetteer,approximate_city
65862,38.019923,-79.140978,osm_nominatim,poi_match
65863,40.653522,-74.912116,osm_nominatim,poi_match
65866,41.876143,-75.726561,us_census_gazetteer,approximate_city
65868,35.815160,-80.876201,osm_nominatim,poi_match
65873,36.953385,-81.088438,us_census_gazetteer,approximate_city
65880,39.175229,-89.676135,us_census_batch,street_interpolated
65883,38.203242,-87.574735,us_census_gazetteer,approximate_city
65885,33.348167,-96.553452,us_census_gazetteer,approximate_city
65909,43.973292,-75.910039,us_census_gazetteer,approximate_city
65912,34.386353,-96.131101,us_census_gazetteer,approximate_city
65914,40.921352,-98.358559,us_census_gazetteer,approximate_city
65915,46.866504,-96.861168,osm_nominatim,poi_match
65917,36.755157,-85.148375,us_census_batch,street_interpolated
65919,35.109164,-89.968511,us_census_gazetteer,approximate_city
65935,33.122934,-89.054879,us_census_gazetteer,approximate_city
65962,28.328104,-82.188455,osm_nominatim,poi_match
65969,30.788511,-92.179971,us_census_batch,street_interpolated
65974,43.291959,-84.605334,osm_nominatim,poi_match
65978,44.092296,-91.749995,us_census_gazetteer,approximate_city
65983,36.072537,-76.611814,osm_nominatim,poi_match
65989,35.030051,-107.475046,osm_nominatim,poi_match
66014,32.857748,-96.970022,us_census_gazetteer,approximate_city
66015,28.040475,-99.354489,us_census_gazetteer,approximate_city
66016,38.417041,-82.603017,us_census_gazetteer,approximate_city
66017,29.896152,-81.311128,us_census_gazetteer,approximate_city
66020,39.955993,-82.013469,us_census_gazetteer,approximate_city
66021,37.981425,-85.702007,us_census_gazetteer,approximate_city
66022,33.456439,-112.273654,osm_nominatim,poi_match
66023,40.751269,-95.813266,us_census_gazetteer,approximate_city
66024,36.978941,-80.961796,us_census_gazetteer,approximate_city
66025,45.832948,-119.285212,us_census_gazetteer,approximate_city
66026,39.120662,-88.550859,us_census_gazetteer,approximate_city
66029,30.238360,-92.189070,us_census_gazetteer,approximate_city
66030,41.679794,-93.236280,us_census_gazetteer,approximate_city
66031,39.797780,-91.526515,us_census_gazetteer,approximate_city
66034,39.855983,-88.933746,us_census_gazetteer,approximate_city
66035,42.998538,-89.199627,osm_nominatim,poi_match
66036,33.527174,-86.797036,us_census_gazetteer,approximate_city
66037,33.804320,-93.391207,us_census_gazetteer,approximate_city
66038,43.489616,-112.035340,us_census_gazetteer,approximate_city
66039,32.407116,-91.187596,us_census_batch,street_interpolated
66040,35.216992,-114.010529,us_census_gazetteer,approximate_city
66041,45.591657,-120.697464,us_census_gazetteer,approximate_city
66042,41.161676,-79.082652,us_census_gazetteer,approximate_city
66043,32.469436,-96.990670,us_census_gazetteer,approximate_city
66044,28.001639,-82.274077,us_census_gazetteer,approximate_city
66045,39.653439,-83.551562,us_census_gazetteer,approximate_city
66046,41.727622,-84.938855,us_census_gazetteer,approximate_city
66050,41.233132,-81.643941,us_census_gazetteer,approximate_city
66051,36.976832,-86.433661,us_census_gazetteer,approximate_city
66054,41.128702,-104.790778,us_census_gazetteer,approximate_city
66055,42.400127,-92.798835,us_census_gazetteer,approximate_city
66056,35.953422,-85.030249,us_census_gazetteer,approximate_city
66057,42.490983,-88.999371,osm_nominatim,poi_match
66059,35.972536,-83.248244,osm_nominatim,poi_match
66061,41.105235,-77.488485,us_census_gazetteer,approximate_city
66062,43.540696,-96.731962,us_census_gazetteer,approximate_city
66065,36.931584,-84.100790,us_census_gazetteer,approximate_city
66068,46.415100,-84.285400,geonames_centroid,approximate_city
66069,42.329900,-71.256200,geonames_centroid,approximate_city
66070,40.691974,-75.179006,us_census_gazetteer,approximate_city
66072,30.490759,-99.773222,us_census_gazetteer,approximate_city
66073,37.081037,-88.673809,osm_nominatim,poi_match
66074,36.730041,-90.456516,us_census_batch,street_interpolated
66075,34.495186,-81.845402,osm_nominatim,poi_match
66078,35.825600,-83.099600,geonames_centroid,approximate_city
66083,33.058169,-89.589364,us_census_gazetteer,approximate_city
66090,26.093581,-98.201741,osm_nominatim,poi_match
66091,37.038989,-78.480437,us_census_gazetteer,approximate_city
66093,43.877375,-92.489867,osm_nominatim,poi_match
66099,40.752332,-74.123093,us_census_gazetteer,approximate_city
66100,32.832345,-79.953055,osm_nominatim,poi_match
66103,35.461036,-114.918428,osm_nominatim,poi_match
66106,38.275872,-112.638098,us_census_gazetteer,approximate_city
66109,30.524897,-92.081654,us_census_gazetteer,approximate_city
66110,42.495380,-96.389495,us_census_gazetteer,approximate_city
66111,39.823040,-100.530737,us_census_gazetteer,approximate_city
66113,40.735887,-74.056639,osm_nominatim,poi_match
66114,39.759460,-94.821143,us_census_gazetteer,approximate_city
66115,41.158121,-80.564651,us_census_gazetteer,approximate_city
66116,41.781996,-75.706221,us_census_gazetteer,approximate_city
66117,40.553414,-76.386016,us_census_gazetteer,approximate_city
66119,38.729283,-90.125472,us_census_gazetteer,approximate_city
66120,36.030124,-83.429831,us_census_gazetteer,approximate_city
66121,39.613042,-86.070834,osm_nominatim,poi_match
66122,39.791956,-88.268099,osm_nominatim,poi_match
66123,41.402649,-89.468589,osm_nominatim,poi_match
66125,39.956112,-89.543628,us_census_gazetteer,approximate_city
66126,32.431470,-93.959889,us_census_gazetteer,approximate_city
66131,40.530943,-74.325383,osm_nominatim,poi_match
66133,28.180471,-81.830032,us_census_gazetteer,approximate_city
66134,30.468174,-87.205222,osm_nominatim,poi_match
66135,30.468174,-87.205222,osm_nominatim,poi_match
66136,35.066650,-94.610269,us_census_gazetteer,approximate_city
66137,30.310717,-89.764937,osm_nominatim,poi_match
66138,33.292359,-83.967846,us_census_gazetteer,approximate_city
66139,38.946542,-78.440046,us_census_gazetteer,approximate_city
66141,25.828478,-80.210645,us_census_batch,street_interpolated
66142,28.032852,-82.454379,us_census_batch,street_interpolated
66149,27.970086,-82.479673,us_census_gazetteer,approximate_city
66152,39.555138,-86.074352,us_census_gazetteer,approximate_city
66155,30.455696,-97.602692,osm_nominatim,poi_match
66156,30.695939,-96.359818,us_census_batch,street_interpolated
66172,27.612402,-99.522669,osm_nominatim,poi_match
66173,29.695227,-97.103797,osm_nominatim,poi_match
66174,30.509092,-99.772854,osm_nominatim,poi_match
66176,34.999578,-78.092726,us_census_gazetteer,approximate_city
66177,35.296389,-79.732521,us_census_gazetteer,approximate_city
66178,26.385609,-98.144359,us_census_batch,street_interpolated
66179,39.564770,-119.189433,us_census_gazetteer,approximate_city
66182,32.561600,-84.855900,geonames_centroid,approximate_city
66183,32.381919,-89.479532,us_census_batch,street_interpolated
66184,43.048300,-77.612200,geonames_centroid,approximate_city
66185,31.460640,-96.065829,us_census_batch,street_interpolated
66186,27.225734,-98.139940,osm_nominatim,poi_match
66195,42.392703,-71.610715,osm_nominatim,poi_match
66196,32.186464,-96.885789,us_census_gazetteer,approximate_city
66198,33.588732,-81.779812,osm_nominatim,poi_match
66221,42.790762,-88.389543,osm_nominatim,poi_match
66223,27.605420,-99.517556,osm_nominatim,poi_match
66224,42.149267,-88.511603,osm_nominatim,poi_match
66225,41.553283,-89.066801,osm_nominatim,poi_match
66227,38.312667,-88.961030,osm_nominatim,poi_match
66229,35.676113,-82.001114,us_census_gazetteer,approximate_city
66230,39.384564,-101.044978,us_census_gazetteer,approximate_city
66235,37.729145,-84.299364,us_census_gazetteer,approximate_city
66236,40.732183,-97.996896,us_census_batch,street_interpolated
66237,35.029669,-106.948835,osm_nominatim,poi_match
66238,42.899080,-74.567869,us_census_gazetteer,approximate_city
66239,26.688379,-80.735526,us_census_gazetteer,approximate_city
66241,41.113043,-98.000335,us_census_gazetteer,approximate_city
66242,40.437549,-99.367614,osm_nominatim,poi_match
66243,45.123402,-67.348407,osm_nominatim,poi_match
66244,28.339255,-98.025942,osm_nominatim,poi_match
66247,42.145900,-71.988400,geonames_centroid,approximate_city
66248,43.584263,-70.361682,osm_nominatim,poi_match
66249,43.040165,-71.064654,osm_nominatim,poi_match
66250,36.013077,-78.516823,osm_nominatim,poi_match
66252,44.764131,-68.706119,osm_nominatim,poi_match
66255,44.396135,-71.200364,osm_nominatim,poi_match
66257,41.667977,-107.979142,us_census_gazetteer,approximate_city
66258,43.610629,-71.652754,us_census_gazetteer,approximate_city
66259,31.103183,-97.340435,osm_nominatim,poi_match
66261,35.315624,-78.626146,osm_nominatim,poi_match
66263,40.456503,-75.821579,us_census_gazetteer,approximate_city
66266,41.674084,-85.917670,osm_nominatim,poi_match
66267,41.199271,-87.195453,us_census_gazetteer,approximate_city
66272,35.990803,-79.992713,us_census_gazetteer,approximate_city
66273,34.006597,-86.016078,us_census_gazetteer,approximate_city
66274,41.113155,-114.953537,us_census_gazetteer,approximate_city
66278,41.521267,-74.112853,osm_nominatim,poi_match
66284,44.811538,-73.084462,us_census_gazetteer,approximate_city
66285,33.611012,-84.298908,osm_nominatim,poi_match
66286,35.970680,-83.949270,us_census_gazetteer,approximate_city
66290,44.952767,-90.439585,us_census_gazetteer,approximate_city
66292,33.702600,-85.189244,us_census_gazetteer,approximate_city
66293,34.966937,-85.421501,us_census_gazetteer,approximate_city
66294,42.752927,-84.744901,us_census_gazetteer,approximate_city
66295,42.878693,-87.898676,us_census_gazetteer,approximate_city
66299,42.196800,-71.764400,geonames_centroid,approximate_city
66300,35.390041,-89.411052,osm_nominatim,poi_match
66301,44.140026,-88.166629,us_census_batch,street_interpolated
66303,44.905616,-89.605816,osm_nominatim,poi_match
66307,30.726600,-90.509000,geonames_centroid,approximate_city
66310,40.153808,-79.741667,us_census_gazetteer,approximate_city
66313,36.756800,-89.567477,us_census_gazetteer,approximate_city
66314,41.959270,-83.675373,osm_nominatim,poi_match
66315,41.603265,-86.896648,us_census_batch,street_interpolated
66316,35.970680,-83.949270,us_census_gazetteer,approximate_city
66317,35.719269,-86.412922,us_census_gazetteer,approximate_city
66318,37.836056,-92.100778,osm_nominatim,poi_match
66319,42.316053,-89.067778,us_census_batch,street_interpolated
66320,43.007307,-83.072036,osm_nominatim,poi_match
66322,38.149899,-88.904019,us_census_gazetteer,approximate_city
66323,46.873700,-113.878300,geonames_centroid,approximate_city
66328,32.535471,-82.928807,us_census_gazetteer,approximate_city
66329,35.094856,-81.668007,osm_nominatim,poi_match
66332,26.066756,-97.635000,us_census_gazetteer,approximate_city
66334,37.060467,-88.114389,us_census_gazetteer,approximate_city
66337,44.366470,-106.646353,us_census_batch,street_interpolated
66338,33.177183,-94.970852,osm_nominatim,poi_match
66339,25.775163,-80.208615,us_census_gazetteer,approximate_city
66341,34.071455,-99.009376,osm_nominatim,poi_match
66342,32.092747,-83.786839,us_census_gazetteer,approximate_city
66346,40.041286,-86.897576,us_census_gazetteer,approximate_city
66348,34.921186,-91.106255,us_census_gazetteer,approximate_city
66349,34.716749,-92.343351,osm_nominatim,poi_match
66352,44.031770,-88.586349,osm_nominatim,poi_match
66353,37.711973,-89.891586,osm_nominatim,poi_match
66355,35.139217,-82.104098,osm_nominatim,poi_match
66357,41.363000,-89.000800,geonames_centroid,approximate_city
66361,34.216925,-90.543195,us_census_gazetteer,approximate_city
66362,34.178923,-79.792217,us_census_gazetteer,approximate_city
66363,37.393428,-97.279548,us_census_gazetteer,approximate_city
66364,27.993508,-82.122037,osm_nominatim,poi_match
66365,40.430883,-74.871795,us_census_gazetteer,approximate_city
66368,42.904586,-76.859023,us_census_gazetteer,approximate_city
66369,39.871141,-86.465499,us_census_gazetteer,approximate_city
66370,35.740656,-77.903947,osm_nominatim,poi_match
66371,31.389895,-92.670374,us_census_gazetteer,approximate_city
66372,31.055380,-97.445360,osm_nominatim,poi_match
66374,31.612364,-94.652046,us_census_gazetteer,approximate_city
66376,35.819755,-90.679033,us_census_gazetteer,approximate_city
66377,32.666169,-97.420687,osm_nominatim,poi_match
66382,40.468725,-93.985963,us_census_gazetteer,approximate_city
66383,31.943709,-94.245706,us_census_gazetteer,approximate_city
66385,32.619146,-93.272754,us_census_gazetteer,approximate_city
66386,36.744093,-79.936268,osm_nominatim,poi_match
66388,32.190460,-83.749329,osm_nominatim,poi_match
66392,33.208591,-92.720724,osm_nominatim,poi_match
66393,40.110126,-87.776925,us_census_gazetteer,approximate_city
66396,30.937229,-90.526343,osm_nominatim,poi_match
66399,33.427661,-86.707618,osm_nominatim,poi_match
66400,33.614208,-114.483007,us_census_gazetteer,approximate_city
66404,32.890901,-96.687725,osm_nominatim,poi_match
66405,43.419945,-83.950172,us_census_gazetteer,approximate_city
66406,36.595800,-77.592100,geonames_centroid,approximate_city
66407,34.438631,-85.756599,osm_nominatim,poi_match
66410,34.685253,-87.308954,us_census_batch,street_interpolated
66416,36.389448,-76.934729,us_census_gazetteer,approximate_city
66420,47.195120,-114.901363,us_census_gazetteer,approximate_city
66422,30.283156,-91.243812,us_census_gazetteer,approximate_city
66424,33.363645,-112.073495,osm_nominatim,poi_match
66425,30.393970,-88.890956,osm_nominatim,poi_match
66428,34.510410,-92.209517,us_census_gazetteer,approximate_city
66437,36.107752,-83.339454,osm_nominatim,poi_match
66439,39.440651,-89.652508,us_census_gazetteer,approximate_city
66440,41.837045,-87.684939,us_census_gazetteer,approximate_city
66447,41.112653,-88.413119,osm_nominatim,poi_match
66448,30.505650,-90.456493,us_census_gazetteer,approximate_city
66449,35.927090,-89.918575,osm_nominatim,poi_match
66451,43.176745,-84.705176,osm_nominatim,poi_match
66454,30.072962,-90.555022,us_census_gazetteer,approximate_city
66456,30.018643,-90.850881,us_census_gazetteer,approximate_city
66460,30.137444,-91.955830,us_census_gazetteer,approximate_city
66461,33.408981,-102.160129,osm_nominatim,poi_match
66465,38.215091,-89.380017,us_census_batch,street_interpolated
66470,32.546459,-86.381618,osm_nominatim,poi_match
66472,31.020253,-87.504578,osm_nominatim,poi_match
66474,43.040998,-76.143554,us_census_gazetteer,approximate_city
66475,32.675047,-115.498439,osm_nominatim,poi_match
66478,39.034955,-95.579650,us_census_gazetteer,approximate_city
66480,37.169892,-85.917188,us_census_gazetteer,approximate_city
66487,41.813874,-87.881630,osm_nominatim,poi_match
66488,40.248118,-88.641811,us_census_gazetteer,approximate_city
66495,30.229792,-93.356343,us_census_gazetteer,approximate_city
66496,30.629636,-87.051407,us_census_gazetteer,approximate_city
66502,30.223978,-92.658295,us_census_gazetteer,approximate_city
66504,29.875200,-94.593800,geonames_centroid,approximate_city
66507,45.887164,-84.731707,us_census_gazetteer,approximate_city
66508,41.664071,-83.581861,us_census_gazetteer,approximate_city
66509,40.740679,-84.112091,us_census_gazetteer,approximate_city
66512,42.007536,-83.317050,osm_nominatim,poi_match
66513,44.242297,-84.224611,osm_nominatim,poi_match
66514,30.992155,-83.377258,us_census_gazetteer,approximate_city
66516,31.138346,-83.444585,osm_nominatim,poi_match
66517,46.492255,-84.374133,osm_nominatim,poi_match
66518,30.894515,-83.349155,osm_nominatim,poi_match
66523,31.462099,-83.520499,us_census_gazetteer,approximate_city
66525,41.806991,-83.442433,osm_nominatim,poi_match
66527,40.266486,-103.620944,osm_nominatim,poi_match
66528,39.261278,-81.543350,us_census_gazetteer,approximate_city
66529,36.118255,-80.795347,osm_nominatim,poi_match
66531,40.476483,-76.287970,us_census_gazetteer,approximate_city
66532,40.704570,-74.971525,us_census_gazetteer,approximate_city
66534,38.961439,-92.746203,us_census_gazetteer,approximate_city
66537,41.451252,-90.154844,us_census_gazetteer,approximate_city
66538,41.438720,-95.612605,osm_nominatim,poi_match
66539,41.303585,-82.979425,us_census_gazetteer,approximate_city
66547,39.265500,-78.098800,geonames_centroid,approximate_city
66548,33.551834,-101.834892,osm_nominatim,poi_match
66550,45.917612,-119.331979,us_census_gazetteer,approximate_city
66552,43.546360,-116.810422,us_census_gazetteer,approximate_city
66553,44.774972,-117.831808,us_census_gazetteer,approximate_city
66556,36.725662,-78.128886,us_census_gazetteer,approximate_city
66560,34.522600,-82.896300,geonames_centroid,approximate_city
66562,34.508090,-82.986838,us_census_gazetteer,approximate_city
66564,35.999331,-80.034544,osm_nominatim,poi_match
66565,42.113772,-79.247577,osm_nominatim,poi_match
66571,42.445222,-71.230015,us_census_gazetteer,approximate_city
66573,37.690638,-97.345836,us_census_gazetteer,approximate_city
66579,42.306836,-73.250736,us_census_gazetteer,approximate_city
66582,38.964264,-112.338679,us_census_gazetteer,approximate_city
66584,36.659100,-114.665600,geonames_centroid,approximate_city
66586,42.916200,-75.354500,geonames_centroid,approximate_city
66588,43.727072,-98.042192,us_census_gazetteer,approximate_city
66594,32.535471,-82.928807,us_census_gazetteer,approximate_city
66595,42.145900,-71.988400,geonames_centroid,approximate_city
66597,32.582941,-82.155122,osm_nominatim,poi_match
66598,36.983700,-95.606500,geonames_centroid,approximate_city
66601,39.589618,-85.755854,us_census_gazetteer,approximate_city
66603,43.592908,-96.583769,us_census_gazetteer,approximate_city
66604,41.606072,-86.713679,us_census_gazetteer,approximate_city
66606,43.134554,-72.459088,us_census_gazetteer,approximate_city
66607,42.864714,-71.348244,osm_nominatim,poi_match
66608,45.677008,-94.814774,us_census_gazetteer,approximate_city
66612,44.383081,-91.014800,us_census_gazetteer,approximate_city
66613,30.195435,-93.582246,us_census_gazetteer,approximate_city
66614,42.401887,-83.169847,osm_nominatim,poi_match
66615,43.192299,-88.262365,osm_nominatim,poi_match
66618,33.914236,-80.383963,osm_nominatim,poi_match
66620,37.757901,-77.467496,osm_nominatim,poi_match
66622,40.711417,-74.064760,us_census_gazetteer,approximate_city
66624,40.090348,-74.896679,us_census_gazetteer,approximate_city
66625,44.099038,-69.809567,us_census_gazetteer,approximate_city
66628,32.295308,-81.040983,us_census_gazetteer,approximate_city
66631,42.756452,-85.075291,osm_nominatim,poi_match
66632,34.290100,-83.829106,us_census_gazetteer,approximate_city
66635,37.816979,-90.499893,us_census_gazetteer,approximate_city
66637,30.394346,-98.361174,us_census_gazetteer,approximate_city
66640,32.958830,-87.171727,osm_nominatim,poi_match
66643,36.094790,-89.862102,us_census_gazetteer,approximate_city
66645,32.469731,-100.011096,us_census_gazetteer,approximate_city
66648,33.363869,-86.997947,osm_nominatim,poi_match
66649,34.891965,-94.607790,us_census_gazetteer,approximate_city
66659,38.735278,-86.491785,osm_nominatim,poi_match
66664,42.229835,-91.885511,us_census_gazetteer,approximate_city
66667,41.935596,-89.034942,osm_nominatim,poi_match
66668,28.408650,-81.254805,us_census_gazetteer,approximate_city
66669,30.411293,-81.566542,osm_nominatim,poi_match
66670,35.413495,-78.807658,us_census_batch,street_interpolated
66671,34.650499,-86.097231,osm_nominatim,poi_match
66673,34.697720,-86.676670,us_census_gazetteer,approximate_city
66676,35.841919,-98.419882,osm_nominatim,poi_match
66678,35.513753,-108.743733,us_census_gazetteer,approximate_city
66680,32.452843,-91.489976,us_census_gazetteer,approximate_city
66683,34.495233,-91.548638,us_census_gazetteer,approximate_city
66689,32.441934,-100.532231,us_census_gazetteer,approximate_city
66693,35.111299,-103.336299,us_census_gazetteer,approximate_city
66705,33.894125,-98.528308,osm_nominatim,poi_match
66709,34.966937,-85.421501,us_census_gazetteer,approximate_city
66715,40.188166,-105.101766,osm_nominatim,poi_match
66717,42.051706,-104.959472,us_census_gazetteer,approximate_city
66718,40.751641,-89.617198,us_census_gazetteer,approximate_city
66720,35.323353,-82.455840,us_census_gazetteer,approximate_city
66721,30.420237,-92.043790,us_census_gazetteer,approximate_city
66725,38.157662,-85.833445,osm_nominatim,poi_match
66728,36.947658,-81.056839,osm_nominatim,poi_match
66734,33.616600,-84.293900,geonames_centroid,approximate_city
66737,39.562552,-95.136611,us_census_gazetteer,approximate_city
66738,39.518980,-94.784036,osm_nominatim,poi_match
66739,44.303364,-96.787339,us_census_gazetteer,approximate_city
66741,40.376068,-74.557923,us_census_gazetteer,approximate_city
66742,39.727704,-75.469035,us_census_gazetteer,approximate_city
66746,34.615059,-92.491338,us_census_gazetteer,approximate_city
66747,42.425559,-89.009455,us_census_gazetteer,approximate_city
66749,29.963475,-90.307893,us_census_gazetteer,approximate_city
66750,37.821624,-96.862203,us_census_gazetteer,approximate_city
66751,38.401860,-96.191654,us_census_gazetteer,approximate_city
66756,41.034955,-93.786603,us_census_gazetteer,approximate_city
66760,33.493596,-80.866880,us_census_gazetteer,approximate_city
66761,33.819563,-79.024830,us_census_batch,street_interpolated
66762,32.325067,-96.633799,us_census_gazetteer,approximate_city
66763,34.978044,-80.091325,us_census_batch,street_interpolated
66765,26.027752,-97.531414,osm_nominatim,poi_match
66767,34.270604,-88.732455,us_census_gazetteer,approximate_city
66769,30.846097,-81.790911,us_census_gazetteer,approximate_city
66771,26.318285,-98.153449,us_census_gazetteer,approximate_city
66773,32.729089,-103.160588,us_census_gazetteer,approximate_city
66774,41.579283,-84.020862,us_census_gazetteer,approximate_city
66775,39.579287,-82.521816,osm_nominatim,poi_match
66776,41.081994,-83.401179,us_census_batch,street_interpolated
66778,35.768875,-96.650070,us_census_gazetteer,approximate_city
66780,31.433216,-86.976081,us_census_gazetteer,approximate_city
66784,32.433929,-87.060163,us_census_batch,street_interpolated
66785,33.934717,-87.791310,us_census_gazetteer,approximate_city
66786,35.033975,-91.957270,osm_nominatim,poi_match
66787,31.248494,-89.276814,osm_nominatim,poi_match
66788,35.595874,-84.491374,us_census_batch,street_interpolated
66793,32.793717,-79.931774,osm_nominatim,poi_match
66795,43.727466,-97.591110,us_census_gazetteer,approximate_city
66796,38.723849,-75.589335,osm_nominatim,poi_match
66799,30.518547,-82.950292,us_census_batch,street_interpolated
66800,29.504359,-98.368547,osm_nominatim,poi_match
66801,30.596821,-83.106994,us_census_gazetteer,approximate_city
66802,27.472098,-81.466201,osm_nominatim,poi_match
66803,26.190161,-98.205198,osm_nominatim,poi_match
66804,41.594705,-109.220921,us_census_gazetteer,approximate_city
66805,34.913433,-85.123655,osm_nominatim,poi_match
66807,32.890901,-96.687725,osm_nominatim,poi_match
66809,41.177222,-91.188991,us_census_gazetteer,approximate_city
66810,41.958011,-87.943825,us_census_gazetteer,approximate_city
66812,40.769405,-87.129724,us_census_gazetteer,approximate_city
66813,40.488650,-85.594335,us_census_gazetteer,approximate_city
66815,36.614202,-88.322075,us_census_gazetteer,approximate_city
66816,44.599003,-69.655585,us_census_batch,street_interpolated
66817,33.906654,-98.525848,us_census_gazetteer,approximate_city
66819,41.822765,-89.475117,osm_nominatim,poi_match
66820,30.278733,-91.916986,osm_nominatim,poi_match
66821,38.879421,-75.824452,us_census_gazetteer,approximate_city
66822,34.357484,-88.841664,osm_nominatim,poi_match
66824,31.426987,-100.512105,osm_nominatim,poi_match
66833,26.190161,-98.205198,osm_nominatim,poi_match
66834,40.913481,-89.053575,osm_nominatim,poi_match
66838,40.719360,-77.589990,us_census_gazetteer,approximate_city
66843,31.847780,-106.431106,us_census_gazetteer,approximate_city
66844,27.490799,-97.845480,osm_nominatim,poi_match
66845,31.252553,-85.392017,osm_nominatim,poi_match
66846,33.282211,-86.362459,osm_nominatim,poi_match
66847,33.601798,-85.832936,osm_nominatim,poi_match
66848,34.620353,-89.952905,osm_nominatim,poi_match
66850,27.303490,-97.815739,osm_nominatim,poi_match
66853,27.509201,-97.861028,us_census_gazetteer,approximate_city
66854,40.565229,-84.190695,us_census_gazetteer,approximate_city
66856,45.409879,-94.044560,us_census_gazetteer,approximate_city
66858,33.282765,-111.851819,us_census_gazetteer,approximate_city
66862,36.153678,-85.634922,us_census_gazetteer,approximate_city
66863,35.813094,-88.590108,us_census_batch,street_interpolated
66865,33.841040,-98.490924,us_census_batch,street_interpolated
66867,42.068370,-90.678185,osm_nominatim,poi_match
66868,26.204060,-98.325221,us_census_gazetteer,approximate_city
66869,36.634092,-79.851904,osm_nominatim,poi_match
66870,41.397969,-84.124984,us_census_gazetteer,approximate_city
66874,33.561901,-101.888883,us_census_gazetteer,approximate_city
66876,37.255603,-87.449166,osm_nominatim,poi_match
66877,46.771857,-114.108453,us_census_gazetteer,approximate_city
66878,45.788538,-108.552475,us_census_gazetteer,approximate_city
66879,35.240863,-92.949643,us_census_gazetteer,approximate_city
66880,41.030711,-76.302779,us_census_gazetteer,approximate_city
66881,37.972024,-97.937604,us_census_batch,street_interpolated
66888,42.559982,-113.762067,us_census_gazetteer,approximate_city
66890,36.617200,-83.723100,geonames_centroid,approximate_city
66892,42.262679,-84.967453,us_census_gazetteer,approximate_city
66893,33.556959,-97.846101,us_census_gazetteer,approximate_city
66894,35.784382,-95.401540,osm_nominatim,poi_match
66895,36.670589,-97.315028,us_census_gazetteer,approximate_city
66897,32.224300,-86.393200,geonames_centroid,approximate_city
66898,37.261685,-77.396804,us_census_gazetteer,approximate_city
66899,35.005997,-80.940000,us_census_gazetteer,approximate_city
66900,34.064010,-86.764436,us_census_gazetteer,approximate_city
66902,43.289598,-71.834060,osm_nominatim,poi_match
66905,43.039310,-71.161496,osm_nominatim,poi_match
66906,32.643392,-96.709833,us_census_gazetteer,approximate_city
66908,36.947658,-81.056839,osm_nominatim,poi_match
66911,32.430282,-88.507088,us_census_gazetteer,approximate_city
66912,37.683818,-113.095540,us_census_gazetteer,approximate_city
66914,35.600767,-78.127935,us_census_gazetteer,approximate_city
66915,36.978941,-80.961796,us_census_gazetteer,approximate_city
66918,41.057645,-89.020260,us_census_batch,street_interpolated
66920,35.171732,-80.850583,osm_nominatim,poi_match
66921,31.900191,-81.310077,us_census_gazetteer,approximate_city
66922,31.880461,-102.345314,us_census_gazetteer,approximate_city
66923,34.214298,-83.475713,us_census_gazetteer,approximate_city
66925,34.938216,-81.019177,us_census_gazetteer,approximate_city
66927,38.065465,-83.948822,us_census_gazetteer,approximate_city
66928,27.560379,-99.489181,us_census_gazetteer,approximate_city
66929,38.616361,-90.130528,us_census_gazetteer,approximate_city
66931,42.183811,-91.780478,us_census_gazetteer,approximate_city
66932,40.915925,-90.780310,us_census_batch,street_interpolated
66935,44.200532,-87.720911,us_census_gazetteer,approximate_city
66937,37.945940,-91.761202,us_census_gazetteer,approximate_city
66939,44.430568,-88.056303,osm_nominatim,poi_match
66941,33.074543,-96.226924,us_census_gazetteer,approximate_city
66942,41.505904,-112.051418,us_census_gazetteer,approximate_city
66944,29.293276,-81.101447,us_census_gazetteer,approximate_city
66945,37.441800,-77.043600,geonames_centroid,approximate_city
66948,43.127663,-76.078759,osm_nominatim,poi_match
66951,31.115378,-99.345935,us_census_gazetteer,approximate_city
66953,38.494822,-85.767036,us_census_gazetteer,approximate_city
66954,35.109164,-89.968511,us_census_gazetteer,approximate_city
66955,32.516286,-114.521782,us_census_gazetteer,approximate_city
66956,37.046422,-88.395537,us_census_gazetteer,approximate_city
66957,35.625616,-87.044232,us_census_gazetteer,approximate_city
66959,32.346193,-88.728208,osm_nominatim,poi_match
66961,27.997157,-82.017860,osm_nominatim,poi_match
66962,39.583911,-85.818321,osm_nominatim,poi_match
66963,43.938249,-90.812705,us_census_gazetteer,approximate_city
66964,40.833940,-83.245429,osm_nominatim,poi_match
66965,33.325821,-83.388862,us_census_gazetteer,approximate_city
66966,39.653439,-83.551562,us_census_gazetteer,approximate_city
66968,40.396301,-91.575443,us_census_gazetteer,approximate_city
66972,47.590578,-117.561004,osm_nominatim,poi_match
66987,33.469270,-82.495116,us_census_gazetteer,approximate_city
66993,41.348770,-86.319336,us_census_gazetteer,approximate_city
66994,41.397969,-84.124984,us_census_gazetteer,approximate_city
66995,42.336093,-77.316860,us_census_gazetteer,approximate_city
66997,32.619146,-93.272754,us_census_gazetteer,approximate_city
67008,38.726219,-89.893470,us_census_gazetteer,approximate_city
67009,43.135090,-93.373651,us_census_gazetteer,approximate_city
67030,43.654293,-93.364148,us_census_gazetteer,approximate_city
67034,41.179755,-83.668259,us_census_gazetteer,approximate_city
67037,40.986232,-81.994840,us_census_gazetteer,approximate_city
67038,31.578117,-84.176224,us_census_gazetteer,approximate_city
67039,38.543608,-90.440055,osm_nominatim,poi_match
67040,31.233698,-85.406823,us_census_gazetteer,approximate_city
67041,44.785427,-69.731993,osm_nominatim,poi_match
67044,33.777771,-113.606047,us_census_gazetteer,approximate_city
67047,43.693661,-98.014827,osm_nominatim,poi_match
67051,38.487096,-90.758230,osm_nominatim,poi_match
67053,27.560379,-99.489181,us_census_gazetteer,approximate_city
67054,40.776928,-111.930991,us_census_gazetteer,approximate_city
67055,42.648236,-112.189394,us_census_gazetteer,approximate_city
67056,47.663163,-96.016683,us_census_gazetteer,approximate_city
67057,42.497925,-73.674598,osm_nominatim,poi_match
67058,39.855983,-88.933746,us_census_gazetteer,approximate_city
67060,46.953502,-122.934849,osm_nominatim,poi_match
67063,29.699306,-98.115127,us_census_gazetteer,approximate_city
67064,35.493227,-98.354723,us_census_gazetteer,approximate_city
67065,32.431470,-93.959889,us_census_gazetteer,approximate_city
67066,41.696337,-93.040512,us_census_gazetteer,approximate_city
67067,40.091746,-104.593741,us_census_gazetteer,approximate_city
67069,39.265074,-103.685911,us_census_gazetteer,approximate_city
67070,36.171800,-86.785002,us_census_gazetteer,approximate_city
67071,38.813086,-90.092073,us_census_gazetteer,approximate_city
67073,40.924332,-80.146883,us_census_gazetteer,approximate_city
67075,30.726600,-90.509000,geonames_centroid,approximate_city
67076,30.474329,-90.959027,us_census_gazetteer,approximate_city
67077,30.137444,-91.955830,us_census_gazetteer,approximate_city
67078,30.474329,-90.959027,us_census_gazetteer,approximate_city
67081,33.225464,-84.934336,us_census_batch,street_interpolated
67082,39.633652,-77.807106,osm_nominatim,poi_match
67085,41.103900,-74.164400,geonames_centroid,approximate_city
67086,34.697034,-77.139765,osm_nominatim,poi_match
67087,34.440210,-77.879681,us_census_batch,street_interpolated
67088,34.213372,-81.528386,us_census_gazetteer,approximate_city
67090,33.910890,-96.461129,us_census_batch,street_interpolated
67091,34.988755,-79.250795,osm_nominatim,poi_match
67092,35.835336,-76.765878,us_census_batch,street_interpolated
67094,35.714211,-79.811197,osm_nominatim,poi_match
67095,35.518942,-77.091902,osm_nominatim,poi_match
67096,35.044382,-78.942137,osm_nominatim,poi_match
67097,35.262888,-77.641067,osm_nominatim,poi_match
67101,35.251609,-80.501030,us_census_batch,street_interpolated
67103,35.840895,-77.071529,osm_nominatim,poi_match
67106,37.184981,-77.317734,osm_nominatim,poi_match
67107,33.807442,-79.018498,us_census_batch,street_interpolated
67108,33.906400,-78.793400,geonames_centroid,approximate_city
67109,36.689427,-76.608858,osm_nominatim,poi_match
67113,43.351660,-89.037701,osm_nominatim,poi_match
67114,41.123446,-87.877532,us_census_batch,street_interpolated
67115,35.092655,-85.636055,osm_nominatim,poi_match
67117,40.121932,-86.034042,us_census_gazetteer,approximate_city
67118,39.710208,-91.394044,us_census_gazetteer,approximate_city
67119,37.086473,-84.605350,us_census_gazetteer,approximate_city
67120,30.413101,-83.304142,us_census_gazetteer,approximate_city
67121,42.392799,-75.180071,us_census_gazetteer,approximate_city
67122,35.492375,-94.213947,us_census_gazetteer,approximate_city
67125,41.158121,-80.564651,us_census_gazetteer,approximate_city
67126,35.654170,-88.835335,us_census_gazetteer,approximate_city
67127,34.377019,-86.909547,us_census_gazetteer,approximate_city
67129,39.364259,-101.032165,osm_nominatim,poi_match
67130,41.457600,-88.192500,osm_nominatim,poi_match
67133,41.113155,-114.953537,us_census_gazetteer,approximate_city
67137,40.960629,-117.747697,osm_nominatim,poi_match
67138,37.194157,-93.292642,us_census_gazetteer,approximate_city
67139,38.695435,-84.906136,us_census_gazetteer,approximate_city
67140,42.310239,-93.581877,us_census_gazetteer,approximate_city
67141,41.732867,-92.727206,us_census_batch,street_interpolated
67143,41.139127,-85.161482,osm_nominatim,poi_match
67149,44.035568,-89.533403,osm_nominatim,poi_match
67150,42.026327,-93.621264,us_census_gazetteer,approximate_city
67151,41.518945,-93.103739,us_census_gazetteer,approximate_city
67155,38.970018,-89.136751,osm_nominatim,poi_match
67158,39.574341,-119.715154,us_census_gazetteer,approximate_city
67160,38.821616,-81.709312,us_census_gazetteer,approximate_city
67162,41.732052,-92.444981,us_census_gazetteer,approximate_city
67163,40.556225,-75.982357,us_census_gazetteer,approximate_city
67164,39.249080,-112.104411,us_census_gazetteer,approximate_city
67165,40.005030,-79.077855,us_census_gazetteer,approximate_city
67166,39.802585,-82.706178,us_census_gazetteer,approximate_city
67167,44.025336,-116.977368,us_census_gazetteer,approximate_city
67168,38.934654,-99.556791,us_census_gazetteer,approximate_city
67169,33.493596,-80.866880,us_census_gazetteer,approximate_city
67170,30.433791,-83.453123,osm_nominatim,poi_match
67174,43.064760,-92.674457,us_census_gazetteer,approximate_city
67175,43.371394,-92.111894,osm_nominatim,poi_match
67178,42.668220,-92.333942,us_census_gazetteer,approximate_city
67182,43.181104,-91.867965,us_census_gazetteer,approximate_city
67185,44.454448,-93.167143,osm_nominatim,poi_match
67186,43.644789,-94.464015,us_census_gazetteer,approximate_city
67192,44.058726,-92.527846,osm_nominatim,poi_match
67193,43.805252,-91.754648,osm_nominatim,poi_match
67195,43.640994,-94.100339,us_census_gazetteer,approximate_city
67196,43.997558,-92.248120,osm_nominatim,poi_match
67200,44.753435,-90.291672,osm_nominatim,poi_match
67202,44.290268,-91.241098,osm_nominatim,poi_match
67204,45.132958,-92.534691,osm_nominatim,poi_match
67206,44.921588,-91.369150,osm_nominatim,poi_match
67207,43.170178,-88.731547,osm_nominatim,poi_match
67208,43.315153,-90.350498,us_census_batch,street_interpolated
67209,45.178993,-89.653011,osm_nominatim,poi_match
67211,43.853629,-88.861681,osm_nominatim,poi_match
67219,45.464681,-91.111779,osm_nominatim,poi_match
67220,42.991265,-89.539247,us_census_gazetteer,approximate_city
67221,44.031770,-88.586349,osm_nominatim,poi_match
67223,45.481992,-91.745762,us_census_gazetteer,approximate_city
67226,43.867843,-91.210639,osm_nominatim,poi_match
67229,44.335955,-88.630922,osm_nominatim,poi_match
67230,43.842874,-91.248608,osm_nominatim,poi_match
67233,44.182625,-88.065193,osm_nominatim,poi_match
67234,43.681588,-90.265718,osm_nominatim,poi_match
67235,30.811823,-97.610969,osm_nominatim,poi_match
67237,32.619146,-93.272754,us_census_gazetteer,approximate_city
67239,32.466879,-93.792193,us_census_gazetteer,approximate_city
67241,32.246949,-93.686859,us_census_gazetteer,approximate_city
67242,36.279463,-80.825474,osm_nominatim,poi_match
67243,34.499809,-114.310943,us_census_gazetteer,approximate_city
67245,33.843459,-79.087234,osm_nominatim,poi_match
67246,34.748911,-77.420062,osm_nominatim,poi_match
67247,42.729763,-71.210313,osm_nominatim,poi_match
67248,35.722203,-78.643245,osm_nominatim,poi_match
67255,31.244474,-90.471593,us_census_gazetteer,approximate_city
67262,33.580169,-86.127876,us_census_gazetteer,approximate_city
67264,45.222317,-67.569360,osm_nominatim,poi_match
67265,45.362035,-68.515447,osm_nominatim,poi_match
67269,41.243795,-75.466598,us_census_batch,street_interpolated
67271,44.623329,-93.757046,osm_nominatim,poi_match
67272,48.371476,-114.191834,us_census_gazetteer,approximate_city
67273,34.279880,-81.600333,us_census_gazetteer,approximate_city
67274,42.390903,-91.480803,us_census_batch,street_interpolated
67275,44.562917,-92.541486,osm_nominatim,poi_match
67279,39.428152,-85.628713,us_census_gazetteer,approximate_city
67281,31.721916,-82.197823,us_census_gazetteer,approximate_city
67282,39.913683,-77.669392,osm_nominatim,poi_match
67283,36.177219,-85.949279,osm_nominatim,poi_match
67284,41.124960,-100.750359,us_census_gazetteer,approximate_city
67285,42.672668,-93.482741,us_census_batch,street_interpolated
67292,33.941378,-86.192107,us_census_gazetteer,approximate_city
67293,43.567197,-88.916248,osm_nominatim,poi_match
67294,44.980268,-73.454470,osm_nominatim,poi_match
67296,36.233499,-115.264037,us_census_gazetteer,approximate_city
67297,32.515588,-98.368961,osm_nominatim,poi_match
67298,39.884635,-83.450632,osm_nominatim,poi_match
67302,43.661742,-94.732881,osm_nominatim,poi_match
67303,42.669534,-96.664712,osm_nominatim,poi_match
67304,43.401476,-95.743031,us_census_gazetteer,approximate_city
67305,32.366200,-94.003400,geonames_centroid,approximate_city
67306,37.817665,-85.455345,us_census_gazetteer,approximate_city
67307,43.045127,-83.326746,us_census_gazetteer,approximate_city
67308,30.053420,-89.934502,us_census_gazetteer,approximate_city
67311,46.852890,-92.280403,us_census_batch,street_interpolated
67312,37.224530,-89.537647,us_census_gazetteer,approximate_city
67313,31.188315,-94.782885,us_census_gazetteer,approximate_city
67316,36.731336,-102.509522,us_census_gazetteer,approximate_city
67321,34.333673,-89.935416,us_census_batch,street_interpolated
67322,34.270604,-88.732455,us_census_gazetteer,approximate_city
67323,41.213669,-98.459446,us_census_gazetteer,approximate_city
67325,31.433216,-86.976081,us_census_gazetteer,approximate_city
67329,34.508090,-82.986838,us_census_gazetteer,approximate_city
67331,33.303112,-87.026660,us_census_gazetteer,approximate_city
67333,41.349559,-74.687066,osm_nominatim,poi_match
67334,44.427637,-89.515502,osm_nominatim,poi_match
67335,35.464125,-86.072895,us_census_gazetteer,approximate_city
67336,28.466853,-98.177947,us_census_gazetteer,approximate_city
67337,42.873138,-87.943895,osm_nominatim,poi_match
67338,36.406702,-97.869861,us_census_gazetteer,approximate_city
67340,40.076591,-86.901212,osm_nominatim,poi_match
67341,42.108825,-91.275205,us_census_gazetteer,approximate_city
67342,37.223009,-80.215723,us_census_gazetteer,approximate_city
67343,45.056922,-87.744077,us_census_gazetteer,approximate_city
67344,34.064010,-86.764436,us_census_gazetteer,approximate_city
67345,33.941378,-86.192107,us_census_gazetteer,approximate_city
67348,41.927299,-80.568382,us_census_gazetteer,approximate_city
67350,44.430990,-88.079936,us_census_gazetteer,approximate_city
67356,42.067292,-72.678102,osm_nominatim,poi_match
67357,46.864700,-96.829080,us_census_gazetteer,approximate_city
67358,44.867848,-92.606387,us_census_batch,street_interpolated
67359,43.209884,-112.320111,us_census_batch,street_interpolated
67360,31.370226,-81.433990,osm_nominatim,poi_match
67361,47.227215,-122.236264,us_census_gazetteer,approximate_city
67362,35.111299,-103.336299,us_census_gazetteer,approximate_city
67364,43.192299,-88.262365,osm_nominatim,poi_match
67365,44.073430,-87.699879,osm_nominatim,poi_match
67366,42.944963,-88.110224,osm_nominatim,poi_match
67367,43.550441,-90.888380,osm_nominatim,poi_match
67368,43.548951,-89.465866,us_census_gazetteer,approximate_city
67369,42.587526,-87.879996,us_census_gazetteer,approximate_city
67370,34.957600,-83.390100,geonames_centroid,approximate_city
67371,33.804320,-93.391207,us_census_gazetteer,approximate_city
67380,40.724025,-114.025097,us_census_gazetteer,approximate_city
67381,33.250212,-80.816624,osm_nominatim,poi_match
67382,43.840434,-103.189707,us_census_gazetteer,approximate_city
67383,41.455885,-82.714436,us_census_gazetteer,approximate_city
67391,40.810284,-96.674856,us_census_gazetteer,approximate_city
67393,33.431573,-112.641626,us_census_gazetteer,approximate_city
67394,31.209556,-82.382725,osm_nominatim,poi_match
67395,41.770121,-91.128281,us_census_gazetteer,approximate_city
67396,41.905503,-90.595614,us_census_gazetteer,approximate_city
67397,41.354046,-88.823408,us_census_gazetteer,approximate_city
67398,38.140018,-93.726769,us_census_gazetteer,approximate_city
67400,40.748179,-84.147503,osm_nominatim,poi_match
67401,32.631606,-96.701987,osm_nominatim,poi_match
67402,43.419530,-103.465089,us_census_gazetteer,approximate_city
67404,41.998844,-92.674410,osm_nominatim,poi_match
67405,41.190871,-104.359035,us_census_gazetteer,approximate_city
67406,40.355235,-78.430471,us_census_gazetteer,approximate_city
67408,42.357429,-89.999159,osm_nominatim,poi_match
67409,42.126600,-71.755200,geonames_centroid,approximate_city
67410,28.520303,-99.856779,osm_nominatim,poi_match
67411,38.269228,-104.610816,us_census_gazetteer,approximate_city
67414,45.877178,-95.376965,us_census_gazetteer,approximate_city
67416,41.419058,-91.067946,us_census_gazetteer,approximate_city
67417,33.666193,-112.064813,osm_nominatim,poi_match
67418,41.483235,-91.572195,us_census_gazetteer,approximate_city
67419,34.164579,-84.801704,us_census_gazetteer,approximate_city
67420,36.063320,-87.368842,us_census_gazetteer,approximate_city
67421,30.877062,-96.595217,us_census_gazetteer,approximate_city
67422,41.705183,-91.653593,us_census_gazetteer,approximate_city
67423,35.369413,-96.956408,us_census_gazetteer,approximate_city
67424,26.141227,-80.146731,us_census_gazetteer,approximate_city
67425,35.312539,-91.571253,us_census_gazetteer,approximate_city
67426,37.848067,-99.754714,us_census_gazetteer,approximate_city
67427,36.916934,-89.333912,us_census_gazetteer,approximate_city
67428,40.583790,-74.227457,us_census_gazetteer,approximate_city
67429,40.319200,-74.428500,geonames_centroid,approximate_city
67431,42.070321,-94.864597,us_census_gazetteer,approximate_city
67432,28.112817,-81.616537,us_census_gazetteer,approximate_city
67434,39.744499,-94.232324,us_census_gazetteer,approximate_city
67435,39.678136,-75.762381,osm_nominatim,poi_match
67436,40.050720,-77.520549,osm_nominatim,poi_match
67437,43.058500,-71.304900,geonames_centroid,approximate_city
67438,29.177510,-82.151025,us_census_gazetteer,approximate_city
67439,33.064665,-97.514037,us_census_batch,street_interpolated
67440,39.637487,-79.946856,us_census_gazetteer,approximate_city
67442,35.544300,-84.565697,osm_nominatim,poi_match
67443,35.232685,-85.825487,osm_nominatim,poi_match
67612,46.874359,-114.026136,us_census_gazetteer,approximate_city
67613,42.470450,-92.447173,osm_nominatim,poi_match
67614,44.028450,-92.648190,us_census_batch,street_interpolated
67615,44.443215,-92.275518,osm_nominatim,poi_match
67616,44.240896,-88.417426,osm_nominatim,poi_match
67617,36.329000,-86.916300,geonames_centroid,approximate_city
67618,41.586162,-84.434949,osm_nominatim,poi_match
67619,41.586162,-84.434949,osm_nominatim,poi_match
67620,34.710206,-97.224027,us_census_gazetteer,approximate_city
67621,47.502518,-111.299970,us_census_gazetteer,approximate_city
67622,46.664176,-122.965425,us_census_gazetteer,approximate_city
67623,47.725559,-116.944167,us_census_gazetteer,approximate_city
67624,39.741727,-104.428719,us_census_gazetteer,approximate_city
67625,30.789730,-85.366039,us_census_gazetteer,approximate_city
67626,44.870064,-94.374147,osm_nominatim,poi_match
67627,28.873773,-82.090520,osm_nominatim,poi_match
67628,41.199271,-87.195453,us_census_gazetteer,approximate_city
67629,45.217695,-93.597848,osm_nominatim,poi_match
67630,44.023707,-88.161067,osm_nominatim,poi_match
67634,37.588574,-99.475560,us_census_gazetteer,approximate_city
67635,41.538986,-83.644132,us_census_gazetteer,approximate_city
67636,38.600080,-95.262777,us_census_gazetteer,approximate_city
67637,40.850281,-73.986481,us_census_batch,street_interpolated
67641,36.719629,-82.795967,us_census_gazetteer,approximate_city
67642,39.270009,-81.055655,us_census_gazetteer,approximate_city
67643,36.238637,-80.815057,osm_nominatim,poi_match
67644,32.197077,-81.438145,us_census_batch,street_interpolated
67645,29.622191,-82.372360,osm_nominatim,poi_match
67647,40.366310,-80.657061,us_census_gazetteer,approximate_city
67650,39.953428,-90.207390,us_census_batch,street_interpolated
67651,36.932839,-90.747672,us_census_gazetteer,approximate_city
67652,39.122539,-94.741781,us_census_gazetteer,approximate_city
67655,30.310717,-89.764937,osm_nominatim,poi_match
67656,44.355176,-89.119146,osm_nominatim,poi_match
67657,44.282817,-92.667389,osm_nominatim,poi_match
67658,42.798186,-76.110237,us_census_gazetteer,approximate_city
67664,32.458882,-97.532908,us_census_gazetteer,approximate_city
67665,39.910228,-95.792832,us_census_gazetteer,approximate_city
67666,35.467079,-97.513657,us_census_gazetteer,approximate_city
67668,29.794874,-90.814578,us_census_gazetteer,approximate_city
67669,33.626195,-116.130834,us_census_gazetteer,approximate_city
67676,34.275179,-92.100649,us_census_gazetteer,approximate_city
67677,30.666016,-96.381049,us_census_gazetteer,approximate_city
67678,41.518106,-83.359094,osm_nominatim,poi_match
67682,39.458778,-98.092753,us_census_batch,street_interpolated
67683,40.861301,-99.986366,us_census_gazetteer,approximate_city
67684,42.185743,-93.586885,us_census_gazetteer,approximate_city
67685,41.970420,-91.676791,osm_nominatim,poi_match
67686,38.140061,-97.427002,us_census_gazetteer,approximate_city
67690,31.680693,-96.483203,us_census_gazetteer,approximate_city
67695,38.137940,-83.549306,us_census_batch,street_interpolated
67697,34.133127,-79.940961,us_census_gazetteer,approximate_city
67698,46.177099,-103.406385,osm_nominatim,poi_match
67699,32.550848,-92.921373,us_census_gazetteer,approximate_city
67701,46.875985,-97.209424,osm_nominatim,poi_match
67702,28.320989,-82.502671,osm_nominatim,poi_match
67703,27.967727,-82.826800,osm_nominatim,poi_match
67705,40.431946,-74.515108,osm_nominatim,poi_match
67706,40.646864,-74.189871,us_census_batch,street_interpolated
67707,40.632547,-74.238601,osm_nominatim,poi_match
67711,29.578681,-90.708023,us_census_gazetteer,approximate_city
67712,44.326050,-96.927857,us_census_batch,street_interpolated
67715,35.393113,-99.405457,osm_nominatim,poi_match
67716,44.555770,-94.213222,us_census_gazetteer,approximate_city
67718,31.105348,-85.691225,us_census_gazetteer,approximate_city
67720,34.220070,-80.247370,us_census_gazetteer,approximate_city
67721,42.371206,-88.851542,us_census_batch,street_interpolated
67723,31.506114,-82.854335,us_census_gazetteer,approximate_city
67724,37.268882,-93.118041,us_census_gazetteer,approximate_city
67726,35.572392,-77.398409,osm_nominatim,poi_match
67727,35.572392,-77.398409,osm_nominatim,poi_match
67728,35.312366,-77.161203,us_census_batch,street_interpolated
67729,35.968514,-77.808294,us_census_gazetteer,approximate_city
67732,41.857760,-96.709312,osm_nominatim,poi_match
67734,41.602781,-98.919257,us_census_gazetteer,approximate_city
67735,35.844726,-97.939308,us_census_gazetteer,approximate_city
67736,31.518196,-106.132527,osm_nominatim,poi_match
67738,31.580567,-90.443386,us_census_gazetteer,approximate_city
67739,27.956203,-97.938553,us_census_gazetteer,approximate_city
67742,32.024642,-102.113467,us_census_gazetteer,approximate_city
67743,33.153722,-99.733935,us_census_batch,street_interpolated
67744,26.293662,-97.929251,osm_nominatim,poi_match
67745,26.204060,-98.325221,us_census_gazetteer,approximate_city
67746,26.204060,-98.325221,us_census_gazetteer,approximate_city
67747,31.115378,-99.345935,us_census_gazetteer,approximate_city
67748,31.880461,-102.345314,us_census_gazetteer,approximate_city
67749,32.024642,-102.113467,us_census_gazetteer,approximate_city
67750,25.995689,-97.450848,us_census_gazetteer,approximate_city
67753,27.312236,-98.678767,osm_nominatim,poi_match
67754,36.228073,-79.977413,us_census_gazetteer,approximate_city
67755,32.828017,-79.972896,us_census_gazetteer,approximate_city
67757,32.384170,-88.689448,us_census_gazetteer,approximate_city
67758,38.587947,-83.381321,us_census_batch,street_interpolated
67762,34.435112,-100.226527,osm_nominatim,poi_match
67763,34.953977,-89.525599,us_census_gazetteer,approximate_city
67764,34.978563,-97.952283,us_census_batch,street_interpolated
67766,37.385171,-79.725502,us_census_gazetteer,approximate_city
67768,37.922853,-86.895604,osm_nominatim,poi_match
67771,36.114886,-77.179554,us_census_gazetteer,approximate_city
67772,31.580567,-90.443386,us_census_gazetteer,approximate_city
67774,40.627337,-74.236310,us_census_gazetteer,approximate_city
67777,30.411293,-81.566542,osm_nominatim,poi_match
67779,40.253003,-103.788652,us_census_gazetteer,approximate_city
67782,35.485663,-82.999206,us_census_gazetteer,approximate_city
67783,40.023875,-76.531207,us_census_gazetteer,approximate_city
67784,40.295109,-90.057810,us_census_gazetteer,approximate_city
67787,32.024642,-102.113467,us_census_gazetteer,approximate_city
67789,41.551464,-112.125015,us_census_gazetteer,approximate_city
67791,36.519370,-82.543393,us_census_gazetteer,approximate_city
67792,42.455013,-98.632851,us_census_batch,street_interpolated
67793,41.034955,-93.786603,us_census_gazetteer,approximate_city
67794,39.830834,-89.584328,osm_nominatim,poi_match
67795,41.354046,-88.823408,us_census_gazetteer,approximate_city
67797,32.025834,-93.340597,us_census_gazetteer,approximate_city
67798,31.513090,-85.655304,us_census_batch,street_interpolated
67801,39.140183,-84.505829,us_census_gazetteer,approximate_city
67804,31.210701,-85.790196,us_census_batch,street_interpolated
67806,31.580567,-90.443386,us_census_gazetteer,approximate_city
67811,32.686108,-97.020804,us_census_gazetteer,approximate_city
67813,40.339371,-88.761098,us_census_gazetteer,approximate_city
67815,39.602494,-86.368715,us_census_gazetteer,approximate_city
67818,34.725393,-92.358556,us_census_gazetteer,approximate_city
67819,43.147025,-95.152691,us_census_gazetteer,approximate_city
67820,34.023100,-78.288400,geonames_centroid,approximate_city
67821,38.572300,-83.560500,geonames_centroid,approximate_city
67822,34.960031,-82.445009,us_census_gazetteer,approximate_city
67823,35.676980,-90.526094,us_census_gazetteer,approximate_city
67824,31.801960,-85.967130,us_census_gazetteer,approximate_city
67826,44.321832,-96.922207,us_census_gazetteer,approximate_city
67827,32.088033,-84.667396,us_census_batch,street_interpolated
67829,43.170486,-89.062647,us_census_gazetteer,approximate_city
67832,34.270604,-88.732455,us_census_gazetteer,approximate_city
67833,37.334013,-95.264998,us_census_gazetteer,approximate_city
67835,36.094850,-79.823624,us_census_gazetteer,approximate_city
67837,30.080402,-97.855700,us_census_gazetteer,approximate_city
67839,26.108943,-98.246160,us_census_gazetteer,approximate_city
67841,35.462794,-79.150128,osm_nominatim,poi_match
67842,43.973292,-75.910039,us_census_gazetteer,approximate_city
67844,39.012645,-75.576588,us_census_gazetteer,approximate_city
67846,45.413734,-87.609107,us_census_gazetteer,approximate_city
67847,42.390903,-91.480803,us_census_batch,street_interpolated
67848,32.924081,-86.861931,us_census_batch,street_interpolated
67849,36.102548,-91.098022,us_census_batch,street_interpolated
67850,37.937400,-79.221900,geonames_centroid,approximate_city
67854,34.781091,-84.782472,us_census_gazetteer,approximate_city
67855,38.002364,-84.190586,us_census_gazetteer,approximate_city
67859,27.224410,-98.145191,us_census_gazetteer,approximate_city
67860,34.057581,-89.913225,us_census_gazetteer,approximate_city
67861,41.017447,-93.309629,us_census_gazetteer,approximate_city
67862,39.843142,-85.426053,us_census_gazetteer,approximate_city
67865,25.899998,-80.255219,us_census_gazetteer,approximate_city
67866,32.619146,-93.272754,us_census_gazetteer,approximate_city
67868,30.700542,-95.554890,us_census_gazetteer,approximate_city
67871,40.451701,-109.538007,us_census_gazetteer,approximate_city
67872,34.005061,-88.747692,us_census_gazetteer,approximate_city
67874,40.228765,-76.878291,us_census_gazetteer,approximate_city
67875,35.069127,-91.922224,us_census_batch,street_interpolated
67876,36.131496,-97.074464,us_census_gazetteer,approximate_city
67877,35.969019,-86.528617,us_census_gazetteer,approximate_city
67879,30.084912,-94.145330,us_census_gazetteer,approximate_city
67883,29.700548,-91.235184,us_census_gazetteer,approximate_city
67884,36.815898,-107.970312,us_census_gazetteer,approximate_city
67886,39.309989,-108.204999,us_census_gazetteer,approximate_city
67887,30.010227,-90.254820,us_census_gazetteer,approximate_city
67890,36.841162,-94.409283,osm_nominatim,poi_match
67892,35.374609,-90.270384,us_census_gazetteer,approximate_city
67894,28.820510,-81.953138,us_census_batch,street_interpolated
67897,31.847459,-103.086583,us_census_batch,street_interpolated
67900,33.428596,-81.890318,us_census_gazetteer,approximate_city
67906,38.063122,-94.692512,us_census_gazetteer,approximate_city
67908,37.939379,-104.843082,us_census_gazetteer,approximate_city
67910,39.686238,-75.486173,us_census_batch,street_interpolated
67917,30.892574,-102.884210,us_census_gazetteer,approximate_city
67918,40.892819,-75.069436,us_census_gazetteer,approximate_city
67922,32.619146,-93.272754,us_census_gazetteer,approximate_city
67923,42.099934,-88.994399,us_census_gazetteer,approximate_city
67924,43.633560,-95.932804,us_census_gazetteer,approximate_city
67925,30.440443,-91.133166,us_census_gazetteer,approximate_city
67927,44.890163,-97.117197,us_census_batch,street_interpolated
67929,28.015355,-82.117805,us_census_gazetteer,approximate_city
67930,30.166271,-85.670191,us_census_gazetteer,approximate_city
67931,31.543326,-82.475577,us_census_gazetteer,approximate_city
67932,33.508208,-88.407128,us_census_gazetteer,approximate_city
67933,28.555180,-82.054700,us_census_batch,street_interpolated
67934,30.829640,-90.669859,us_census_gazetteer,approximate_city
67935,30.629636,-87.051407,us_census_gazetteer,approximate_city
67938,41.718352,-112.187837,us_census_gazetteer,approximate_city
67939,41.030711,-76.302779,us_census_gazetteer,approximate_city
67940,40.488120,-78.726541,us_census_gazetteer,approximate_city
67941,35.491693,-95.308945,us_census_gazetteer,approximate_city
67943,39.971672,-86.371739,us_census_gazetteer,approximate_city
67949,34.642859,-82.460473,us_census_gazetteer,approximate_city
67952,26.897754,-82.065812,us_census_gazetteer,approximate_city
67957,25.869941,-80.302865,us_census_gazetteer,approximate_city
67965,31.109175,-87.076583,us_census_gazetteer,approximate_city
67968,33.480295,-84.903251,us_census_batch,street_interpolated
67974,30.229792,-93.356343,us_census_gazetteer,approximate_city
67976,44.953037,-88.047325,us_census_gazetteer,approximate_city
67977,42.233062,-96.224830,us_census_gazetteer,approximate_city
67994,31.335094,-83.044003,us_census_gazetteer,approximate_city
67997,32.652725,-83.755316,us_census_batch,street_interpolated
68002,40.122511,-102.715636,us_census_gazetteer,approximate_city
68005,41.558500,-73.036685,us_census_gazetteer,approximate_city
68007,36.319645,-91.481503,us_census_gazetteer,approximate_city
68008,35.257326,-91.197276,us_census_gazetteer,approximate_city
68009,34.513700,-92.968500,geonames_centroid,approximate_city
68012,38.807163,-75.589996,us_census_gazetteer,approximate_city
68016,33.572154,-112.090132,us_census_gazetteer,approximate_city
68017,34.592241,-112.446733,us_census_gazetteer,approximate_city
68019,25.775163,-80.208615,us_census_gazetteer,approximate_city
68020,30.278567,-82.122872,us_census_batch,street_interpolated
68026,41.101654,-87.863690,us_census_gazetteer,approximate_city
68029,34.913661,-85.121510,us_census_gazetteer,approximate_city
68030,33.365531,-82.073422,us_census_gazetteer,approximate_city
68031,41.721025,-88.358110,us_census_gazetteer,approximate_city
68033,33.365531,-82.073422,us_census_gazetteer,approximate_city
68036,42.831098,-70.847109,us_census_gazetteer,approximate_city
68040,41.691543,-85.962248,us_census_gazetteer,approximate_city
68043,39.339519,-76.428702,us_census_gazetteer,approximate_city
68048,42.808000,-95.799610,us_census_batch,street_interpolated
68052,42.311842,-95.254378,us_census_gazetteer,approximate_city
68053,43.489616,-112.035340,us_census_gazetteer,approximate_city
68055,41.708776,-86.866875,us_census_gazetteer,approximate_city
68062,47.157997,-100.783985,us_census_gazetteer,approximate_city
68065,37.577342,-101.354864,us_census_gazetteer,approximate_city
68067,40.940624,-98.359298,osm_nominatim,poi_match
68068,41.983115,-98.082773,us_census_gazetteer,approximate_city
68070,31.141120,-93.284230,us_census_gazetteer,approximate_city
68072,42.809460,-85.726365,us_census_gazetteer,approximate_city
68073,42.825975,-103.002478,us_census_gazetteer,approximate_city
68076,30.223978,-92.658295,us_census_gazetteer,approximate_city
68079,41.798256,-85.642621,us_census_batch,street_interpolated
68080,30.953661,-92.188111,us_census_gazetteer,approximate_city
68081,29.677567,-90.541477,us_census_batch,street_interpolated
68091,42.992500,-71.344900,geonames_centroid,approximate_city
68093,41.898780,-84.044829,us_census_gazetteer,approximate_city
68095,42.798799,-83.622967,us_census_gazetteer,approximate_city
68100,42.961156,-85.655570,us_census_gazetteer,approximate_city
68102,40.826431,-74.062335,us_census_gazetteer,approximate_city
68107,45.840980,-92.966492,us_census_gazetteer,approximate_city
68110,41.284140,-82.029968,us_census_gazetteer,approximate_city
68112,44.948901,-93.104063,us_census_gazetteer,approximate_city
68113,41.619253,-83.708216,us_census_gazetteer,approximate_city
68114,40.078824,-74.852483,us_census_gazetteer,approximate_city
68116,44.963324,-93.268320,us_census_gazetteer,approximate_city
68122,48.844462,-95.762434,us_census_gazetteer,approximate_city
68124,40.973373,-81.784583,us_census_gazetteer,approximate_city
68129,39.759460,-94.821143,us_census_gazetteer,approximate_city
68133,37.075218,-94.501259,us_census_gazetteer,approximate_city
68140,36.884966,-104.439572,us_census_gazetteer,approximate_city
68147,34.492286,-89.021720,us_census_gazetteer,approximate_city
68148,30.448998,-89.076014,osm_nominatim,poi_match
68151,37.114847,-93.074782,us_census_gazetteer,approximate_city
68154,41.101654,-87.863690,us_census_gazetteer,approximate_city
68155,40.914213,-77.768197,us_census_gazetteer,approximate_city
68156,40.009376,-75.133346,us_census_gazetteer,approximate_city
68157,39.900680,-80.167815,us_census_gazetteer,approximate_city
68158,40.499901,-75.969774,us_census_gazetteer,approximate_city
68161,41.679525,-77.068951,us_census_gazetteer,approximate_city
68165,39.473663,-118.777865,us_census_gazetteer,approximate_city
68167,43.010100,-76.703300,geonames_centroid,approximate_city
68169,39.549097,-119.849907,us_census_gazetteer,approximate_city
68174,42.256800,-75.908700,geonames_centroid,approximate_city
68177,41.030711,-76.302779,us_census_gazetteer,approximate_city
68178,32.272456,-90.091827,us_census_gazetteer,approximate_city
68179,33.896187,-89.003490,us_census_gazetteer,approximate_city
68180,40.950470,-75.972509,us_census_gazetteer,approximate_city
68185,40.412972,-76.480726,us_census_gazetteer,approximate_city
68188,41.805449,-75.653236,us_census_batch,street_interpolated
68189,35.495406,-85.008652,us_census_gazetteer,approximate_city
68191,40.508052,-78.401114,us_census_gazetteer,approximate_city
68196,36.462502,-83.567034,us_census_gazetteer,approximate_city
68211,35.198064,-101.833107,us_census_gazetteer,approximate_city
68212,34.945627,-81.925944,us_census_gazetteer,approximate_city
68213,33.074543,-96.226924,us_census_gazetteer,approximate_city
68215,29.854808,-94.320712,us_census_gazetteer,approximate_city
68217,33.815985,-79.039173,us_census_batch,street_interpolated
68225,35.909678,-100.383880,us_census_gazetteer,approximate_city
68227,36.679376,-76.301788,us_census_gazetteer,approximate_city
68234,36.947658,-81.056839,osm_nominatim,poi_match
68235,44.950200,-72.137600,geonames_centroid,approximate_city
68236,28.667517,-99.176465,us_census_gazetteer,approximate_city
68243,47.252199,-122.459832,us_census_gazetteer,approximate_city
68245,26.246514,-97.726766,us_census_gazetteer,approximate_city
68253,31.655721,-103.083694,us_census_gazetteer,approximate_city
68256,33.470695,-94.286542,us_census_gazetteer,approximate_city
68257,41.098705,-88.422077,us_census_gazetteer,approximate_city
68258,26.160549,-97.987654,us_census_gazetteer,approximate_city
68260,32.409379,-97.210786,us_census_gazetteer,approximate_city
68261,29.725365,-99.763068,us_census_gazetteer,approximate_city
68266,40.760378,-88.001196,us_census_gazetteer,approximate_city
68268,33.431573,-112.641626,us_census_gazetteer,approximate_city
68270,37.562953,-90.303512,us_census_gazetteer,approximate_city
68271,34.444048,-77.890907,us_census_gazetteer,approximate_city
68273,33.068815,-106.015129,us_census_batch,street_interpolated
68274,31.308039,-96.893180,us_census_gazetteer,approximate_city
68276,43.056219,-92.314725,us_census_gazetteer,approximate_city
68277,36.242592,-93.117650,us_census_gazetteer,approximate_city
68279,43.592783,-73.268898,us_census_gazetteer,approximate_city
68282,31.309436,-86.478031,us_census_gazetteer,approximate_city
68290,33.797481,-83.718728,us_census_gazetteer,approximate_city
68292,32.057470,-84.253802,us_census_batch,street_interpolated
68294,40.950217,-90.376564,us_census_gazetteer,approximate_city
68298,41.590740,-87.347113,us_census_gazetteer,approximate_city
68301,29.590227,-97.968607,us_census_gazetteer,approximate_city
68302,33.186073,-80.579459,us_census_gazetteer,approximate_city
68303,45.135433,-90.343502,us_census_gazetteer,approximate_city
68306,44.272580,-105.498936,us_census_gazetteer,approximate_city
68307,43.653542,-96.214185,us_census_gazetteer,approximate_city
68308,43.079053,-88.771069,us_census_gazetteer,approximate_city
68311,34.414860,-78.911375,us_census_gazetteer,approximate_city
68314,30.663377,-97.905506,us_census_gazetteer,approximate_city
68315,35.234772,-96.649329,us_census_gazetteer,approximate_city
68316,34.913433,-85.123655,osm_nominatim,poi_match
68318,30.443835,-91.207410,us_census_gazetteer,approximate_city
68319,44.736283,-92.852634,us_census_batch,street_interpolated
68321,29.057906,-99.005800,us_census_gazetteer,approximate_city
68323,29.572568,-98.142941,us_census_gazetteer,approximate_city
68328,36.670589,-97.315028,us_census_gazetteer,approximate_city
68330,47.083149,-119.861683,us_census_gazetteer,approximate_city
68332,36.100300,-80.010300,geonames_centroid,approximate_city
68333,38.914486,-79.845468,us_census_batch,street_interpolated
68335,35.108782,-84.985289,us_census_gazetteer,approximate_city
68337,41.472687,-87.318070,us_census_gazetteer,approximate_city
68339,30.050188,-98.915926,us_census_batch,street_interpolated
68343,35.393113,-99.405457,osm_nominatim,poi_match
68347,38.635699,-90.244582,us_census_gazetteer,approximate_city
68348,34.945627,-81.925944,us_census_gazetteer,approximate_city
68349,42.781514,-96.173311,us_census_gazetteer,approximate_city
68350,31.965579,-94.048368,us_census_gazetteer,approximate_city
68354,36.932839,-90.747672,us_census_gazetteer,approximate_city
68359,33.851110,-87.268348,us_census_gazetteer,approximate_city
68360,40.009376,-75.133346,us_census_gazetteer,approximate_city
68361,36.294216,-76.238162,us_census_gazetteer,approximate_city
68362,39.911433,-77.565100,us_census_gazetteer,approximate_city
68364,44.811538,-73.084462,us_census_gazetteer,approximate_city
68365,34.178544,-82.377687,us_census_gazetteer,approximate_city
68366,36.839518,-86.895579,us_census_gazetteer,approximate_city
68367,31.986731,-106.598634,us_census_gazetteer,approximate_city
68368,40.897000,-97.461747,us_census_gazetteer,approximate_city
68369,35.501858,-93.848378,us_census_gazetteer,approximate_city
68370,41.827400,-71.520000,geonames_centroid,approximate_city
68372,40.464011,-86.127349,us_census_gazetteer,approximate_city
68375,38.436255,-78.873303,us_census_gazetteer,approximate_city
68377,33.564682,-81.809231,us_census_gazetteer,approximate_city
68378,42.905100,-82.567900,geonames_centroid,approximate_city
68381,43.194595,-112.346811,us_census_gazetteer,approximate_city
68382,33.981967,-83.901080,us_census_gazetteer,approximate_city
68383,40.129859,-91.525843,us_census_gazetteer,approximate_city
68386,44.531458,-88.747156,us_census_batch,street_interpolated
68389,43.747688,-87.986944,us_census_batch,street_interpolated
68394,41.228391,-111.968147,us_census_gazetteer,approximate_city
68396,35.198064,-101.833107,us_census_gazetteer,approximate_city
68403,39.976844,-76.695103,osm_nominatim,poi_match
68405,31.458905,-96.066163,us_census_gazetteer,approximate_city
68406,36.062474,-102.521839,us_census_batch,street_interpolated
68411,36.351480,-96.800504,us_census_gazetteer,approximate_city
68416,32.733338,-101.953773,us_census_gazetteer,approximate_city
68417,32.520234,-94.761114,us_census_gazetteer,approximate_city
68419,29.057906,-99.005800,us_census_gazetteer,approximate_city
68420,39.693022,-92.039652,us_census_gazetteer,approximate_city
68421,28.307445,-97.274981,us_census_gazetteer,approximate_city
68423,40.178738,-118.477442,us_census_gazetteer,approximate_city
68424,32.605585,-98.213845,us_census_gazetteer,approximate_city
68428,29.215710,-99.769918,us_census_batch,street_interpolated
68432,36.566430,-87.345216,us_census_gazetteer,approximate_city
68434,34.373579,-92.821250,us_census_gazetteer,approximate_city
68440,35.109164,-89.968511,us_census_gazetteer,approximate_city
68441,34.521487,-82.643517,us_census_gazetteer,approximate_city
68444,40.117217,-74.777844,us_census_gazetteer,approximate_city
68446,37.577342,-101.354864,us_census_gazetteer,approximate_city
68447,37.889918,-87.054244,us_census_gazetteer,approximate_city
68451,43.449899,-92.284064,us_census_gazetteer,approximate_city
68453,31.770266,-84.777507,us_census_batch,street_interpolated
68458,43.065467,-85.933752,us_census_gazetteer,approximate_city
68462,29.578681,-90.708023,us_census_gazetteer,approximate_city
68463,30.005493,-91.820307,us_census_gazetteer,approximate_city
68465,30.455935,-82.934214,us_census_gazetteer,approximate_city
68466,42.675249,-88.271871,us_census_gazetteer,approximate_city
68468,30.538686,-88.187573,us_census_gazetteer,approximate_city
68469,35.074404,-92.467004,us_census_gazetteer,approximate_city
68471,26.918551,-80.116940,us_census_gazetteer,approximate_city
68476,31.124067,-87.457798,us_census_gazetteer,approximate_city
68480,36.191438,-94.155062,us_census_gazetteer,approximate_city
68493,30.379675,-83.813376,us_census_gazetteer,approximate_city
68494,36.725662,-78.128886,us_census_gazetteer,approximate_city
68497,42.872748,-112.463836,us_census_gazetteer,approximate_city
68499,44.176186,-112.230534,us_census_batch,street_interpolated
68506,40.781106,-76.345046,us_census_gazetteer,approximate_city
68511,32.127881,-106.657073,us_census_gazetteer,approximate_city
68512,33.536038,-84.673791,us_census_gazetteer,approximate_city
68518,32.886187,-83.333588,us_census_gazetteer,approximate_city
68520,39.478674,-75.137962,us_census_gazetteer,approximate_city
68522,40.568757,-89.625115,us_census_gazetteer,approximate_city
68524,34.209225,-77.885767,us_census_gazetteer,approximate_city
68531,42.229835,-91.885511,us_census_gazetteer,approximate_city
68533,38.665617,-88.473844,us_census_gazetteer,approximate_city
68534,36.976832,-86.433661,us_census_gazetteer,approximate_city
68535,43.041618,-91.135408,us_census_gazetteer,approximate_city
68541,36.284126,-76.990105,us_census_gazetteer,approximate_city
68542,42.892492,-78.859686,us_census_gazetteer,approximate_city
68549,44.835801,-108.391889,us_census_gazetteer,approximate_city
68552,37.341036,-87.503475,us_census_gazetteer,approximate_city
68556,30.065727,-90.634729,us_census_gazetteer,approximate_city
68559,40.268164,-94.029822,us_census_gazetteer,approximate_city
68562,29.445857,-90.307745,us_census_gazetteer,approximate_city
68572,30.005493,-91.820307,us_census_gazetteer,approximate_city
68574,40.666367,-74.193503,us_census_gazetteer,approximate_city
68581,46.345295,-120.192673,us_census_gazetteer,approximate_city
68588,42.605437,-72.292074,us_census_gazetteer,approximate_city
68592,33.523303,-81.956566,us_census_gazetteer,approximate_city
68593,32.605585,-98.213845,us_census_gazetteer,approximate_city
68594,32.793717,-79.931774,osm_nominatim,poi_match
68595,30.443835,-91.207410,us_census_gazetteer,approximate_city
68596,36.597444,-91.645953,us_census_gazetteer,approximate_city
68598,31.911639,-94.682767,us_census_gazetteer,approximate_city
68602,36.105704,-77.712972,us_census_gazetteer,approximate_city
68606,35.307549,-80.645617,us_census_gazetteer,approximate_city
68613,40.057043,-76.551723,us_census_gazetteer,approximate_city
68618,42.573323,-90.234765,us_census_gazetteer,approximate_city
68621,36.671304,-80.701083,us_census_gazetteer,approximate_city
68622,38.667772,-80.713461,us_census_gazetteer,approximate_city
68623,41.067905,-85.016282,us_census_gazetteer,approximate_city
68624,30.425914,-88.532733,us_census_gazetteer,approximate_city
68625,44.973298,-92.550082,us_census_gazetteer,approximate_city
68626,41.380565,-89.464100,us_census_gazetteer,approximate_city
68630,37.075218,-94.501259,us_census_gazetteer,approximate_city
68642,36.100300,-80.010300,geonames_centroid,approximate_city
68643,35.163402,-78.739673,us_census_gazetteer,approximate_city
68644,48.236125,-101.277533,us_census_gazetteer,approximate_city
68650,39.140183,-84.505829,us_census_gazetteer,approximate_city
68653,43.750110,-87.745338,osm_nominatim,poi_match
68656,48.189496,-103.649117,us_census_gazetteer,approximate_city
68659,44.058726,-92.527846,osm_nominatim,poi_match
68663,48.189496,-103.649117,us_census_gazetteer,approximate_city
68665,44.217739,-103.375634,us_census_gazetteer,approximate_city
68671,40.625745,-97.595799,us_census_batch,street_interpolated
68672,41.987300,-70.972800,geonames_centroid,approximate_city
68674,30.354376,-97.391397,us_census_gazetteer,approximate_city
68684,29.722404,-90.803624,us_census_batch,street_interpolated
68685,39.125155,-94.550313,us_census_gazetteer,approximate_city
68689,30.235526,-92.748141,us_census_gazetteer,approximate_city
68690,40.766720,-82.530820,us_census_gazetteer,approximate_city
68691,43.565504,-76.126035,us_census_gazetteer,approximate_city
68692,42.168632,-76.829658,us_census_gazetteer,approximate_city
68693,30.000288,-91.052571,us_census_batch,street_interpolated
68696,28.405244,-97.748931,us_census_gazetteer,approximate_city
68697,27.560379,-99.489181,us_census_gazetteer,approximate_city
68698,41.529863,-87.877710,us_census_gazetteer,approximate_city
68699,25.466694,-80.444342,us_census_gazetteer,approximate_city
68701,41.507025,-87.870966,us_census_gazetteer,approximate_city
68702,35.073558,-81.661532,us_census_gazetteer,approximate_city
68708,41.556820,-90.603948,us_census_gazetteer,approximate_city
68716,41.233800,-73.074700,geonames_centroid,approximate_city
68722,40.292629,-109.991819,us_census_batch,street_interpolated
68730,32.045833,-102.274017,us_census_batch,street_interpolated
68734,43.489616,-112.035340,us_census_gazetteer,approximate_city
68737,44.534223,-89.575846,osm_nominatim,poi_match
68738,40.475708,-93.004416,us_census_gazetteer,approximate_city
68740,41.303585,-82.979425,us_census_gazetteer,approximate_city
68741,46.892780,-102.795960,us_census_gazetteer,approximate_city
68742,32.852173,-104.424570,us_census_gazetteer,approximate_city
68796,39.843142,-85.426053,us_census_gazetteer,approximate_city
68797,41.507025,-87.870966,us_census_gazetteer,approximate_city
68798,31.361928,-110.934820,us_census_gazetteer,approximate_city
68799,32.345528,-89.659145,us_census_gazetteer,approximate_city
68801,30.098594,-98.417106,us_census_gazetteer,approximate_city
68803,30.954018,-95.909285,us_census_gazetteer,approximate_city
68806,29.905363,-90.143545,us_census_gazetteer,approximate_city
68808,34.057476,-78.888420,us_census_gazetteer,approximate_city
68813,42.809794,-84.790890,us_census_gazetteer,approximate_city
68814,34.904624,-110.167210,us_census_gazetteer,approximate_city
68815,29.185467,-98.852054,us_census_gazetteer,approximate_city
68821,42.900600,-78.668775,us_census_gazetteer,approximate_city
68822,38.416179,-95.862482,us_census_gazetteer,approximate_city
68823,40.766720,-82.530820,us_census_gazetteer,approximate_city
68824,43.798059,-95.319778,us_census_gazetteer,approximate_city
68825,41.233800,-73.074700,geonames_centroid,approximate_city
68826,41.837800,-71.322400,geonames_centroid,approximate_city
68828,34.492286,-89.021720,us_census_gazetteer,approximate_city
68831,44.963324,-93.268320,us_census_gazetteer,approximate_city
68835,34.900157,-77.542825,us_census_gazetteer,approximate_city
68836,35.547852,-100.965032,us_census_gazetteer,approximate_city
68839,34.469600,-96.055521,us_census_gazetteer,approximate_city
68840,32.469389,-100.408651,us_census_gazetteer,approximate_city
68841,30.756672,-81.578449,us_census_gazetteer,approximate_city
68843,29.462809,-98.524635,us_census_gazetteer,approximate_city
68844,30.892574,-102.884210,us_census_gazetteer,approximate_city
68845,36.595800,-77.592100,geonames_centroid,approximate_city
68847,31.064037,-98.182783,us_census_gazetteer,approximate_city
68848,31.451248,-97.193315,us_census_gazetteer,approximate_city
68849,32.353255,-86.970076,us_census_batch,street_interpolated
68850,31.566751,-91.440444,us_census_gazetteer,approximate_city
68856,35.482436,-95.522818,us_census_gazetteer,approximate_city
68860,28.892921,-99.097169,us_census_gazetteer,approximate_city
68861,43.634127,-91.500399,us_census_gazetteer,approximate_city
68864,39.784743,-84.199632,us_census_gazetteer,approximate_city
68865,39.140183,-84.505829,us_census_gazetteer,approximate_city
68868,41.405188,-99.640758,us_census_gazetteer,approximate_city
68869,41.004776,-98.600552,us_census_gazetteer,approximate_city
68873,41.439500,-75.431300,geonames_centroid,approximate_city
68874,33.431573,-112.641626,us_census_gazetteer,approximate_city
68875,36.106171,-80.081895,us_census_gazetteer,approximate_city
68882,40.193265,-110.062512,us_census_gazetteer,approximate_city
68883,44.663798,-103.859143,us_census_gazetteer,approximate_city
68885,28.436376,-99.236711,us_census_gazetteer,approximate_city
68886,30.933755,-90.515162,us_census_gazetteer,approximate_city
68888,41.396382,-89.890567,us_census_gazetteer,approximate_city
68890,34.852344,-92.399995,us_census_gazetteer,approximate_city
68891,35.815836,-84.283015,us_census_gazetteer,approximate_city
68892,42.767049,-86.098572,us_census_gazetteer,approximate_city
68893,42.934600,-85.346219,us_census_gazetteer,approximate_city
68894,43.136975,-85.554519,us_census_gazetteer,approximate_city
68895,42.863370,-85.862205,us_census_gazetteer,approximate_city
68897,36.469500,-84.290700,geonames_centroid,approximate_city
68899,42.267441,-71.617492,us_census_gazetteer,approximate_city
68900,36.176849,-76.466552,us_census_gazetteer,approximate_city
68901,39.360722,-84.295867,us_census_gazetteer,approximate_city
68902,37.285137,-98.581185,us_census_gazetteer,approximate_city
68903,44.272580,-105.498936,us_census_gazetteer,approximate_city
68907,32.402480,-96.844493,us_census_gazetteer,approximate_city
68908,39.983938,-82.984882,us_census_gazetteer,approximate_city
68912,34.710206,-97.224027,us_census_gazetteer,approximate_city
68913,43.628733,-95.599702,us_census_gazetteer,approximate_city
68915,42.448167,-96.571302,us_census_gazetteer,approximate_city
68916,32.458548,-99.856006,osm_nominatim,poi_match
68919,42.287500,-71.357400,geonames_centroid,approximate_city
68921,32.553965,-83.883419,us_census_batch,street_interpolated
68923,31.191725,-101.467330,us_census_batch,street_interpolated
68924,42.730302,-89.033170,us_census_batch,street_interpolated
68925,45.372274,-92.916665,us_census_gazetteer,approximate_city
68926,43.003955,-88.808473,us_census_gazetteer,approximate_city
68927,36.959300,-81.931200,geonames_centroid,approximate_city
68928,35.003368,-106.044427,us_census_gazetteer,approximate_city
68929,35.999331,-80.034544,osm_nominatim,poi_match
68930,32.295308,-81.040983,us_census_gazetteer,approximate_city
68933,40.040745,-76.434924,us_census_gazetteer,approximate_city
68935,43.584972,-116.562935,us_census_gazetteer,approximate_city
68936,34.551466,-77.923012,us_census_gazetteer,approximate_city
68937,41.708296,-78.694014,us_census_batch,street_interpolated
68938,35.659435,-101.402360,us_census_gazetteer,approximate_city
68941,42.575700,-71.290200,geonames_centroid,approximate_city
68946,39.878977,-84.192224,us_census_gazetteer,approximate_city
68947,32.153036,-110.870773,us_census_gazetteer,approximate_city
68949,38.247845,-78.113187,us_census_gazetteer,approximate_city
68950,43.844464,-92.182851,us_census_gazetteer,approximate_city
68951,44.560316,-90.590781,us_census_gazetteer,approximate_city
68952,44.016796,-116.920703,us_census_gazetteer,approximate_city
68956,43.087815,-89.429856,us_census_gazetteer,approximate_city
68957,47.838058,-103.643203,us_census_gazetteer,approximate_city
68959,39.929321,-83.613934,us_census_gazetteer,approximate_city
68960,41.228391,-111.968147,us_census_gazetteer,approximate_city
68964,36.750694,-98.357667,us_census_gazetteer,approximate_city
68969,40.776928,-111.930991,us_census_gazetteer,approximate_city
68971,31.880461,-102.345314,us_census_gazetteer,approximate_city
68972,39.727704,-75.469035,us_census_gazetteer,approximate_city
68974,28.885410,-97.900505,us_census_gazetteer,approximate_city
68976,40.628371,-116.948553,us_census_gazetteer,approximate_city
68977,37.868534,-109.336200,us_census_gazetteer,approximate_city
68978,43.584972,-116.562935,us_census_gazetteer,approximate_city
68979,34.904624,-110.167210,us_census_gazetteer,approximate_city
68981,39.752121,-92.467859,us_census_batch,street_interpolated
68982,42.932537,-83.620491,us_census_gazetteer,approximate_city
68985,40.468725,-93.985963,us_census_gazetteer,approximate_city
68987,28.436376,-99.236711,us_census_gazetteer,approximate_city
68988,30.750600,-98.238227,us_census_gazetteer,approximate_city
68989,36.923015,-76.244641,us_census_gazetteer,approximate_city
68990,35.068255,-85.621162,us_census_gazetteer,approximate_city
68991,47.123041,-118.375332,us_census_gazetteer,approximate_city
68992,39.194168,-96.064174,us_census_gazetteer,approximate_city
68993,39.381182,-97.127372,us_census_gazetteer,approximate_city
68994,39.815798,-97.048422,us_census_gazetteer,approximate_city
68995,41.076800,-73.485300,geonames_centroid,approximate_city
68996,43.489616,-112.035340,us_census_gazetteer,approximate_city
69002,44.534223,-89.575846,osm_nominatim,poi_match
69004,43.885523,-73.447975,us_census_batch,street_interpolated
69005,39.983203,-81.460077,us_census_gazetteer,approximate_city
69006,40.027979,-81.040933,us_census_gazetteer,approximate_city
69007,36.171800,-86.785002,us_census_gazetteer,approximate_city
69008,36.146926,-85.512653,us_census_gazetteer,approximate_city
69009,33.078895,-97.493199,us_census_gazetteer,approximate_city
69010,31.322904,-94.729026,us_census_gazetteer,approximate_city
69013,36.199381,-86.344634,us_census_gazetteer,approximate_city
69014,43.063348,-87.966695,us_census_gazetteer,approximate_city
69015,35.065958,-85.248386,us_census_gazetteer,approximate_city
69016,36.931584,-84.100790,us_census_gazetteer,approximate_city
69017,32.523674,-93.655426,us_census_gazetteer,approximate_city
69021,47.443100,-103.294400,geonames_centroid,approximate_city
69027,34.728538,-82.256377,us_census_gazetteer,approximate_city
69028,39.784743,-84.199632,us_census_gazetteer,approximate_city
69029,38.635699,-90.244582,us_census_gazetteer,approximate_city
69030,33.992877,-81.221797,us_census_gazetteer,approximate_city
69031,31.446700,-103.579100,geonames_centroid,approximate_city
69036,34.366003,-80.083261,us_census_gazetteer,approximate_city
69037,35.727067,-79.463662,us_census_gazetteer,approximate_city
69038,34.545630,-79.871193,us_census_batch,street_interpolated
69041,35.534418,-77.600497,us_census_batch,street_interpolated
69042,33.372432,-79.280793,us_census_gazetteer,approximate_city
69043,44.961766,-89.646538,us_census_gazetteer,approximate_city
69045,31.136149,-81.466936,us_census_gazetteer,approximate_city
69046,43.226540,-86.257247,us_census_gazetteer,approximate_city
69047,41.670270,-87.737085,us_census_gazetteer,approximate_city
69048,39.734552,-86.256253,osm_nominatim,poi_match
69049,34.781752,-92.235057,us_census_gazetteer,approximate_city
69051,38.518115,-89.800041,us_census_gazetteer,approximate_city
69052,34.693034,-113.599504,us_census_gazetteer,approximate_city
69053,33.774957,-112.525091,us_census_gazetteer,approximate_city
69055,29.792038,-82.166931,us_census_gazetteer,approximate_city
69057,38.379151,-88.347369,us_census_batch,street_interpolated
69058,41.516866,-88.147963,us_census_gazetteer,approximate_city
69059,33.603429,-86.493786,us_census_gazetteer,approximate_city
69061,34.705617,-82.466746,us_census_gazetteer,approximate_city
69064,36.273942,-77.283906,us_census_gazetteer,approximate_city
69067,40.740679,-84.112091,us_census_gazetteer,approximate_city
69069,34.836902,-82.362997,us_census_gazetteer,approximate_city
69073,40.164273,-111.619525,us_census_gazetteer,approximate_city
69076,39.516403,-76.174518,us_census_gazetteer,approximate_city
69077,28.330000,-98.118304,us_census_gazetteer,approximate_city
69078,32.238341,-101.485739,us_census_gazetteer,approximate_city
69079,48.313784,-102.397321,us_census_gazetteer,approximate_city
69084,32.402480,-96.844493,us_census_gazetteer,approximate_city
69085,41.163488,-101.735025,us_census_batch,street_interpolated
69088,40.520160,-74.271331,us_census_gazetteer,approximate_city
69091,39.779500,-86.132800,geonames_centroid,approximate_city
69095,39.549097,-119.849907,us_census_gazetteer,approximate_city
69096,41.229552,-80.440704,us_census_gazetteer,approximate_city
69097,32.793333,-96.766513,us_census_gazetteer,approximate_city
69098,30.195936,-98.093701,us_census_gazetteer,approximate_city
69099,30.240513,-92.267335,us_census_gazetteer,approximate_city
69100,43.489616,-112.035340,us_census_gazetteer,approximate_city
69101,33.603429,-86.493786,us_census_gazetteer,approximate_city
69102,40.302560,-88.154880,us_census_gazetteer,approximate_city
69103,32.321336,-102.551846,us_census_gazetteer,approximate_city
69104,32.793333,-96.766513,us_census_gazetteer,approximate_city
69106,34.728538,-82.256377,us_census_gazetteer,approximate_city
69109,40.291448,-78.451419,us_census_gazetteer,approximate_city
69110,40.432490,-79.259881,us_census_gazetteer,approximate_city
69112,41.293210,-89.071036,us_census_gazetteer,approximate_city
69115,43.621459,-96.934870,us_census_gazetteer,approximate_city
69117,41.501971,-83.736852,us_census_gazetteer,approximate_city
69119,35.320330,-106.550338,us_census_batch,street_interpolated
69122,33.404834,-90.890925,us_census_gazetteer,approximate_city
69123,34.767914,-96.669114,us_census_gazetteer,approximate_city
69124,27.426112,-80.342488,us_census_gazetteer,approximate_city
69125,41.732052,-92.444981,us_census_gazetteer,approximate_city
69127,30.726600,-90.509000,geonames_centroid,approximate_city
69128,44.301067,-84.749865,us_census_gazetteer,approximate_city
69132,31.191725,-101.467330,us_census_batch,street_interpolated
69133,32.729089,-103.160588,us_census_gazetteer,approximate_city
69134,35.484983,-97.269942,us_census_gazetteer,approximate_city
69135,39.839007,-84.416278,us_census_gazetteer,approximate_city
69137,31.557994,-97.189750,us_census_gazetteer,approximate_city
69139,29.102727,-97.287092,us_census_gazetteer,approximate_city
69141,37.760670,-100.017863,us_census_gazetteer,approximate_city
69142,39.089062,-108.567452,us_census_gazetteer,approximate_city
69143,37.737717,-88.545818,us_census_gazetteer,approximate_city
69144,30.751007,-98.676524,us_census_gazetteer,approximate_city
69145,38.821616,-81.709312,us_census_gazetteer,approximate_city
69146,41.025500,-75.976800,geonames_centroid,approximate_city
69149,35.109164,-89.968511,us_census_gazetteer,approximate_city
69150,39.693193,-86.371985,us_census_gazetteer,approximate_city
69151,39.089062,-108.567452,us_census_gazetteer,approximate_city
69152,35.241134,-91.735223,us_census_gazetteer,approximate_city
69153,34.135960,-86.852025,us_census_batch,street_interpolated
69155,36.670589,-97.315028,us_census_gazetteer,approximate_city
69156,35.109164,-89.968511,us_census_gazetteer,approximate_city
69159,41.996136,-77.130392,us_census_gazetteer,approximate_city
69162,41.667392,-85.821382,us_census_batch,street_interpolated
69163,43.540696,-96.731962,us_census_gazetteer,approximate_city
69164,31.077669,-97.731952,us_census_gazetteer,approximate_city
69165,36.264970,-99.877431,us_census_gazetteer,approximate_city
69167,37.960446,-100.839856,us_census_batch,street_interpolated
69168,32.387425,-98.981920,us_census_gazetteer,approximate_city
69169,39.795912,-88.275483,us_census_gazetteer,approximate_city
69170,39.261278,-81.543350,us_census_gazetteer,approximate_city
69171,41.556820,-90.603948,us_census_gazetteer,approximate_city
69172,44.818343,-91.494769,us_census_gazetteer,approximate_city
69173,43.147132,-90.705141,us_census_gazetteer,approximate_city
69174,45.634283,-89.429947,us_census_gazetteer,approximate_city
69175,44.772107,-93.917287,us_census_gazetteer,approximate_city
69176,47.688959,-104.175667,us_census_batch,street_interpolated
69177,41.505574,-95.449363,us_census_gazetteer,approximate_city
69178,26.717956,-81.845811,us_census_gazetteer,approximate_city
69182,42.849900,-73.785100,geonames_centroid,approximate_city
69183,39.653439,-83.551562,us_census_gazetteer,approximate_city
69185,36.684014,-76.941396,us_census_gazetteer,approximate_city
69186,41.641090,-85.010973,us_census_gazetteer,approximate_city
69187,33.448896,-90.643752,us_census_gazetteer,approximate_city
69188,45.778661,-111.177147,us_census_gazetteer,approximate_city
69189,30.892574,-102.884210,us_census_gazetteer,approximate_city
69190,30.721583,-86.119404,us_census_batch,street_interpolated
69193,39.645553,-80.862670,us_census_gazetteer,approximate_city
69194,39.608037,-75.941655,us_census_gazetteer,approximate_city
69200,40.150678,-89.370273,us_census_gazetteer,approximate_city
69201,46.355269,-94.198372,us_census_gazetteer,approximate_city
69203,41.529863,-87.877710,us_census_gazetteer,approximate_city
69207,30.453529,-84.252272,us_census_gazetteer,approximate_city
69211,45.423044,-92.970320,us_census_gazetteer,approximate_city
69213,28.459855,-98.548677,us_census_gazetteer,approximate_city
69214,39.537565,-107.770344,us_census_gazetteer,approximate_city
69215,40.453800,-74.482300,geonames_centroid,approximate_city
69217,41.020726,-81.867136,us_census_gazetteer,approximate_city
69218,42.235043,-77.193694,us_census_gazetteer,approximate_city
69220,27.509608,-82.572524,us_census_batch,street_interpolated
69221,41.380229,-88.424332,us_census_gazetteer,approximate_city
69222,34.435452,-100.282382,us_census_gazetteer,approximate_city
69223,31.451615,-85.645035,us_census_gazetteer,approximate_city
69226,27.946241,-97.587518,us_census_gazetteer,approximate_city
69228,32.725827,-96.298003,us_census_gazetteer,approximate_city
69229,35.791001,-88.643731,us_census_batch,street_interpolated
69230,35.446358,-80.997222,us_census_batch,street_interpolated
69233,39.340502,-82.996102,us_census_gazetteer,approximate_city
69234,46.774458,-92.134135,us_census_gazetteer,approximate_city
69235,46.721140,-92.106071,osm_nominatim,poi_match
69236,44.514416,-88.327340,us_census_gazetteer,approximate_city
69237,42.883895,-88.203596,us_census_gazetteer,approximate_city
69238,43.772182,-88.440264,us_census_gazetteer,approximate_city
69239,34.710814,-87.666323,us_census_batch,street_interpolated
69245,34.770703,-76.879076,us_census_gazetteer,approximate_city
69250,40.700703,-105.005699,us_census_gazetteer,approximate_city
69252,36.035072,-78.481652,us_census_gazetteer,approximate_city
69255,33.512460,-90.198963,us_census_gazetteer,approximate_city
69257,28.350178,-99.615258,us_census_gazetteer,approximate_city
69258,28.964207,-98.495690,us_census_gazetteer,approximate_city
69259,35.180044,-84.871288,us_census_gazetteer,approximate_city
69261,41.958011,-87.943825,us_census_gazetteer,approximate_city
69263,33.508208,-88.407128,us_census_gazetteer,approximate_city
69288,41.822712,-90.544087,us_census_gazetteer,approximate_city
69289,46.774458,-92.134135,us_census_gazetteer,approximate_city
69290,43.772182,-88.440264,us_census_gazetteer,approximate_city
69291,38.938839,-111.865209,us_census_gazetteer,approximate_city
69294,43.938249,-90.812705,us_census_gazetteer,approximate_city
69296,46.725070,-92.501330,us_census_gazetteer,approximate_city
69297,45.178993,-89.653011,osm_nominatim,poi_match
69299,36.142425,-81.176895,us_census_gazetteer,approximate_city
69300,35.140400,-76.842749,us_census_batch,street_interpolated
69301,35.542961,-76.623111,us_census_gazetteer,approximate_city
69305,38.255135,-87.996927,us_census_gazetteer,approximate_city
69306,30.455935,-82.934214,us_census_gazetteer,approximate_city
69307,38.892463,-89.838728,us_census_gazetteer,approximate_city
69308,40.644006,-75.324584,us_census_gazetteer,approximate_city
69309,40.962205,-91.547162,us_census_gazetteer,approximate_city
69310,30.490759,-99.773222,us_census_gazetteer,approximate_city
69311,38.525267,-118.626031,us_census_gazetteer,approximate_city
69312,40.395178,-77.027730,us_census_gazetteer,approximate_city
69313,47.619335,-122.351538,us_census_gazetteer,approximate_city
69314,41.740280,-87.806682,us_census_gazetteer,approximate_city
69315,39.478666,-87.681924,us_census_batch,street_interpolated
69318,40.584334,-74.271626,us_census_gazetteer,approximate_city
69319,35.378226,-77.971869,us_census_gazetteer,approximate_city
69321,29.519885,-97.451114,osm_nominatim,poi_match
69322,29.816716,-94.380673,us_census_gazetteer,approximate_city
69324,46.075598,-67.850047,us_census_batch,street_interpolated
69330,44.521542,-87.986568,us_census_gazetteer,approximate_city
69333,42.673081,-85.641727,us_census_gazetteer,approximate_city
69336,36.199381,-86.344634,us_census_gazetteer,approximate_city
69338,41.204416,-85.705266,us_census_batch,street_interpolated
69339,39.445990,-84.365772,us_census_gazetteer,approximate_city
69341,29.504359,-98.368547,osm_nominatim,poi_match
69342,41.618736,-87.494949,us_census_gazetteer,approximate_city
69344,29.235974,-97.963888,us_census_gazetteer,approximate_city
69345,40.644006,-75.324584,us_census_gazetteer,approximate_city
69346,41.541084,-75.949058,us_census_gazetteer,approximate_city
69353,40.439936,-79.975676,us_census_gazetteer,approximate_city
69354,39.758812,-86.495282,us_census_gazetteer,approximate_city
69362,43.696618,-86.367269,us_census_gazetteer,approximate_city
69365,36.577218,-86.512138,us_census_batch,street_interpolated
69369,40.639695,-80.222537,us_census_gazetteer,approximate_city
69374,31.498334,-97.230789,us_census_gazetteer,approximate_city
69377,41.006903,-81.604390,us_census_gazetteer,approximate_city
69379,41.593851,-93.634715,osm_nominatim,poi_match
69380,40.681727,-96.503932,us_census_gazetteer,approximate_city
69384,44.277748,-88.265130,us_census_gazetteer,approximate_city
69390,40.760378,-88.001196,us_census_gazetteer,approximate_city
69392,40.008509,-85.760809,us_census_gazetteer,approximate_city
69393,38.920936,-82.285388,us_census_gazetteer,approximate_city
69394,40.041012,-84.222355,us_census_gazetteer,approximate_city
69395,39.779500,-86.132800,geonames_centroid,approximate_city
69396,35.953422,-85.030249,us_census_gazetteer,approximate_city
69397,35.654170,-88.835335,us_census_gazetteer,approximate_city
69398,35.065958,-85.248386,us_census_gazetteer,approximate_city
69399,35.456809,-84.604522,us_census_gazetteer,approximate_city
69400,36.848003,-88.361650,us_census_gazetteer,approximate_city
69401,41.235987,-95.853163,us_census_gazetteer,approximate_city
69402,40.554047,-82.827904,us_census_gazetteer,approximate_city
69403,45.505730,-100.032904,us_census_gazetteer,approximate_city
69405,32.387425,-98.981920,us_census_gazetteer,approximate_city
69407,44.515940,-99.988556,us_census_gazetteer,approximate_city
69410,44.110941,-103.081066,us_census_gazetteer,approximate_city
69412,41.142663,-84.582657,us_census_gazetteer,approximate_city
69413,35.507101,-98.970503,us_census_gazetteer,approximate_city
69414,37.000119,-86.429199,us_census_batch,street_interpolated
69416,30.607500,-95.957900,geonames_centroid,approximate_city
69417,36.685400,-77.359100,geonames_centroid,approximate_city
69421,31.847780,-106.431106,us_census_gazetteer,approximate_city
69423,31.847780,-106.431106,us_census_gazetteer,approximate_city
69425,32.263076,-107.752490,us_census_gazetteer,approximate_city
69426,35.246640,-112.183296,us_census_gazetteer,approximate_city
69434,30.750600,-98.238227,us_census_gazetteer,approximate_city
69436,28.964207,-98.495690,us_census_gazetteer,approximate_city
69437,37.987737,-87.534705,us_census_gazetteer,approximate_city
69438,36.845458,-94.376438,us_census_gazetteer,approximate_city
69439,38.369881,-97.664518,us_census_gazetteer,approximate_city
69440,41.128114,-84.850513,us_census_gazetteer,approximate_city
69441,32.396067,-99.395993,us_census_gazetteer,approximate_city
69442,28.525843,-99.859255,us_census_gazetteer,approximate_city
69446,32.742124,-92.429570,us_census_batch,street_interpolated
69448,33.520428,-101.845280,osm_nominatim,poi_match
69451,30.517674,-81.626707,us_census_batch,street_interpolated
69452,41.770945,-76.446503,us_census_gazetteer,approximate_city
69453,30.774433,-94.422454,us_census_gazetteer,approximate_city
69454,39.296476,-85.950274,us_census_gazetteer,approximate_city
69455,43.063348,-87.966695,us_census_gazetteer,approximate_city
69458,42.447214,-90.841426,us_census_gazetteer,approximate_city
69459,38.536765,-89.707193,us_census_gazetteer,approximate_city
69462,30.839699,-89.530092,us_census_gazetteer,approximate_city
69465,44.272580,-105.498936,us_census_gazetteer,approximate_city
69467,29.146743,-98.165173,us_census_gazetteer,approximate_city
69468,36.392868,-100.797656,us_census_gazetteer,approximate_city
69469,34.933286,-82.230803,us_census_gazetteer,approximate_city
69471,27.754252,-97.173385,us_census_gazetteer,approximate_city
69474,32.411501,-85.972808,us_census_gazetteer,approximate_city
69475,35.876512,-97.408657,us_census_gazetteer,approximate_city
69477,39.751433,-92.563880,us_census_gazetteer,approximate_city
69480,47.989075,-102.488305,us_census_gazetteer,approximate_city
69483,35.819755,-90.679033,us_census_gazetteer,approximate_city
69484,43.955240,-89.816548,us_census_gazetteer,approximate_city
69485,31.529899,-94.110894,us_census_gazetteer,approximate_city
69486,36.490690,-77.441966,us_census_gazetteer,approximate_city
69487,29.563327,-98.250866,us_census_gazetteer,approximate_city
69489,34.628218,-79.685958,us_census_gazetteer,approximate_city
69492,39.811804,-111.841529,us_census_gazetteer,approximate_city
69494,30.443835,-91.207410,us_census_gazetteer,approximate_city
69495,35.759097,-95.402566,us_census_batch,street_interpolated
69496,39.795537,-85.530811,us_census_gazetteer,approximate_city
69497,39.305420,-87.985307,us_census_gazetteer,approximate_city
69499,41.405729,-86.736625,us_census_batch,street_interpolated
69500,31.880461,-102.345314,us_census_gazetteer,approximate_city
69501,42.718095,-114.515791,us_census_gazetteer,approximate_city
69504,44.164687,-92.169190,us_census_gazetteer,approximate_city
69505,42.852988,-88.320626,us_census_gazetteer,approximate_city
69506,42.873138,-87.943895,osm_nominatim,poi_match
69508,43.969729,-88.950033,us_census_gazetteer,approximate_city
69510,43.489303,-83.401744,us_census_gazetteer,approximate_city
69512,33.561901,-101.888883,us_census_gazetteer,approximate_city
69513,44.943486,-90.317339,us_census_gazetteer,approximate_city
69514,32.024642,-102.113467,us_census_gazetteer,approximate_city
69520,40.086831,-79.752596,us_census_gazetteer,approximate_city
69521,42.017490,-93.469674,us_census_gazetteer,approximate_city
69522,38.600080,-95.262777,us_census_gazetteer,approximate_city
69524,43.232493,-71.561252,us_census_gazetteer,approximate_city
69525,28.667517,-99.176465,us_census_gazetteer,approximate_city
69526,32.605585,-98.213845,us_census_gazetteer,approximate_city
69527,42.659380,-84.073743,us_census_gazetteer,approximate_city
69528,41.964190,-91.679170,us_census_gazetteer,approximate_city
69530,29.504359,-98.368547,osm_nominatim,poi_match
69531,43.135090,-93.373651,us_census_gazetteer,approximate_city
69532,43.645880,-116.659336,us_census_gazetteer,approximate_city
69534,30.879229,-84.205505,us_census_gazetteer,approximate_city
69536,29.269670,-97.765876,us_census_gazetteer,approximate_city
69541,35.245302,-102.429247,us_census_gazetteer,approximate_city
69542,41.670270,-87.737085,us_census_gazetteer,approximate_city
69545,32.186464,-96.885789,us_census_gazetteer,approximate_city
69546,46.013033,-92.912722,us_census_gazetteer,approximate_city
69547,44.212338,-88.427357,us_census_gazetteer,approximate_city
69549,44.888027,-93.040497,us_census_gazetteer,approximate_city
69550,46.774458,-92.134135,us_census_gazetteer,approximate_city
69553,41.683220,-88.338849,us_census_gazetteer,approximate_city
69554,39.793283,-85.772548,us_census_gazetteer,approximate_city
69558,29.504359,-98.368547,osm_nominatim,poi_match
69559,43.872721,-93.299331,us_census_gazetteer,approximate_city
69560,35.104780,-106.646809,us_census_gazetteer,approximate_city
69561,35.970680,-83.949270,us_census_gazetteer,approximate_city
69562,42.714341,-84.560889,us_census_gazetteer,approximate_city
69563,38.040678,-84.458272,us_census_gazetteer,approximate_city
69564,36.153678,-85.634922,us_census_gazetteer,approximate_city
69565,42.767049,-86.098572,us_census_gazetteer,approximate_city
69566,41.516866,-88.147963,us_census_gazetteer,approximate_city
69567,46.450299,-92.760955,us_census_gazetteer,approximate_city
69568,42.774675,-88.939991,us_census_gazetteer,approximate_city
69570,46.807582,-95.846612,us_census_gazetteer,approximate_city
69572,39.640182,-77.722691,us_census_gazetteer,approximate_city
69573,39.563771,-77.887544,us_census_gazetteer,approximate_city
69574,44.889200,-91.909570,us_census_gazetteer,approximate_city
69575,39.649476,-78.765855,us_census_batch,street_interpolated
69576,34.374738,-96.134836,us_census_batch,street_interpolated
69580,36.144651,-98.925437,us_census_gazetteer,approximate_city
69581,42.891000,-76.106100,geonames_centroid,approximate_city
69584,34.007542,-95.084904,us_census_gazetteer,approximate_city
69585,38.387768,-84.551346,us_census_gazetteer,approximate_city
69587,39.477833,-88.362225,us_census_gazetteer,approximate_city
69588,26.402434,-98.980938,us_census_gazetteer,approximate_city
69589,35.876512,-97.408657,us_census_gazetteer,approximate_city
69590,35.399523,-97.906705,us_census_gazetteer,approximate_city
69591,26.355011,-81.784234,us_census_gazetteer,approximate_city
69592,39.779500,-86.132800,geonames_centroid,approximate_city
69594,41.630301,-88.245282,us_census_gazetteer,approximate_city
69595,35.625616,-87.044232,us_census_gazetteer,approximate_city
69596,42.034398,-87.901136,us_census_gazetteer,approximate_city
69597,39.899302,-79.724529,us_census_gazetteer,approximate_city
69598,41.370548,-81.861757,us_census_gazetteer,approximate_city
69599,40.426324,-79.761379,us_census_gazetteer,approximate_city
69601,36.505405,-101.787387,us_census_gazetteer,approximate_city
69605,45.829828,-93.423042,us_census_gazetteer,approximate_city
69607,32.152046,-94.337111,us_census_gazetteer,approximate_city
69608,26.204060,-98.325221,us_census_gazetteer,approximate_city
69611,41.187548,-97.426220,us_census_batch,street_interpolated
69612,28.040475,-99.354489,us_census_gazetteer,approximate_city
69614,40.009301,-77.115883,us_census_gazetteer,approximate_city
69615,41.317001,-96.362256,us_census_gazetteer,approximate_city
69616,39.424229,-84.217998,us_census_gazetteer,approximate_city
69618,37.985983,-100.993619,us_census_gazetteer,approximate_city
69621,29.512488,-98.304625,us_census_gazetteer,approximate_city
69625,40.092953,-76.188963,us_census_gazetteer,approximate_city
69626,36.682316,-91.895374,us_census_batch,street_interpolated
69627,26.380999,-98.821478,us_census_gazetteer,approximate_city
69629,44.923094,-73.128018,us_census_batch,street_interpolated
69630,32.043821,-93.692164,us_census_batch,street_interpolated
69632,34.697720,-86.676670,us_census_gazetteer,approximate_city
69633,31.590195,-106.228679,us_census_gazetteer,approximate_city
69636,41.319383,-88.160248,us_census_gazetteer,approximate_city
69637,41.920346,-88.133223,us_census_gazetteer,approximate_city
69643,27.755616,-98.065812,us_census_gazetteer,approximate_city
69646,33.667507,-114.217041,us_census_gazetteer,approximate_city
69647,41.847692,-88.311047,us_census_gazetteer,approximate_city
69648,40.986232,-81.994840,us_census_gazetteer,approximate_city
69649,41.136407,-80.010746,us_census_gazetteer,approximate_city
69651,34.840485,-97.609851,us_census_gazetteer,approximate_city
69652,41.348770,-86.319336,us_census_gazetteer,approximate_city
69653,39.055480,-102.279142,us_census_batch,street_interpolated
69654,36.699265,-95.637465,us_census_gazetteer,approximate_city
69657,44.205600,-73.246200,geonames_centroid,approximate_city
69658,41.559319,-95.902635,us_census_gazetteer,approximate_city
69659,34.929600,-81.023781,us_census_batch,street_interpolated
69662,31.712856,-98.977053,us_census_gazetteer,approximate_city
69663,28.712803,-100.484812,us_census_gazetteer,approximate_city
69664,31.064037,-98.182783,us_census_gazetteer,approximate_city
69666,29.895300,-97.814400,geonames_centroid,approximate_city
69668,36.883729,-89.587199,us_census_gazetteer,approximate_city
69669,32.024642,-102.113467,us_census_gazetteer,approximate_city
69670,42.413200,-73.415900,geonames_centroid,approximate_city
69671,38.478872,-100.903053,us_census_gazetteer,approximate_city
69672,31.446700,-103.579100,geonames_centroid,approximate_city
69673,33.014743,-97.229034,us_census_gazetteer,approximate_city
69674,36.097338,-84.128945,us_census_gazetteer,approximate_city
69676,34.070866,-84.272650,us_census_gazetteer,approximate_city
69679,28.161193,-81.610839,us_census_gazetteer,approximate_city
69680,41.740280,-87.806682,us_census_gazetteer,approximate_city
69681,33.580169,-86.127876,us_census_gazetteer,approximate_city
69682,36.469500,-84.290700,geonames_centroid,approximate_city
69683,41.837045,-87.684939,us_census_gazetteer,approximate_city
69684,44.905616,-89.605816,osm_nominatim,poi_match
69686,39.953428,-90.207390,us_census_batch,street_interpolated
69687,40.864228,-86.878624,us_census_gazetteer,approximate_city
69688,40.248118,-88.641811,us_census_gazetteer,approximate_city
69693,41.228391,-111.968147,us_census_gazetteer,approximate_city
69694,41.623416,-111.942094,us_census_gazetteer,approximate_city
69695,40.497150,-111.864636,us_census_gazetteer,approximate_city
69696,41.740256,-111.841764,us_census_gazetteer,approximate_city
69698,36.644152,-95.062183,us_census_gazetteer,approximate_city
69699,30.298622,-97.754134,us_census_gazetteer,approximate_city
69701,41.439842,-96.487000,us_census_gazetteer,approximate_city
69702,36.030124,-83.429831,us_census_gazetteer,approximate_city
69703,27.560379,-99.489181,us_census_gazetteer,approximate_city
69707,32.998902,-93.896379,us_census_gazetteer,approximate_city
69708,31.612364,-94.652046,us_census_gazetteer,approximate_city
69709,35.862020,-101.964972,us_census_gazetteer,approximate_city
69710,41.133633,-102.969540,us_census_gazetteer,approximate_city
69711,30.371282,-81.763612,osm_nominatim,poi_match
69712,45.836507,-119.692793,us_census_gazetteer,approximate_city
69713,31.629487,-96.280818,us_census_gazetteer,approximate_city
69715,40.021734,-98.061836,us_census_gazetteer,approximate_city
69719,40.508052,-78.401114,us_census_gazetteer,approximate_city
69720,26.688379,-80.735526,us_census_gazetteer,approximate_city
69721,39.785329,-93.077967,us_census_gazetteer,approximate_city
69723,42.115607,-88.505165,us_census_gazetteer,approximate_city
69727,39.910352,-93.964011,us_census_gazetteer,approximate_city
69729,40.411775,-92.566678,us_census_gazetteer,approximate_city
69731,37.844908,-94.350321,us_census_gazetteer,approximate_city
69732,38.705239,-93.235819,us_census_gazetteer,approximate_city
69735,39.775302,-93.542831,us_census_batch,street_interpolated
69740,36.763746,-81.883540,us_census_gazetteer,approximate_city
69741,33.448370,-112.256012,us_census_gazetteer,approximate_city
69742,36.406702,-97.869861,us_census_gazetteer,approximate_city
69743,39.824337,-97.633855,us_census_gazetteer,approximate_city
69744,37.046108,-100.927706,us_census_gazetteer,approximate_city
69745,34.936051,-104.675021,us_census_gazetteer,approximate_city
69746,41.142545,-94.052601,us_census_batch,street_interpolated
69747,41.088193,-85.142791,us_census_gazetteer,approximate_city
69748,41.088193,-85.142791,us_census_gazetteer,approximate_city
69750,29.699306,-98.115127,us_census_gazetteer,approximate_city
69751,36.818772,-93.920574,us_census_gazetteer,approximate_city
69755,32.828017,-79.972896,us_census_gazetteer,approximate_city
69758,40.776928,-111.930991,us_census_gazetteer,approximate_city
69764,38.964264,-112.338679,us_census_gazetteer,approximate_city
69765,41.721372,-85.420653,osm_nominatim,poi_match
69766,40.395364,-84.175659,us_census_gazetteer,approximate_city
69770,42.017267,-78.631327,us_census_gazetteer,approximate_city
69772,29.504359,-98.368547,osm_nominatim,poi_match
69780,41.687466,-88.106215,us_census_gazetteer,approximate_city
69782,42.961017,-76.846319,us_census_batch,street_interpolated
69783,40.476483,-76.287970,us_census_gazetteer,approximate_city
69784,45.557352,-94.161924,us_census_batch,street_interpolated
69785,34.295366,-99.742889,us_census_gazetteer,approximate_city
69786,35.934066,-89.905133,us_census_gazetteer,approximate_city
69787,38.650159,-94.350483,us_census_gazetteer,approximate_city
69788,38.773317,-90.416997,us_census_gazetteer,approximate_city
69789,29.593677,-82.094467,us_census_gazetteer,approximate_city
69790,36.046823,-89.377970,us_census_gazetteer,approximate_city
69791,36.337568,-102.076030,us_census_gazetteer,approximate_city
69792,37.194157,-93.292642,us_census_gazetteer,approximate_city
69797,45.526658,-94.171007,us_census_gazetteer,approximate_city
69798,39.836219,-99.891596,us_census_gazetteer,approximate_city
69799,35.024236,-110.709331,us_census_gazetteer,approximate_city
69800,42.102567,-102.876188,us_census_gazetteer,approximate_city
69801,39.153060,-119.747368,us_census_gazetteer,approximate_city
69803,41.422789,-88.262954,us_census_gazetteer,approximate_city
69804,43.086874,-88.256388,us_census_gazetteer,approximate_city
69809,45.332212,-93.566528,us_census_gazetteer,approximate_city
69811,34.631114,-97.956659,us_census_gazetteer,approximate_city
69813,40.048733,-77.523193,us_census_gazetteer,approximate_city
69814,31.839175,-100.985878,us_census_gazetteer,approximate_city
69815,46.405823,-105.838944,us_census_gazetteer,approximate_city
69816,33.520428,-101.845280,osm_nominatim,poi_match
69817,32.329992,-89.314350,us_census_gazetteer,approximate_city
69818,35.625162,-95.954032,us_census_gazetteer,approximate_city
69819,39.589618,-85.755854,us_census_gazetteer,approximate_city
69820,42.528638,-94.540064,us_census_gazetteer,approximate_city
69821,32.817698,-97.271152,us_census_gazetteer,approximate_city
69823,39.464152,-87.376036,us_census_gazetteer,approximate_city
69824,30.546659,-91.967460,us_census_batch,street_interpolated
69825,45.594724,-94.152747,us_census_gazetteer,approximate_city
69826,36.468591,-86.653781,us_census_batch,street_interpolated
69827,44.887906,-91.928026,osm_nominatim,poi_match
69830,40.556225,-75.982357,us_census_gazetteer,approximate_city
69832,30.419487,-89.069022,us_census_gazetteer,approximate_city
69833,36.106512,-94.573885,us_census_gazetteer,approximate_city
69835,38.481648,-102.779823,us_census_gazetteer,approximate_city
69837,41.598372,-87.602736,us_census_gazetteer,approximate_city
69840,41.127917,-96.196863,us_census_gazetteer,approximate_city
69842,36.004206,-96.123275,us_census_gazetteer,approximate_city
69845,40.517060,-107.555396,us_census_gazetteer,approximate_city
69847,42.788556,-91.108775,us_census_gazetteer,approximate_city
69848,45.634283,-89.429947,us_census_gazetteer,approximate_city
69850,41.593851,-93.634715,osm_nominatim,poi_match
69851,42.265448,-88.887758,us_census_gazetteer,approximate_city
69852,47.029954,-91.675744,us_census_gazetteer,approximate_city
69854,43.392165,-89.404787,us_census_gazetteer,approximate_city
69855,43.128185,-92.739944,us_census_gazetteer,approximate_city
69856,33.950498,-81.039806,us_census_gazetteer,approximate_city
69858,29.218448,-98.410720,osm_nominatim,poi_match
69859,30.495289,-90.746698,us_census_gazetteer,approximate_city
69861,37.734445,-88.941164,us_census_gazetteer,approximate_city
69862,38.177877,-94.705328,us_census_gazetteer,approximate_city
69863,41.113155,-114.953537,us_census_gazetteer,approximate_city
69865,37.419400,-76.902700,geonames_centroid,approximate_city
69870,41.655956,-83.438325,us_census_gazetteer,approximate_city
69871,30.122507,-97.432768,us_census_batch,street_interpolated
69873,44.663291,-90.171736,us_census_gazetteer,approximate_city
69874,39.729151,-90.232201,us_census_gazetteer,approximate_city
69875,42.028216,-97.427807,us_census_gazetteer,approximate_city
69876,42.310448,-93.584734,us_census_batch,street_interpolated
69877,39.584202,-91.398899,us_census_gazetteer,approximate_city
69878,41.958011,-87.943825,us_census_gazetteer,approximate_city
69879,39.779500,-86.132800,geonames_centroid,approximate_city
69880,41.935983,-87.879197,us_census_gazetteer,approximate_city
69881,45.179510,-93.863995,us_census_gazetteer,approximate_city
69882,35.249713,-87.332502,us_census_gazetteer,approximate_city
69884,34.936051,-104.675021,us_census_gazetteer,approximate_city
69885,40.689494,-81.180409,us_census_gazetteer,approximate_city
69886,40.663504,-96.182733,us_census_gazetteer,approximate_city
69887,32.047879,-81.164398,osm_nominatim,poi_match
69888,42.563807,-114.460597,us_census_gazetteer,approximate_city
69892,42.842120,-106.321282,us_census_gazetteer,approximate_city
69893,36.424832,-99.404726,us_census_gazetteer,approximate_city
69894,48.189496,-103.649117,us_census_gazetteer,approximate_city
69895,41.447612,-88.284155,us_census_gazetteer,approximate_city
69900,39.928908,-83.794241,us_census_gazetteer,approximate_city
69901,44.156137,-87.577352,us_census_gazetteer,approximate_city
69902,46.266113,-119.121426,us_census_gazetteer,approximate_city
69903,34.822603,-102.400159,us_census_gazetteer,approximate_city
69904,37.644623,-98.431130,us_census_gazetteer,approximate_city
69905,44.430568,-88.056303,osm_nominatim,poi_match
69906,37.669661,-95.464162,us_census_gazetteer,approximate_city
69907,27.754252,-97.173385,us_census_gazetteer,approximate_city
69908,40.906931,-90.285697,us_census_gazetteer,approximate_city
69912,33.572154,-112.090132,us_census_gazetteer,approximate_city
69913,36.727371,-90.460150,us_census_batch,street_interpolated
69914,34.040519,-80.906099,us_census_gazetteer,approximate_city
69915,38.095871,-94.363462,us_census_gazetteer,approximate_city
69921,39.194800,-88.154475,us_census_batch,street_interpolated
69922,41.505904,-112.051418,us_census_gazetteer,approximate_city
69923,29.522726,-98.805803,us_census_batch,street_interpolated
69926,36.670589,-97.315028,us_census_gazetteer,approximate_city
69927,39.640182,-77.722691,us_census_gazetteer,approximate_city
69928,36.036529,-95.780996,us_census_gazetteer,approximate_city
69929,37.817231,-94.706190,osm_nominatim,poi_match
69930,32.924081,-86.861931,us_census_batch,street_interpolated
69931,34.710533,-86.762280,us_census_gazetteer,approximate_city
69932,29.504359,-98.368547,osm_nominatim,poi_match
69933,33.572154,-112.090132,us_census_gazetteer,approximate_city
69934,46.721140,-92.106071,osm_nominatim,poi_match
69935,43.108448,-88.072232,us_census_gazetteer,approximate_city
69936,26.833752,-81.098451,us_census_gazetteer,approximate_city
69937,43.489616,-112.035340,us_census_gazetteer,approximate_city
69938,34.265053,-110.038321,us_census_gazetteer,approximate_city
69939,39.978575,-111.837966,us_census_batch,street_interpolated
69940,38.650159,-94.350483,us_census_gazetteer,approximate_city
69941,32.753190,-97.771944,us_census_gazetteer,approximate_city
69943,34.481607,-97.960537,us_census_gazetteer,approximate_city
69944,41.088000,-80.862300,geonames_centroid,approximate_city
69945,39.779500,-86.132800,geonames_centroid,approximate_city
69946,43.444091,-93.215969,us_census_gazetteer,approximate_city
69947,36.059500,-86.659200,geonames_centroid,approximate_city
69948,30.666016,-96.381049,us_census_gazetteer,approximate_city
69949,31.949127,-99.959308,us_census_gazetteer,approximate_city
69952,35.295653,-99.628239,us_census_gazetteer,approximate_city
69954,40.873494,-74.736828,us_census_gazetteer,approximate_city
69955,35.479281,-80.638032,us_census_gazetteer,approximate_city
69957,32.808990,-83.694060,us_census_gazetteer,approximate_city
69958,40.830669,-83.270709,us_census_gazetteer,approximate_city
69959,35.369413,-96.956408,us_census_gazetteer,approximate_city
69960,47.132866,-104.721445,us_census_batch,street_interpolated
69962,31.322904,-94.729026,us_census_gazetteer,approximate_city
69963,36.460071,-97.179608,us_census_gazetteer,approximate_city
69964,35.785493,-80.872962,us_census_gazetteer,approximate_city
69969,39.551041,-75.010217,us_census_gazetteer,approximate_city
69974,28.037188,-97.501457,us_census_gazetteer,approximate_city
69975,38.023082,-97.944845,us_census_gazetteer,approximate_city
69976,43.627771,-89.777023,us_census_batch,street_interpolated
69977,43.468072,-89.738387,us_census_gazetteer,approximate_city
69978,33.668929,-95.546616,us_census_gazetteer,approximate_city
69979,46.209022,-119.767753,us_census_gazetteer,approximate_city
69980,39.984516,-76.186183,us_census_gazetteer,approximate_city
69981,33.583606,-99.792932,us_census_gazetteer,approximate_city
69982,40.348235,-76.526015,us_census_batch,street_interpolated
69983,40.600595,-81.529351,us_census_gazetteer,approximate_city
69986,32.733338,-101.953773,us_census_gazetteer,approximate_city
69987,45.742231,-107.608237,us_census_gazetteer,approximate_city
69988,43.738713,-87.731531,us_census_gazetteer,approximate_city
69989,33.606236,-88.657568,us_census_gazetteer,approximate_city
69990,39.264928,-114.870868,us_census_gazetteer,approximate_city
69991,38.939000,-119.736879,us_census_gazetteer,approximate_city
69992,45.526658,-94.171007,us_census_gazetteer,approximate_city
69993,30.183667,-96.928029,us_census_gazetteer,approximate_city
69995,32.153036,-110.870773,us_census_gazetteer,approximate_city
69996,31.949127,-99.959308,us_census_gazetteer,approximate_city
69998,42.622790,-96.298150,us_census_gazetteer,approximate_city
69999,40.426307,-78.430260,us_census_gazetteer,approximate_city
70001,39.601152,-82.932515,us_census_gazetteer,approximate_city
70002,31.873006,-89.734001,us_census_gazetteer,approximate_city
70003,40.296656,-79.889026,us_census_gazetteer,approximate_city
70004,40.286476,-83.074864,us_census_gazetteer,approximate_city
70007,28.376643,-80.763306,us_census_gazetteer,approximate_city
70008,29.689710,-97.105205,us_census_gazetteer,approximate_city
70009,42.599979,-89.651685,us_census_batch,street_interpolated
70010,42.744625,-93.202459,us_census_batch,street_interpolated
70011,44.058726,-92.527846,osm_nominatim,poi_match
70012,39.709537,-104.720509,us_census_gazetteer,approximate_city
70014,38.769237,-92.483904,us_census_gazetteer,approximate_city
70016,40.711745,-96.460714,us_census_batch,street_interpolated
70017,39.637487,-79.946856,us_census_gazetteer,approximate_city
70019,42.912842,-77.746490,us_census_gazetteer,approximate_city
70022,40.664911,-77.593006,us_census_gazetteer,approximate_city
70024,44.521542,-87.986568,us_census_gazetteer,approximate_city
70025,40.578747,-81.090820,us_census_gazetteer,approximate_city
70026,41.357929,-89.139390,us_census_gazetteer,approximate_city
70027,41.990254,-88.314285,us_census_gazetteer,approximate_city
70028,35.662162,-81.232269,us_census_gazetteer,approximate_city
70029,30.084912,-94.145330,us_census_gazetteer,approximate_city
70030,41.590740,-87.347113,us_census_gazetteer,approximate_city
70031,40.830669,-83.270709,us_census_gazetteer,approximate_city
70032,42.492327,-92.351947,us_census_gazetteer,approximate_city
70033,45.058606,-92.830408,us_census_gazetteer,approximate_city
70034,41.767773,-87.772556,us_census_gazetteer,approximate_city
70035,40.443707,-86.923616,us_census_gazetteer,approximate_city
70036,41.894469,-88.221121,us_census_gazetteer,approximate_city
70037,39.522449,-87.124479,us_census_gazetteer,approximate_city
70038,43.054969,-86.219349,us_census_gazetteer,approximate_city
70039,28.908391,-98.539630,us_census_batch,street_interpolated
70040,29.994118,-97.883322,us_census_gazetteer,approximate_city
70041,37.441800,-77.043600,geonames_centroid,approximate_city
70042,42.519169,-93.266050,us_census_gazetteer,approximate_city
70043,46.655769,-92.430397,us_census_gazetteer,approximate_city
70044,41.598372,-87.602736,us_census_gazetteer,approximate_city
70049,41.964190,-91.679170,us_census_gazetteer,approximate_city
70050,43.227335,-89.345702,us_census_gazetteer,approximate_city
70053,43.106959,-89.506340,us_census_gazetteer,approximate_city
70054,42.873138,-87.943895,osm_nominatim,poi_match
70058,44.058726,-92.527846,osm_nominatim,poi_match
70059,46.609426,-90.843999,us_census_batch,street_interpolated
70062,43.013988,-88.200342,us_census_batch,street_interpolated
70063,33.953561,-84.542463,us_census_gazetteer,approximate_city
70066,43.015460,-89.472746,us_census_batch,street_interpolated
70067,44.305224,-90.845057,osm_nominatim,poi_match
70068,35.242395,-97.595336,us_census_gazetteer,approximate_city
70069,38.650159,-94.350483,us_census_gazetteer,approximate_city
70074,40.342515,-94.870048,us_census_gazetteer,approximate_city
70075,45.532270,-92.031468,us_census_batch,street_interpolated
70076,37.639568,-91.534860,us_census_gazetteer,approximate_city
70078,44.818343,-91.494769,us_census_gazetteer,approximate_city
70079,34.438569,-103.194194,us_census_gazetteer,approximate_city
70080,41.060392,-86.198313,us_census_gazetteer,approximate_city
70081,40.366310,-80.657061,us_census_gazetteer,approximate_city
70082,45.920719,-89.695487,us_census_batch,street_interpolated
70083,43.134619,-89.747354,us_census_gazetteer,approximate_city
70084,42.369447,-87.870898,us_census_gazetteer,approximate_city
70085,41.958011,-87.943825,us_census_gazetteer,approximate_city
70087,40.724220,-74.172574,us_census_gazetteer,approximate_city
70088,45.936339,-90.444272,us_census_gazetteer,approximate_city
70090,35.924000,-87.810500,geonames_centroid,approximate_city
70091,39.120662,-88.550859,us_census_gazetteer,approximate_city
70093,35.071873,-88.614889,us_census_gazetteer,approximate_city
70095,33.210449,-97.772466,us_census_gazetteer,approximate_city
70096,34.194745,-91.921565,us_census_batch,street_interpolated
70097,43.729279,-87.826235,us_census_gazetteer,approximate_city
70098,46.581760,-90.871898,us_census_gazetteer,approximate_city
70099,33.640650,-97.148724,us_census_batch,street_interpolated
70100,32.224300,-86.393200,geonames_centroid,approximate_city
70104,40.259263,-103.636334,us_census_gazetteer,approximate_city
70105,28.654131,-82.107724,us_census_batch,street_interpolated
70106,31.193982,-97.300358,us_census_gazetteer,approximate_city
70107,40.619918,-82.517773,us_census_batch,street_interpolated
70108,41.625428,-87.724233,us_census_gazetteer,approximate_city
70111,43.227335,-89.345702,us_census_gazetteer,approximate_city
70117,39.924100,-77.790800,geonames_centroid,approximate_city
70118,35.935390,-86.529872,osm_nominatim,poi_match
70122,34.572995,-86.989901,us_census_gazetteer,approximate_city
70124,38.075971,-102.614723,us_census_gazetteer,approximate_city
70125,40.947372,-80.664007,us_census_gazetteer,approximate_city
70126,40.619918,-82.517773,us_census_batch,street_interpolated
70127,40.394456,-79.417524,us_census_gazetteer,approximate_city
70128,35.654170,-88.835335,us_census_gazetteer,approximate_city
70130,32.726812,-82.719072,us_census_gazetteer,approximate_city
70131,41.873844,-88.015491,us_census_gazetteer,approximate_city
70135,37.672131,-92.659670,us_census_gazetteer,approximate_city
70136,32.781954,-97.348573,us_census_gazetteer,approximate_city
70137,39.976844,-76.695103,osm_nominatim,poi_match
70140,39.014854,-85.630055,us_census_gazetteer,approximate_city
70142,41.185691,-77.316486,us_census_gazetteer,approximate_city
70143,45.409879,-94.044560,us_census_gazetteer,approximate_city
70144,35.492375,-94.213947,us_census_gazetteer,approximate_city
70145,43.489616,-112.035340,us_census_gazetteer,approximate_city
70146,47.666935,-117.433322,us_census_gazetteer,approximate_city
70150,41.017975,-95.799453,us_census_gazetteer,approximate_city
70151,32.277594,-96.566243,us_census_batch,street_interpolated
70154,40.395585,-104.578334,us_census_gazetteer,approximate_city
70155,42.426400,-83.301700,geonames_centroid,approximate_city
70156,37.683818,-113.095540,us_census_gazetteer,approximate_city
70157,42.492327,-92.351947,us_census_gazetteer,approximate_city
70158,33.005836,-80.179306,us_census_gazetteer,approximate_city
70159,37.123551,-77.224856,us_census_gazetteer,approximate_city
70160,44.796219,-106.964166,us_census_gazetteer,approximate_city
70162,36.697157,-76.634781,us_census_gazetteer,approximate_city
70163,45.378519,-94.721592,us_census_gazetteer,approximate_city
70164,41.048500,-75.534300,geonames_centroid,approximate_city
70168,45.565070,-94.302070,us_census_gazetteer,approximate_city
70169,30.529807,-96.699724,us_census_gazetteer,approximate_city
70170,37.704002,-85.878881,us_census_gazetteer,approximate_city
70171,43.631547,-88.737534,us_census_gazetteer,approximate_city
70172,38.013187,-88.917281,us_census_gazetteer,approximate_city
70174,43.003889,-82.922280,us_census_gazetteer,approximate_city
70176,43.613500,-116.203500,geonames_centroid,approximate_city
70177,37.349783,-108.576687,us_census_gazetteer,approximate_city
70179,36.255855,-94.153356,us_census_gazetteer,approximate_city
70180,41.958011,-87.943825,us_census_gazetteer,approximate_city
70181,35.462794,-79.150128,osm_nominatim,poi_match
70182,43.640994,-94.100339,us_census_gazetteer,approximate_city
70183,31.825226,-103.908905,us_census_batch,street_interpolated
70185,31.853923,-103.092395,us_census_gazetteer,approximate_city
70187,31.446700,-103.579100,geonames_centroid,approximate_city
70188,36.644152,-95.062183,us_census_gazetteer,approximate_city
70189,42.763811,-71.432010,us_census_gazetteer,approximate_city
70190,34.766572,-106.808512,us_census_gazetteer,approximate_city
70191,34.177347,-98.463921,us_census_gazetteer,approximate_city
70192,31.389895,-92.670374,us_census_gazetteer,approximate_city
70207,32.957701,-97.307544,osm_nominatim,poi_match
70208,39.574341,-119.715154,us_census_gazetteer,approximate_city
70209,37.335665,-94.302795,us_census_gazetteer,approximate_city
70210,41.117367,-89.357282,us_census_gazetteer,approximate_city
70214,33.782487,-84.648488,us_census_gazetteer,approximate_city
70216,39.074406,-104.844221,us_census_gazetteer,approximate_city
70217,42.718095,-114.515791,us_census_gazetteer,approximate_city
70218,37.418006,-87.478957,us_census_gazetteer,approximate_city
70219,31.322904,-94.729026,us_census_gazetteer,approximate_city
70220,35.785493,-80.872962,us_census_gazetteer,approximate_city
70221,41.964190,-91.679170,us_census_gazetteer,approximate_city
70222,40.617228,-87.317929,us_census_gazetteer,approximate_city
70223,43.018377,-83.634457,osm_nominatim,poi_match
70224,39.107931,-108.357330,us_census_gazetteer,approximate_city
70225,40.011135,-75.014128,us_census_gazetteer,approximate_city
70227,30.188638,-82.642246,us_census_gazetteer,approximate_city
70229,36.008958,-115.026800,us_census_gazetteer,approximate_city
70232,39.353822,-78.055191,us_census_gazetteer,approximate_city
70233,46.843050,-101.417941,us_census_gazetteer,approximate_city
70236,35.604818,-105.217023,us_census_gazetteer,approximate_city
70238,30.570654,-100.641768,us_census_gazetteer,approximate_city
70239,38.867255,-104.760749,us_census_gazetteer,approximate_city
70240,37.077006,-113.576534,us_census_gazetteer,approximate_city
70241,38.964576,-119.766621,us_census_gazetteer,approximate_city
70242,31.557994,-97.189750,us_census_gazetteer,approximate_city
70243,36.976832,-86.433661,us_census_gazetteer,approximate_city
70245,33.962773,-98.680872,us_census_gazetteer,approximate_city
70246,25.775163,-80.208615,us_census_gazetteer,approximate_city
70247,32.793333,-96.766513,us_census_gazetteer,approximate_city
70249,36.749261,-86.207621,us_census_gazetteer,approximate_city
70251,31.307305,-89.317434,us_census_gazetteer,approximate_city
70254,38.924503,-97.228004,us_census_gazetteer,approximate_city
70255,44.245940,-85.431125,us_census_gazetteer,approximate_city
70256,27.886803,-81.821758,us_census_gazetteer,approximate_city
70257,26.161050,-98.038929,us_census_gazetteer,approximate_city
70258,43.990229,-95.758371,us_census_gazetteer,approximate_city
70262,34.087080,-96.774665,us_census_gazetteer,approximate_city
70263,32.437726,-81.775637,us_census_gazetteer,approximate_city
70265,40.772568,-97.054119,us_census_gazetteer,approximate_city
70266,31.880461,-102.345314,us_census_gazetteer,approximate_city
70267,44.626928,-123.096741,us_census_gazetteer,approximate_city
70268,41.336878,-92.180945,us_census_batch,street_interpolated
70269,42.535885,-96.494717,us_census_gazetteer,approximate_city
70270,37.940016,-101.258444,us_census_gazetteer,approximate_city
70271,42.353346,-97.787145,us_census_gazetteer,approximate_city
70273,38.157662,-85.833445,osm_nominatim,poi_match
70274,43.099971,-93.603118,us_census_gazetteer,approximate_city
70276,37.204730,-77.392368,us_census_gazetteer,approximate_city
70277,45.304590,-92.363356,us_census_gazetteer,approximate_city
70278,44.291128,-88.320399,us_census_gazetteer,approximate_city
70279,44.545738,-93.575595,us_census_gazetteer,approximate_city
70280,40.305275,-105.050622,us_census_batch,street_interpolated
70281,41.916586,-83.384324,us_census_gazetteer,approximate_city
70282,43.092222,-89.205337,us_census_gazetteer,approximate_city
70283,42.323005,-88.164571,us_census_batch,street_interpolated
70284,44.980500,-69.010900,geonames_centroid,approximate_city
70285,45.205071,-69.223215,us_census_gazetteer,approximate_city
70286,44.922741,-69.265852,us_census_gazetteer,approximate_city
70287,40.275332,-86.126915,us_census_batch,street_interpolated
70291,41.305955,-105.608637,us_census_gazetteer,approximate_city
70292,36.811120,-114.125652,us_census_gazetteer,approximate_city
70293,45.403592,-91.739750,us_census_gazetteer,approximate_city
70295,41.641090,-85.010973,us_census_gazetteer,approximate_city
70296,40.517634,-111.963515,us_census_gazetteer,approximate_city
70297,42.509863,-94.175675,us_census_gazetteer,approximate_city
70298,32.678312,-80.847883,us_census_gazetteer,approximate_city
70299,30.336864,-81.661603,us_census_gazetteer,approximate_city
70300,33.572154,-112.090132,us_census_gazetteer,approximate_city
70301,40.838111,-115.767809,us_census_gazetteer,approximate_city
70302,46.774458,-92.134135,us_census_gazetteer,approximate_city
70303,42.492327,-92.351947,us_census_gazetteer,approximate_city
70304,44.334904,-69.734199,us_census_gazetteer,approximate_city
70305,35.541833,-97.961268,us_census_gazetteer,approximate_city
70306,41.696337,-93.040512,us_census_gazetteer,approximate_city
70307,45.687442,-92.965303,us_census_gazetteer,approximate_city
70308,44.668206,-88.234279,us_census_gazetteer,approximate_city
70309,32.114838,-103.189996,us_census_gazetteer,approximate_city
70310,42.451000,-71.686800,geonames_centroid,approximate_city
70311,42.629085,-73.118747,us_census_gazetteer,approximate_city
70313,33.572154,-112.090132,us_census_gazetteer,approximate_city
70314,40.810284,-96.674856,us_census_gazetteer,approximate_city
70318,33.133480,-95.629246,us_census_batch,street_interpolated
70319,41.027436,-81.732205,us_census_gazetteer,approximate_city
70320,35.039153,-85.579546,us_census_batch,street_interpolated
70321,32.978454,-115.528569,us_census_gazetteer,approximate_city
70322,45.466113,-69.577856,us_census_gazetteer,approximate_city
70323,40.110126,-87.776925,us_census_gazetteer,approximate_city
70324,41.573884,-85.829986,us_census_gazetteer,approximate_city
70325,42.477919,-94.207324,us_census_batch,street_interpolated
70326,31.655721,-103.083694,us_census_gazetteer,approximate_city
70328,41.935983,-87.879197,us_census_gazetteer,approximate_city
70329,44.375163,-100.319996,us_census_gazetteer,approximate_city
70331,37.781060,-79.985434,us_census_gazetteer,approximate_city
70333,41.650639,-93.480018,us_census_gazetteer,approximate_city
70334,42.616836,-89.375604,us_census_gazetteer,approximate_city
70336,42.425559,-89.009455,us_census_gazetteer,approximate_city
70337,30.570654,-100.641768,us_census_gazetteer,approximate_city
70338,40.289527,-84.166729,us_census_gazetteer,approximate_city
70340,41.516866,-88.147963,us_census_gazetteer,approximate_city
70341,36.341304,-79.673826,us_census_gazetteer,approximate_city
70342,41.902995,-87.863648,us_census_gazetteer,approximate_city
70343,48.170372,-122.144553,us_census_gazetteer,approximate_city
70344,45.568215,-93.590254,us_census_gazetteer,approximate_city
70345,42.767049,-86.098572,us_census_gazetteer,approximate_city
70346,42.462423,-93.818201,us_census_gazetteer,approximate_city
70349,35.972200,-83.617100,geonames_centroid,approximate_city
70350,25.995689,-97.450848,us_census_gazetteer,approximate_city
70351,42.009503,-111.802183,us_census_gazetteer,approximate_city
70352,45.492928,-93.236521,us_census_batch,street_interpolated
70353,35.040543,-97.947173,us_census_gazetteer,approximate_city
70357,39.983938,-82.984882,us_census_gazetteer,approximate_city
70358,45.208323,-96.640739,us_census_batch,street_interpolated
70359,36.865925,-113.935976,us_census_gazetteer,approximate_city
70360,43.645880,-116.659336,us_census_gazetteer,approximate_city
70361,42.919886,-110.995255,us_census_gazetteer,approximate_city
70366,45.746289,-87.083605,us_census_gazetteer,approximate_city
70371,33.159775,-99.732032,us_census_gazetteer,approximate_city
70373,44.395910,-88.738610,us_census_gazetteer,approximate_city
70374,39.855983,-88.933746,us_census_gazetteer,approximate_city
70375,33.225922,-97.586986,us_census_gazetteer,approximate_city
70376,32.793333,-96.766513,us_census_gazetteer,approximate_city
70377,36.204351,-83.300032,us_census_gazetteer,approximate_city
70379,34.202876,-84.996373,us_census_batch,street_interpolated
70380,35.209045,-80.830990,us_census_gazetteer,approximate_city
70383,30.684588,-87.739213,us_census_gazetteer,approximate_city
70385,34.196507,-97.131848,us_census_gazetteer,approximate_city
70388,31.655721,-103.083694,us_census_gazetteer,approximate_city
70389,32.024642,-102.113467,us_census_gazetteer,approximate_city
70390,31.853923,-103.092395,us_census_gazetteer,approximate_city
70391,37.899495,-88.930814,us_census_gazetteer,approximate_city
70403,47.725559,-116.944167,us_census_gazetteer,approximate_city
70404,38.867255,-104.760749,us_census_gazetteer,approximate_city
70405,32.436147,-103.149043,us_census_gazetteer,approximate_city
70406,41.919149,-89.063661,us_census_gazetteer,approximate_city
70407,40.806862,-73.171084,us_census_gazetteer,approximate_city
70408,40.821979,-72.985918,us_census_gazetteer,approximate_city
70409,42.767049,-86.098572,us_census_gazetteer,approximate_city
70410,33.804187,-84.171420,us_census_gazetteer,approximate_city
70411,34.104921,-82.872760,us_census_gazetteer,approximate_city
70413,40.714071,-94.237225,us_census_gazetteer,approximate_city
70415,39.465007,-74.997115,us_census_gazetteer,approximate_city
70416,36.337568,-102.076030,us_census_gazetteer,approximate_city
70417,42.668220,-92.333942,us_census_gazetteer,approximate_city
70419,27.560379,-99.489181,us_census_gazetteer,approximate_city
70420,34.572995,-86.989901,us_census_gazetteer,approximate_city
70421,36.413682,-90.583609,us_census_gazetteer,approximate_city
70422,33.448370,-112.256012,us_census_gazetteer,approximate_city
70423,42.115607,-88.505165,us_census_gazetteer,approximate_city
70424,43.370815,-83.881964,us_census_gazetteer,approximate_city
70425,41.069487,-80.057929,us_census_gazetteer,approximate_city
70426,30.749490,-84.483886,us_census_gazetteer,approximate_city
70427,32.018043,-81.196492,us_census_gazetteer,approximate_city
70428,31.594574,-81.895699,us_census_gazetteer,approximate_city
70429,31.124800,-83.425485,us_census_gazetteer,approximate_city
70430,33.365531,-82.073422,us_census_gazetteer,approximate_city
70431,42.487149,-95.542877,us_census_gazetteer,approximate_city
70432,41.507025,-87.870966,us_census_gazetteer,approximate_city
70433,41.630301,-88.245282,us_census_gazetteer,approximate_city
70434,38.314205,-88.917470,us_census_gazetteer,approximate_city
70436,39.843690,-96.638878,us_census_gazetteer,approximate_city
70437,38.224728,-85.740614,us_census_gazetteer,approximate_city
70438,30.283099,-91.905919,us_census_gazetteer,approximate_city
70439,32.550848,-92.921373,us_census_gazetteer,approximate_city
70440,42.492904,-83.025001,us_census_gazetteer,approximate_city
70441,38.762381,-93.725337,us_census_gazetteer,approximate_city
70442,39.153060,-119.747368,us_census_gazetteer,approximate_city
70443,32.473884,-90.130865,us_census_gazetteer,approximate_city
70445,46.139704,-98.087123,us_census_gazetteer,approximate_city
70446,32.286235,-104.097756,us_census_gazetteer,approximate_city
70447,41.362700,-74.443500,geonames_centroid,approximate_city
70448,43.232432,-76.144820,us_census_gazetteer,approximate_city
70450,43.329000,-73.681800,geonames_centroid,approximate_city
70452,33.038996,-115.622441,us_census_gazetteer,approximate_city
70453,33.940363,-97.145055,us_census_batch,street_interpolated
70454,41.713500,-76.487200,geonames_centroid,approximate_city
70455,40.571174,-77.395140,us_census_gazetteer,approximate_city
70456,39.831886,-77.902890,us_census_gazetteer,approximate_city
70457,39.976844,-76.695103,osm_nominatim,poi_match
70458,34.642859,-82.460473,us_census_gazetteer,approximate_city
70459,43.540696,-96.731962,us_census_gazetteer,approximate_city
70460,31.441078,-100.450499,us_census_gazetteer,approximate_city
70461,29.699306,-98.115127,us_census_gazetteer,approximate_city
70463,30.183300,-96.234700,geonames_centroid,approximate_city
70464,39.089062,-108.567452,us_census_gazetteer,approximate_city
70466,30.944452,-95.373563,us_census_gazetteer,approximate_city
70467,41.262705,-96.053475,us_census_gazetteer,approximate_city
70468,31.052345,-97.479542,us_census_gazetteer,approximate_city
70469,33.177431,-95.224447,us_census_gazetteer,approximate_city
70472,32.781954,-97.348573,us_census_gazetteer,approximate_city
70474,32.793333,-96.766513,us_census_gazetteer,approximate_city
70476,45.876270,-93.289090,us_census_batch,street_interpolated
70478,38.938839,-111.865209,us_census_gazetteer,approximate_city
70479,37.547300,-78.850800,geonames_centroid,approximate_city
70480,47.304889,-117.971290,us_census_gazetteer,approximate_city
70481,43.714386,-89.469166,us_census_gazetteer,approximate_city
70482,43.410768,-106.277289,us_census_gazetteer,approximate_city
70483,40.670358,-73.392761,us_census_gazetteer,approximate_city
70484,32.944466,-103.349225,us_census_gazetteer,approximate_city
70485,32.729089,-103.160588,us_census_gazetteer,approximate_city
70488,33.188330,-102.821478,us_census_gazetteer,approximate_city
70491,39.743535,-94.002400,us_census_gazetteer,approximate_city
70492,44.961766,-89.646538,us_census_gazetteer,approximate_city
70493,34.781368,-91.558058,us_census_gazetteer,approximate_city
70494,39.882792,-104.794908,us_census_gazetteer,approximate_city
70495,33.329180,-91.284794,us_census_gazetteer,approximate_city
70496,44.349336,-87.831198,us_census_gazetteer,approximate_city
70498,44.959383,-90.943719,us_census_gazetteer,approximate_city
70500,33.561901,-101.888883,us_census_gazetteer,approximate_city
70501,32.024642,-102.113467,us_census_gazetteer,approximate_city
70502,31.829262,-102.439539,us_census_batch,street_interpolated
70503,31.191725,-101.467330,us_census_batch,street_interpolated
70505,33.594812,-101.818338,us_census_batch,street_interpolated
70507,31.831378,-99.422201,us_census_gazetteer,approximate_city
70508,41.958626,-87.869317,us_census_gazetteer,approximate_city
70509,31.742153,-98.936602,us_census_gazetteer,approximate_city
70510,32.111350,-98.535156,us_census_gazetteer,approximate_city
70516,32.399486,-100.858304,us_census_gazetteer,approximate_city
70527,38.494822,-85.767036,us_census_gazetteer,approximate_city
70530,25.995689,-97.450848,us_census_gazetteer,approximate_city
70538,38.178013,-85.067466,us_census_batch,street_interpolated
70539,39.477954,-87.681784,us_census_batch,street_interpolated
70540,27.895263,-81.590312,us_census_batch,street_interpolated
70541,43.416659,-95.113071,us_census_gazetteer,approximate_city
70543,35.433397,-101.175846,us_census_gazetteer,approximate_city
70544,32.977300,-101.827100,geonames_centroid,approximate_city
70545,32.967871,-102.832225,us_census_gazetteer,approximate_city
70546,34.936913,-100.892111,us_census_gazetteer,approximate_city
70547,33.210449,-97.772466,us_census_gazetteer,approximate_city
70548,34.229179,-102.728380,us_census_gazetteer,approximate_city
70549,32.966501,-102.819024,us_census_batch,street_interpolated
70550,30.183667,-96.928029,us_census_gazetteer,approximate_city
70551,43.063348,-87.966695,us_census_gazetteer,approximate_city
70552,46.774458,-92.134135,us_census_gazetteer,approximate_city
70553,43.628733,-95.599702,us_census_gazetteer,approximate_city
70554,31.707438,-103.598875,us_census_gazetteer,approximate_city
70555,36.081868,-87.108965,us_census_gazetteer,approximate_city
70556,38.417041,-82.603017,us_census_gazetteer,approximate_city
70557,36.537602,-95.229368,us_census_gazetteer,approximate_city
70558,42.671601,-88.536256,us_census_gazetteer,approximate_city
70559,45.758035,-93.651565,us_census_gazetteer,approximate_city
70560,32.700435,-113.961785,us_census_gazetteer,approximate_city
70561,31.880461,-102.345314,us_census_gazetteer,approximate_city
70562,36.597486,-86.526621,us_census_gazetteer,approximate_city
70563,35.775900,-114.500100,geonames_centroid,approximate_city
70564,41.445100,-82.005109,us_census_gazetteer,approximate_city
70565,43.399735,-94.834216,us_census_gazetteer,approximate_city
70567,40.883268,-74.668029,us_census_gazetteer,approximate_city
70571,41.556168,-84.769373,us_census_gazetteer,approximate_city
70572,42.826530,-82.492433,us_census_gazetteer,approximate_city
70573,43.293928,-89.735231,us_census_gazetteer,approximate_city
70574,39.956112,-89.543628,us_census_gazetteer,approximate_city
70575,40.471700,-80.087600,geonames_centroid,approximate_city
70576,44.887906,-91.928026,osm_nominatim,poi_match
70577,41.574360,-88.113261,us_census_gazetteer,approximate_city
70578,44.071071,-103.217924,us_census_gazetteer,approximate_city
70579,30.839395,-97.598848,us_census_batch,street_interpolated
70580,46.874359,-114.026136,us_census_gazetteer,approximate_city
70581,32.846247,-87.900332,us_census_gazetteer,approximate_city
70582,41.566836,-90.476879,us_census_gazetteer,approximate_city
70583,36.986752,-91.961551,us_census_gazetteer,approximate_city
70584,32.024642,-102.113467,us_census_gazetteer,approximate_city
70585,32.321336,-102.551846,us_census_gazetteer,approximate_city
70586,40.964432,-117.724582,us_census_gazetteer,approximate_city
70587,39.156930,-111.813516,us_census_gazetteer,approximate_city
70588,40.153808,-79.741667,us_census_gazetteer,approximate_city
70590,29.756481,-81.312762,us_census_batch,street_interpolated
70591,40.785704,-81.397902,osm_nominatim,poi_match
70592,34.665791,-80.720931,us_census_gazetteer,approximate_city
70593,34.499792,-84.933058,us_census_gazetteer,approximate_city
70595,40.110126,-87.776925,us_census_gazetteer,approximate_city
70596,34.136239,-83.602157,us_census_gazetteer,approximate_city
70597,38.040678,-84.458272,us_census_gazetteer,approximate_city
70598,35.109164,-89.968511,us_census_gazetteer,approximate_city
70599,33.407657,-82.665124,us_census_gazetteer,approximate_city
70600,43.147762,-93.200403,us_census_gazetteer,approximate_city
70601,38.924503,-97.228004,us_census_gazetteer,approximate_city
70603,33.461110,-94.419096,us_census_gazetteer,approximate_city
70604,43.257083,-93.636556,us_census_gazetteer,approximate_city
70605,41.844537,-87.759290,us_census_gazetteer,approximate_city
70606,37.050205,-86.208076,us_census_gazetteer,approximate_city
70607,41.422789,-88.262954,us_census_gazetteer,approximate_city
70608,45.214398,-93.391638,us_census_gazetteer,approximate_city
70609,33.292359,-83.967846,us_census_gazetteer,approximate_city
70611,41.443361,-85.258154,us_census_gazetteer,approximate_city
70612,47.065483,-120.670837,us_census_gazetteer,approximate_city
70615,41.629067,-87.685842,us_census_gazetteer,approximate_city
70617,39.125155,-94.550313,us_census_gazetteer,approximate_city
70618,39.808900,-82.987294,us_census_gazetteer,approximate_city
70619,44.769566,-94.151027,us_census_gazetteer,approximate_city
70620,34.373579,-92.821250,us_census_gazetteer,approximate_city
70621,32.535471,-82.928807,us_census_gazetteer,approximate_city
70622,40.259899,-75.724228,us_census_gazetteer,approximate_city
70623,41.687466,-88.106215,us_census_gazetteer,approximate_city
70624,41.566836,-90.476879,us_census_gazetteer,approximate_city
70625,45.341200,-69.042300,geonames_centroid,approximate_city
70626,39.547978,-107.652736,us_census_gazetteer,approximate_city
70628,47.000124,-120.549540,us_census_gazetteer,approximate_city
70629,45.509885,-92.955655,us_census_gazetteer,approximate_city
70630,41.147561,-81.361965,us_census_gazetteer,approximate_city
70632,41.440524,-87.624471,us_census_gazetteer,approximate_city
70634,38.478872,-100.903053,us_census_gazetteer,approximate_city
70635,41.149360,-82.729365,us_census_batch,street_interpolated
70637,26.161050,-98.038929,us_census_gazetteer,approximate_city
70638,39.034673,-95.696191,us_census_gazetteer,approximate_city
70640,35.847503,-98.402734,us_census_gazetteer,approximate_city
70641,38.157978,-79.061876,us_census_gazetteer,approximate_city
70642,32.322004,-90.881557,us_census_gazetteer,approximate_city
70643,32.522852,-85.099425,us_census_gazetteer,approximate_city
70644,45.038266,-93.793012,us_census_gazetteer,approximate_city
70645,29.497325,-98.399524,osm_nominatim,poi_match
70646,44.521542,-87.986568,us_census_gazetteer,approximate_city
70647,31.538066,-103.122483,us_census_gazetteer,approximate_city
70648,43.213547,-71.000499,us_census_batch,street_interpolated
70649,45.509885,-92.955655,us_census_gazetteer,approximate_city
70650,41.097012,-112.017920,us_census_gazetteer,approximate_city
70651,30.668136,-97.698744,us_census_gazetteer,approximate_city
70652,38.314205,-88.917470,us_census_gazetteer,approximate_city
70653,40.094978,-87.642148,us_census_gazetteer,approximate_city
70654,32.268169,-109.230200,us_census_gazetteer,approximate_city
70655,39.089062,-108.567452,us_census_gazetteer,approximate_city
70656,42.081347,-83.684793,us_census_gazetteer,approximate_city
70657,38.781571,-77.183921,us_census_gazetteer,approximate_city
70658,39.944443,-84.027667,us_census_gazetteer,approximate_city
70660,41.060314,-94.364727,us_census_gazetteer,approximate_city
70661,44.158446,-92.539194,us_census_gazetteer,approximate_city
70662,42.116594,-80.073503,us_census_gazetteer,approximate_city
70663,41.182994,-87.878473,us_census_gazetteer,approximate_city
70665,30.080402,-97.855700,us_census_gazetteer,approximate_city
70666,41.837045,-87.684939,us_census_gazetteer,approximate_city
70667,45.591657,-120.697464,us_census_gazetteer,approximate_city
70668,41.450134,-97.061591,us_census_gazetteer,approximate_city
70669,45.591657,-120.697464,us_census_gazetteer,approximate_city
70670,40.847116,-111.918780,us_census_gazetteer,approximate_city
70673,33.400626,-111.716487,us_census_gazetteer,approximate_city
70674,42.562221,-71.584844,us_census_gazetteer,approximate_city
70676,33.572154,-112.090132,us_census_gazetteer,approximate_city
70677,33.533111,-112.189901,us_census_gazetteer,approximate_city
70679,33.572154,-112.090132,us_census_gazetteer,approximate_city
70680,33.572154,-112.090132,us_census_gazetteer,approximate_city
70681,33.400626,-111.716487,us_census_gazetteer,approximate_city
70682,38.616361,-90.130528,us_census_gazetteer,approximate_city
70686,44.963882,-92.730253,us_census_gazetteer,approximate_city
70687,40.914213,-77.768197,us_census_gazetteer,approximate_city
70691,29.497325,-98.399524,osm_nominatim,poi_match
70692,43.590163,-72.968940,us_census_batch,street_interpolated
70693,34.767898,-84.972812,us_census_gazetteer,approximate_city
70695,33.643341,-105.841132,us_census_gazetteer,approximate_city
70696,32.024642,-102.113467,us_census_gazetteer,approximate_city
70698,35.355482,-103.453020,us_census_gazetteer,approximate_city
70699,36.292739,-88.308057,us_census_gazetteer,approximate_city
70700,32.540376,-86.206999,us_census_gazetteer,approximate_city
70704,37.075218,-94.501259,us_census_gazetteer,approximate_city
70705,39.421668,-89.459007,us_census_gazetteer,approximate_city
70706,37.075218,-94.501259,us_census_gazetteer,approximate_city
70707,32.898518,-85.141499,us_census_gazetteer,approximate_city
70708,42.752927,-84.744901,us_census_gazetteer,approximate_city
70709,39.509438,-91.529335,us_census_gazetteer,approximate_city
70710,34.949671,-88.924455,us_census_gazetteer,approximate_city
70711,27.560379,-99.489181,us_census_gazetteer,approximate_city
70714,36.941815,-111.513283,us_census_gazetteer,approximate_city
70717,39.983938,-82.984882,us_census_gazetteer,approximate_city
70718,34.889781,-91.189819,us_census_gazetteer,approximate_city
70719,38.856376,-91.303157,us_census_gazetteer,approximate_city
70720,45.594724,-94.152747,us_census_gazetteer,approximate_city
70722,43.040998,-76.143554,us_census_gazetteer,approximate_city
70723,42.163762,-77.092384,us_census_gazetteer,approximate_city
70724,33.601475,-80.352648,us_census_gazetteer,approximate_city
70725,36.673774,-87.422506,us_census_gazetteer,approximate_city
70726,39.824337,-97.633855,us_census_gazetteer,approximate_city
70727,43.995916,-96.311080,us_census_gazetteer,approximate_city
70728,43.347525,-97.430791,us_census_gazetteer,approximate_city
70729,44.366596,-100.382329,us_census_gazetteer,approximate_city
70730,42.889751,-97.392687,us_census_gazetteer,approximate_city
70731,41.919149,-89.063661,us_census_gazetteer,approximate_city
70732,40.776928,-111.930991,us_census_gazetteer,approximate_city
70733,39.742230,-92.470551,us_census_gazetteer,approximate_city
70735,39.040863,-90.140041,us_census_gazetteer,approximate_city
70736,41.730164,-93.601083,us_census_gazetteer,approximate_city
70737,41.679794,-93.236280,us_census_gazetteer,approximate_city
70738,37.075218,-94.501259,us_census_gazetteer,approximate_city
70739,39.785329,-93.077967,us_census_gazetteer,approximate_city
70740,39.056115,-88.746922,us_census_gazetteer,approximate_city
70741,39.391154,-85.717490,us_census_gazetteer,approximate_city
70742,42.896506,-92.803538,us_census_gazetteer,approximate_city
70743,46.088667,-94.500718,us_census_gazetteer,approximate_city
70744,41.363000,-89.000800,geonames_centroid,approximate_city
70745,43.940133,-94.927696,us_census_gazetteer,approximate_city
70746,40.872728,-97.997800,us_census_batch,street_interpolated
70747,35.234772,-96.649329,us_census_gazetteer,approximate_city
70748,42.163106,-92.026206,us_census_gazetteer,approximate_city
70749,37.577342,-101.354864,us_census_gazetteer,approximate_city
70750,36.801341,-97.300871,us_census_gazetteer,approximate_city
70751,43.388946,-87.943896,us_census_gazetteer,approximate_city
70752,35.276328,-93.138743,us_census_gazetteer,approximate_city
70753,35.989923,-96.597424,us_census_gazetteer,approximate_city
70754,37.516944,-97.010425,us_census_gazetteer,approximate_city
70755,37.174510,-101.344544,us_census_gazetteer,approximate_city
70756,39.107890,-95.079090,us_census_gazetteer,approximate_city
70757,34.926128,-95.773619,us_census_gazetteer,approximate_city
70759,44.119846,-93.709698,us_census_gazetteer,approximate_city
70760,40.909211,-97.096095,us_census_gazetteer,approximate_city
70761,42.582306,-90.605183,us_census_gazetteer,approximate_city
70763,42.390903,-91.480803,us_census_batch,street_interpolated
70764,41.627949,-89.129243,us_census_batch,street_interpolated
70765,31.103183,-97.340435,osm_nominatim,poi_match
70767,42.152447,-89.740174,us_census_gazetteer,approximate_city
70768,40.495497,-89.652382,us_census_gazetteer,approximate_city
70769,36.699265,-95.637465,us_census_gazetteer,approximate_city
70770,41.297913,-91.693671,us_census_gazetteer,approximate_city
70771,44.298945,-94.723594,us_census_gazetteer,approximate_city
70772,38.925265,-89.261950,us_census_gazetteer,approximate_city
70773,39.837998,-96.069608,us_census_gazetteer,approximate_city
70774,42.461098,-95.152411,us_census_gazetteer,approximate_city
70775,38.779367,-95.556967,us_census_gazetteer,approximate_city
70776,39.773939,-98.783474,us_census_gazetteer,approximate_city
70778,39.964474,-84.186380,us_census_gazetteer,approximate_city
70779,41.469409,-95.543198,us_census_gazetteer,approximate_city
70780,45.471700,-94.246230,us_census_batch,street_interpolated
70782,40.745932,-98.845848,us_census_gazetteer,approximate_city
70783,32.192015,-81.205725,us_census_gazetteer,approximate_city
70784,34.969195,-78.959887,us_census_gazetteer,approximate_city
70785,34.040519,-80.906099,us_census_gazetteer,approximate_city
70786,27.754252,-97.173385,us_census_gazetteer,approximate_city
70787,32.127300,-81.498300,geonames_centroid,approximate_city
70788,41.392123,-81.534680,us_census_gazetteer,approximate_city
70789,44.164925,-88.479628,us_census_gazetteer,approximate_city
70790,38.908466,-91.454789,us_census_gazetteer,approximate_city
70791,35.871950,-88.144936,us_census_gazetteer,approximate_city
70792,40.284302,-100.165800,us_census_gazetteer,approximate_city
70793,38.993460,-110.173424,us_census_gazetteer,approximate_city
70794,40.939473,-83.402697,us_census_batch,street_interpolated
70796,32.781954,-97.348573,us_census_gazetteer,approximate_city
70797,32.989386,-96.899940,us_census_gazetteer,approximate_city
70798,42.684698,-89.013170,us_census_gazetteer,approximate_city
70831,39.574341,-119.715154,us_census_gazetteer,approximate_city
70832,39.574341,-119.715154,us_census_gazetteer,approximate_city
70833,39.549097,-119.849907,us_census_gazetteer,approximate_city
70845,39.574341,-119.715154,us_census_gazetteer,approximate_city
70855,39.153060,-119.747368,us_census_gazetteer,approximate_city
70858,32.224300,-86.393200,geonames_centroid,approximate_city
70859,39.153060,-119.747368,us_census_gazetteer,approximate_city
70860,40.838111,-115.767809,us_census_gazetteer,approximate_city
70864,39.549097,-119.849907,us_census_gazetteer,approximate_city
70870,41.868088,-103.662035,us_census_gazetteer,approximate_city
70871,41.309000,-72.615300,geonames_centroid,approximate_city
70873,30.188638,-82.642246,us_census_gazetteer,approximate_city
70874,30.386399,-96.090734,us_census_gazetteer,approximate_city
70875,30.246996,-94.742125,us_census_batch,street_interpolated
70876,43.078344,-72.424804,us_census_gazetteer,approximate_city
70877,42.450687,-87.925147,us_census_gazetteer,approximate_city
70878,42.189909,-112.249688,us_census_gazetteer,approximate_city
70879,35.104780,-106.646809,us_census_gazetteer,approximate_city
70880,40.444433,-75.967191,us_census_gazetteer,approximate_city
70881,40.426307,-78.430260,us_census_gazetteer,approximate_city
70882,40.395178,-77.027730,us_census_gazetteer,approximate_city
70883,40.341193,-76.422735,us_census_gazetteer,approximate_city
70884,39.474323,-77.363352,us_census_gazetteer,approximate_city
70885,44.261995,-88.309534,us_census_gazetteer,approximate_city
70887,33.579038,-83.475971,us_census_gazetteer,approximate_city
70888,34.657061,-99.309046,us_census_gazetteer,approximate_city
70889,41.927299,-80.568382,us_census_gazetteer,approximate_city
70890,33.814044,-98.197441,us_census_batch,street_interpolated
70891,36.679376,-76.301788,us_census_gazetteer,approximate_city
70892,38.299272,-77.486658,us_census_gazetteer,approximate_city
70893,38.299272,-77.486658,us_census_gazetteer,approximate_city
70894,38.609172,-76.919776,us_census_gazetteer,approximate_city
70895,38.084700,-77.439900,geonames_centroid,approximate_city
70896,38.924952,-78.183426,us_census_gazetteer,approximate_city
70897,38.608485,-78.801366,us_census_gazetteer,approximate_city
70898,38.436255,-78.873303,us_census_gazetteer,approximate_city
70899,38.067157,-78.901420,us_census_gazetteer,approximate_city
70900,37.278458,-79.958174,us_census_gazetteer,approximate_city
70901,37.285333,-80.055241,us_census_gazetteer,approximate_city
70902,37.399016,-79.195458,us_census_gazetteer,approximate_city
70903,37.278458,-79.958174,us_census_gazetteer,approximate_city
70904,38.698722,-77.216649,us_census_gazetteer,approximate_city
70905,38.853183,-77.299025,us_census_gazetteer,approximate_city
70906,39.039903,-76.920443,us_census_gazetteer,approximate_city
70907,39.195483,-76.741082,us_census_gazetteer,approximate_city
70908,38.816495,-76.753670,us_census_gazetteer,approximate_city
70909,38.942368,-76.925910,us_census_gazetteer,approximate_city
70910,39.300032,-76.610476,us_census_gazetteer,approximate_city
70912,39.210900,-76.559700,geonames_centroid,approximate_city
70913,39.083666,-77.155585,us_census_gazetteer,approximate_city
70914,38.876687,-76.907569,us_census_gazetteer,approximate_city
70915,39.300032,-76.610476,us_census_gazetteer,approximate_city
70916,35.775900,-114.500100,geonames_centroid,approximate_city
70917,38.375328,-75.585925,us_census_gazetteer,approximate_city
70918,39.210900,-76.559700,geonames_centroid,approximate_city
70919,39.670017,-75.566519,us_census_gazetteer,approximate_city
70920,39.156271,-76.606996,us_census_gazetteer,approximate_city
70921,38.750917,-76.902669,us_census_gazetteer,approximate_city
70922,38.961205,-76.954935,us_census_gazetteer,approximate_city
70923,39.148601,-77.195131,us_census_gazetteer,approximate_city
70924,40.152343,-74.852340,us_census_gazetteer,approximate_city
70925,39.907433,-75.267787,us_census_gazetteer,approximate_city
70926,40.593648,-75.478393,us_census_gazetteer,approximate_city
70927,38.781571,-77.183921,us_census_gazetteer,approximate_city
70928,39.149094,-76.776388,us_census_gazetteer,approximate_city
70929,39.457769,-77.978212,us_census_gazetteer,approximate_city
70930,39.173869,-78.176356,us_census_gazetteer,approximate_city
70931,39.640182,-77.722691,us_census_gazetteer,approximate_city
70933,39.173869,-78.176356,us_census_gazetteer,approximate_city
70934,39.434089,-77.414539,us_census_gazetteer,approximate_city
70935,39.434089,-77.414539,us_census_gazetteer,approximate_city
70937,38.630435,-77.800301,osm_nominatim,poi_match
70938,39.004733,-77.405368,us_census_gazetteer,approximate_city
70939,38.746808,-77.482633,us_census_gazetteer,approximate_city
70940,38.746808,-77.482633,us_census_gazetteer,approximate_city
70941,37.513062,-77.313008,us_census_gazetteer,approximate_city
70942,38.889180,-77.442088,us_census_gazetteer,approximate_city
70943,38.470292,-77.999764,us_census_gazetteer,approximate_city
70944,38.470292,-77.999764,us_census_gazetteer,approximate_city
70945,38.583015,-77.778763,us_census_gazetteer,approximate_city
70946,38.228054,-78.377478,us_census_gazetteer,approximate_city
70947,38.299272,-77.486658,us_census_gazetteer,approximate_city
70948,36.094850,-79.823624,us_census_gazetteer,approximate_city
70949,35.725577,-78.879919,us_census_gazetteer,approximate_city
70950,36.106171,-80.081895,us_census_gazetteer,approximate_city
70951,39.106396,-77.559195,us_census_gazetteer,approximate_city
70952,35.831868,-78.641042,us_census_gazetteer,approximate_city
70953,38.299272,-77.486658,us_census_gazetteer,approximate_city
70954,35.689477,-78.614599,us_census_gazetteer,approximate_city
70955,38.299272,-77.486658,us_census_gazetteer,approximate_city
70956,34.209225,-77.885767,us_census_gazetteer,approximate_city
70957,38.299272,-77.486658,us_census_gazetteer,approximate_city
70958,38.299272,-77.486658,us_census_gazetteer,approximate_city
70959,34.209225,-77.885767,us_census_gazetteer,approximate_city
70960,38.157978,-79.061876,us_census_gazetteer,approximate_city
70961,34.209225,-77.885767,us_census_gazetteer,approximate_city
70962,37.960351,-76.760950,us_census_gazetteer,approximate_city
70963,35.539726,-78.291735,us_census_gazetteer,approximate_city
70964,38.279436,-77.184308,us_census_gazetteer,approximate_city
70965,35.831868,-78.641042,us_census_gazetteer,approximate_city
70966,37.333300,-77.634300,geonames_centroid,approximate_city
70967,35.082766,-78.973515,us_census_gazetteer,approximate_city
70968,37.760417,-77.472414,us_census_gazetteer,approximate_city
70969,36.094850,-79.823624,us_census_gazetteer,approximate_city
70970,37.542121,-77.927083,us_census_gazetteer,approximate_city
70971,37.733700,-77.700000,geonames_centroid,approximate_city
70973,35.990803,-79.992713,us_census_gazetteer,approximate_city
70974,37.531399,-77.476009,us_census_gazetteer,approximate_city
70975,37.531399,-77.476009,us_census_gazetteer,approximate_city
70976,36.106171,-80.081895,us_census_gazetteer,approximate_city
70977,35.831868,-78.641042,us_census_gazetteer,approximate_city
70978,35.831868,-78.641042,us_census_gazetteer,approximate_city
70979,35.831868,-78.641042,us_census_gazetteer,approximate_city
70980,37.798200,-77.937500,geonames_centroid,approximate_city
70982,37.518500,-77.148600,geonames_centroid,approximate_city
70983,37.530200,-77.475300,geonames_centroid,approximate_city
70984,35.968514,-77.808294,us_census_gazetteer,approximate_city
70985,36.102863,-80.260829,us_census_gazetteer,approximate_city
70986,36.035072,-78.481652,us_census_gazetteer,approximate_city
70987,37.531399,-77.476009,us_census_gazetteer,approximate_city
70988,37.047961,-76.297293,us_census_gazetteer,approximate_city
70989,36.779525,-76.029142,us_census_gazetteer,approximate_city
70990,37.047961,-76.297293,us_census_gazetteer,approximate_city
70991,37.076136,-76.521980,us_census_gazetteer,approximate_city
70992,37.513062,-77.313008,us_census_gazetteer,approximate_city
70993,37.760417,-77.472414,us_census_gazetteer,approximate_city
70994,37.531399,-77.476009,us_census_gazetteer,approximate_city
70995,37.352045,-77.433695,us_census_gazetteer,approximate_city
70996,37.963600,-78.253500,geonames_centroid,approximate_city
70997,37.484382,-77.649577,us_census_gazetteer,approximate_city
70998,36.859339,-76.356973,us_census_gazetteer,approximate_city
71001,37.531399,-77.476009,us_census_gazetteer,approximate_city
71002,38.037658,-78.485381,us_census_gazetteer,approximate_city
71003,37.531399,-77.476009,us_census_gazetteer,approximate_city
71004,37.841700,-77.512500,geonames_centroid,approximate_city
71005,37.531399,-77.476009,us_census_gazetteer,approximate_city
71006,37.531399,-77.476009,us_census_gazetteer,approximate_city
71007,33.850091,-86.823322,us_census_batch,street_interpolated
71009,35.961624,-83.197624,us_census_gazetteer,approximate_city
71010,38.224728,-85.740614,us_census_gazetteer,approximate_city
71011,41.398741,-73.478103,us_census_gazetteer,approximate_city
71012,41.076800,-73.485300,geonames_centroid,approximate_city
71013,41.958343,-70.663800,us_census_gazetteer,approximate_city
71014,39.195483,-76.741082,us_census_gazetteer,approximate_city
71018,42.163106,-92.026206,us_census_gazetteer,approximate_city
71019,44.454448,-93.167143,osm_nominatim,poi_match
71020,30.529807,-96.699724,us_census_gazetteer,approximate_city
71021,41.293210,-89.071036,us_census_gazetteer,approximate_city
71022,29.681747,-97.646696,us_census_gazetteer,approximate_city
71023,31.853923,-103.092395,us_census_gazetteer,approximate_city
71024,40.914233,-90.643075,us_census_gazetteer,approximate_city
71025,43.949222,-88.094881,us_census_gazetteer,approximate_city
71027,42.185743,-93.586885,us_census_gazetteer,approximate_city
71029,41.873844,-88.015491,us_census_gazetteer,approximate_city
71030,32.465939,-111.135401,us_census_gazetteer,approximate_city
71032,39.473663,-118.777865,us_census_gazetteer,approximate_city
71033,39.153060,-119.747368,us_census_gazetteer,approximate_city
71034,37.683818,-113.095540,us_census_gazetteer,approximate_city
71036,38.468893,-107.858983,us_census_gazetteer,approximate_city
71037,41.137115,-77.453239,us_census_gazetteer,approximate_city
71039,41.192553,-80.967979,us_census_gazetteer,approximate_city
71042,39.323119,-119.814610,us_census_batch,street_interpolated
71046,39.196539,-84.477340,osm_nominatim,poi_match
71047,34.423271,-112.240747,us_census_gazetteer,approximate_city
71050,42.027507,-85.635835,us_census_batch,street_interpolated
71051,39.964798,-76.731840,us_census_gazetteer,approximate_city
71053,37.734445,-88.941164,us_census_gazetteer,approximate_city
71055,36.067319,-86.424352,us_census_batch,street_interpolated
71056,34.682134,-87.445259,us_census_batch,street_interpolated
71057,44.663897,-121.160438,us_census_gazetteer,approximate_city
71058,44.545738,-93.575595,us_census_gazetteer,approximate_city
71059,30.635418,-81.569584,us_census_gazetteer,approximate_city
71060,36.508487,-80.614538,us_census_gazetteer,approximate_city
71061,33.361750,-81.483861,us_census_batch,street_interpolated
71062,38.938839,-111.865209,us_census_gazetteer,approximate_city
71063,35.104780,-106.646809,us_census_gazetteer,approximate_city
71064,39.795912,-88.275483,us_census_gazetteer,approximate_city
71065,40.287727,-109.987983,us_census_gazetteer,approximate_city
71066,32.808990,-83.694060,us_census_gazetteer,approximate_city
71067,34.502686,-82.021413,us_census_gazetteer,approximate_city
71071,45.125706,-92.672961,us_census_gazetteer,approximate_city
71072,31.956090,-83.770077,us_census_gazetteer,approximate_city
71073,37.734445,-88.941164,us_census_gazetteer,approximate_city
71074,42.093528,-88.257857,us_census_batch,street_interpolated
71075,30.810264,-97.615122,us_census_gazetteer,approximate_city
71076,42.044596,-91.586160,us_census_gazetteer,approximate_city
71077,46.883733,-96.097958,us_census_gazetteer,approximate_city
71079,31.847780,-106.431106,us_census_gazetteer,approximate_city
71080,42.573900,-79.059600,geonames_centroid,approximate_city
71083,33.365531,-82.073422,us_census_gazetteer,approximate_city
71084,36.127949,-95.902316,us_census_gazetteer,approximate_city
71085,40.104708,-84.621450,us_census_gazetteer,approximate_city
71086,41.894469,-88.221121,us_census_gazetteer,approximate_city
71087,47.127850,-119.276384,us_census_gazetteer,approximate_city
71088,42.230425,-91.185925,us_census_gazetteer,approximate_city
71090,35.346300,-101.380508,us_census_gazetteer,approximate_city
71091,39.418112,-92.436544,us_census_gazetteer,approximate_city
71094,41.159335,-92.630333,us_census_gazetteer,approximate_city
71095,31.143606,-85.092504,us_census_gazetteer,approximate_city
71096,41.510684,-87.634069,us_census_gazetteer,approximate_city
71097,41.627924,-88.101182,us_census_gazetteer,approximate_city
71098,41.774125,-76.399452,us_census_batch,street_interpolated
71099,41.417833,-87.749894,us_census_gazetteer,approximate_city
71101,41.418139,-88.117170,us_census_gazetteer,approximate_city
71102,32.781954,-97.348573,us_census_gazetteer,approximate_city
71103,41.124960,-100.750359,us_census_gazetteer,approximate_city
71104,33.005836,-80.179306,us_census_gazetteer,approximate_city
71105,36.789566,-98.664877,us_census_gazetteer,approximate_city
71106,37.690638,-97.345836,us_census_gazetteer,approximate_city
71107,42.398125,-94.628870,us_census_gazetteer,approximate_city
71108,29.765163,-94.678502,us_census_gazetteer,approximate_city
71109,45.707740,-90.416930,us_census_batch,street_interpolated
71110,43.170178,-88.731547,osm_nominatim,poi_match
71111,34.457329,-85.689447,us_census_gazetteer,approximate_city
71112,41.310809,-72.924953,us_census_gazetteer,approximate_city
71113,44.663897,-121.160438,us_census_gazetteer,approximate_city
71114,38.084700,-77.439900,geonames_centroid,approximate_city
71115,38.676621,-87.509956,us_census_gazetteer,approximate_city
71116,32.763494,-94.350835,us_census_gazetteer,approximate_city
71117,33.365531,-82.073422,us_census_gazetteer,approximate_city
71118,42.425559,-89.009455,us_census_gazetteer,approximate_city
71119,32.105635,-81.256032,us_census_gazetteer,approximate_city
71120,33.091279,-82.014290,us_census_gazetteer,approximate_city
71121,32.263076,-107.752490,us_census_gazetteer,approximate_city
71123,32.741255,-111.594015,us_census_gazetteer,approximate_city
71124,30.299164,-81.982926,us_census_batch,street_interpolated
71126,34.209247,-80.995293,us_census_gazetteer,approximate_city
71127,29.590227,-97.968607,us_census_gazetteer,approximate_city
71129,35.209045,-80.830990,us_census_gazetteer,approximate_city
71131,34.945627,-81.925944,us_census_gazetteer,approximate_city
71132,31.927361,-94.681951,us_census_batch,street_interpolated
71133,28.667517,-99.176465,us_census_gazetteer,approximate_city
71134,34.607206,-105.212594,us_census_gazetteer,approximate_city
71136,35.397794,-77.964876,osm_nominatim,poi_match
71138,48.753442,-122.470179,us_census_gazetteer,approximate_city
71139,41.661736,-88.428596,us_census_gazetteer,approximate_city
71140,43.003955,-88.808473,us_census_gazetteer,approximate_city
71141,40.646951,-88.784141,us_census_gazetteer,approximate_city
71142,42.259300,-89.063478,us_census_gazetteer,approximate_city
71143,41.909630,-95.064442,us_census_gazetteer,approximate_city
71144,45.302445,-96.442223,us_census_gazetteer,approximate_city
71145,39.545277,-85.779499,us_census_gazetteer,approximate_city
71146,40.815943,-96.432585,us_census_gazetteer,approximate_city
71147,35.985524,-97.022545,us_census_batch,street_interpolated
71148,42.888763,-93.207143,us_census_gazetteer,approximate_city
71149,43.596710,-84.775972,us_census_gazetteer,approximate_city
71150,42.924284,-114.947516,us_census_gazetteer,approximate_city
71151,38.728108,-88.084219,us_census_gazetteer,approximate_city
71152,41.397969,-84.124984,us_census_gazetteer,approximate_city
71153,45.319253,-92.695792,us_census_gazetteer,approximate_city
71154,44.427691,-93.203788,us_census_gazetteer,approximate_city
71155,43.134854,-88.226041,us_census_gazetteer,approximate_city
71158,27.997157,-82.017860,osm_nominatim,poi_match
71160,42.794743,-85.517100,us_census_gazetteer,approximate_city
71161,35.600767,-78.127935,us_census_gazetteer,approximate_city
71162,41.244573,-82.608950,us_census_gazetteer,approximate_city
71163,42.093388,-76.809610,us_census_gazetteer,approximate_city
71164,41.866400,-77.312800,geonames_centroid,approximate_city
71165,33.817968,-81.099749,us_census_gazetteer,approximate_city
71166,38.468893,-107.858983,us_census_gazetteer,approximate_city
71167,41.422789,-88.262954,us_census_gazetteer,approximate_city
71168,40.964432,-117.724582,us_census_gazetteer,approximate_city
71169,40.880825,-85.505497,us_census_gazetteer,approximate_city
71170,46.922573,-98.004137,us_census_gazetteer,approximate_city
71171,31.104936,-97.388512,us_census_gazetteer,approximate_city
71172,30.158160,-96.395616,us_census_gazetteer,approximate_city
71173,32.105635,-81.256032,us_census_gazetteer,approximate_city
71176,34.290100,-83.829106,us_census_gazetteer,approximate_city
71177,34.513561,-89.939947,us_census_gazetteer,approximate_city
71179,34.279880,-81.600333,us_census_gazetteer,approximate_city
71181,34.945627,-81.925944,us_census_gazetteer,approximate_city
71185,40.521313,-75.777288,us_census_gazetteer,approximate_city
71186,34.521487,-82.643517,us_census_gazetteer,approximate_city
71187,42.698280,-87.914604,us_census_batch,street_interpolated
71188,32.808990,-83.694060,us_census_gazetteer,approximate_city
71189,33.992877,-81.221797,us_census_gazetteer,approximate_city
71190,41.512922,-109.470796,us_census_gazetteer,approximate_city
71191,40.776928,-111.930991,us_census_gazetteer,approximate_city
71193,36.737668,-95.948454,us_census_gazetteer,approximate_city
71194,35.537395,-98.684345,us_census_gazetteer,approximate_city
71195,35.637076,-98.316976,us_census_gazetteer,approximate_city
71196,35.744773,-98.739686,us_census_gazetteer,approximate_city
71197,36.134487,-99.772706,us_census_gazetteer,approximate_city
71198,43.968747,-92.059295,us_census_gazetteer,approximate_city
71199,34.138713,-87.970833,us_census_gazetteer,approximate_city
71200,41.262705,-96.053475,us_census_gazetteer,approximate_city
71201,41.765933,-72.681579,us_census_gazetteer,approximate_city
71202,33.493596,-80.866880,us_census_gazetteer,approximate_city
71206,38.831742,-119.190318,us_census_batch,street_interpolated
71207,41.568579,-87.804217,us_census_gazetteer,approximate_city
71208,37.531399,-77.476009,us_census_gazetteer,approximate_city
71209,28.339858,-82.278605,us_census_gazetteer,approximate_city
71210,32.781954,-97.348573,us_census_gazetteer,approximate_city
71211,34.880512,-92.130590,us_census_gazetteer,approximate_city
71212,36.191438,-94.155062,us_census_gazetteer,approximate_city
71213,36.318085,-94.152287,us_census_gazetteer,approximate_city
71214,39.965699,-104.794170,us_census_gazetteer,approximate_city
71215,40.489328,-104.907716,us_census_batch,street_interpolated
71216,41.896045,-93.592499,us_census_gazetteer,approximate_city
71217,41.696987,-93.451486,us_census_gazetteer,approximate_city
71218,37.383321,-93.152154,us_census_gazetteer,approximate_city
71219,37.819430,-92.219262,us_census_gazetteer,approximate_city
71221,39.125155,-94.550313,us_census_gazetteer,approximate_city
71223,32.830179,-88.477118,us_census_gazetteer,approximate_city
71227,29.277391,-98.657373,us_census_gazetteer,approximate_city
71228,40.745932,-98.845848,us_census_gazetteer,approximate_city
71229,42.116467,-88.044361,us_census_gazetteer,approximate_city
71230,42.195009,-88.087729,us_census_gazetteer,approximate_city
71232,43.848873,-104.184337,us_census_batch,street_interpolated
71233,28.040475,-99.354489,us_census_gazetteer,approximate_city
71234,29.944015,-89.966005,us_census_gazetteer,approximate_city
71239,40.136503,-95.233739,us_census_gazetteer,approximate_city
71240,35.404432,-85.954094,us_census_gazetteer,approximate_city
71241,35.872669,-84.504486,us_census_gazetteer,approximate_city
71242,35.775900,-114.500100,geonames_centroid,approximate_city
71244,41.228391,-111.968147,us_census_gazetteer,approximate_city
71245,42.872748,-112.463836,us_census_gazetteer,approximate_city
71246,35.198064,-101.833107,us_census_gazetteer,approximate_city
71247,31.784016,-89.039758,us_census_gazetteer,approximate_city
71248,28.161193,-81.610839,us_census_gazetteer,approximate_city
71249,33.596410,-85.868219,us_census_gazetteer,approximate_city
71250,35.185212,-111.620698,us_census_gazetteer,approximate_city
71251,39.989889,-76.021247,us_census_gazetteer,approximate_city
71252,34.473887,-81.860899,us_census_gazetteer,approximate_city
71253,29.145834,-98.904985,us_census_gazetteer,approximate_city
71255,38.994503,-93.030816,us_census_gazetteer,approximate_city
71256,37.147424,-92.768837,us_census_gazetteer,approximate_city
71257,46.272083,-96.612203,us_census_gazetteer,approximate_city
71259,30.480200,-88.239600,geonames_centroid,approximate_city
71260,41.093500,-81.042500,geonames_centroid,approximate_city
71261,42.507586,-82.936582,us_census_gazetteer,approximate_city
71262,39.955172,-82.686083,us_census_gazetteer,approximate_city
71263,37.630598,-104.781719,us_census_gazetteer,approximate_city
71264,35.104780,-106.646809,us_census_gazetteer,approximate_city
71265,38.222444,-80.537959,us_census_gazetteer,approximate_city
71266,36.195903,-82.966679,us_census_gazetteer,approximate_city
71267,42.275163,-85.588501,us_census_gazetteer,approximate_city
71268,40.602666,-112.001255,us_census_gazetteer,approximate_city
71269,42.718095,-114.515791,us_census_gazetteer,approximate_city
71270,32.454514,-99.738147,us_census_gazetteer,approximate_city
71271,34.517396,-112.249650,us_census_gazetteer,approximate_city
71275,31.716130,-99.130320,us_census_gazetteer,approximate_city
71276,27.997157,-82.017860,osm_nominatim,poi_match
71277,29.147911,-82.188037,osm_nominatim,poi_match
71278,42.923982,-88.845488,us_census_gazetteer,approximate_city
71281,34.862993,-114.146145,us_census_gazetteer,approximate_city
71282,30.111100,-97.318152,us_census_gazetteer,approximate_city
71283,32.295308,-81.040983,us_census_gazetteer,approximate_city
71284,34.778017,-89.445819,us_census_gazetteer,approximate_city
71285,47.619335,-122.351538,us_census_gazetteer,approximate_city
71286,26.619820,-81.831673,us_census_gazetteer,approximate_city
71287,29.963475,-90.307893,us_census_gazetteer,approximate_city
71288,39.857337,-82.891442,us_census_gazetteer,approximate_city
71289,26.619820,-81.831673,us_census_gazetteer,approximate_city
71290,31.578117,-84.176224,us_census_gazetteer,approximate_city
71291,38.627537,-88.959448,us_census_gazetteer,approximate_city
71295,38.992734,-80.228243,us_census_gazetteer,approximate_city
71298,32.082404,-96.466700,us_census_gazetteer,approximate_city
71299,31.557994,-97.189750,us_census_gazetteer,approximate_city
71300,42.243441,-84.404858,us_census_gazetteer,approximate_city
71301,40.263574,-89.230845,us_census_gazetteer,approximate_city
71302,41.964190,-91.679170,us_census_gazetteer,approximate_city
71303,44.038973,-88.736994,us_census_gazetteer,approximate_city
71305,29.145834,-98.904985,us_census_gazetteer,approximate_city
71307,37.046422,-88.395537,us_census_gazetteer,approximate_city
71308,36.199381,-86.344634,us_census_gazetteer,approximate_city
71309,39.725228,-82.605246,us_census_gazetteer,approximate_city
71310,28.998000,-82.016100,geonames_centroid,approximate_city
71311,32.629971,-85.438069,osm_nominatim,poi_match
71313,33.990560,-96.375482,us_census_batch,street_interpolated
71314,32.518986,-92.077180,us_census_gazetteer,approximate_city
71315,43.417492,-88.181685,us_census_gazetteer,approximate_city
71316,44.663291,-90.171736,us_census_gazetteer,approximate_city
71318,42.005778,-87.993034,us_census_gazetteer,approximate_city
71319,28.691319,-80.843999,us_census_gazetteer,approximate_city
71320,38.769314,-94.965141,us_census_gazetteer,approximate_city
71321,43.114798,-94.679579,us_census_gazetteer,approximate_city
71322,45.233350,-88.006947,us_census_gazetteer,approximate_city
71323,40.298065,-111.699445,us_census_gazetteer,approximate_city
71324,34.705617,-82.466746,us_census_gazetteer,approximate_city
71325,32.523674,-93.655426,us_census_gazetteer,approximate_city
71326,41.338840,-81.475068,osm_nominatim,poi_match
71327,41.305955,-105.608637,us_census_gazetteer,approximate_city
71328,42.187364,-71.195971,us_census_gazetteer,approximate_city
71329,33.303112,-87.026660,us_census_gazetteer,approximate_city
71330,43.067069,-76.472920,us_census_gazetteer,approximate_city
71331,45.135433,-90.343502,us_census_gazetteer,approximate_city
71332,32.114838,-103.189996,us_census_gazetteer,approximate_city
71333,32.390940,-98.977646,us_census_batch,street_interpolated
71334,31.847459,-103.086583,us_census_batch,street_interpolated
71335,34.191119,-101.723501,us_census_gazetteer,approximate_city
71336,32.713561,-100.911902,us_census_gazetteer,approximate_city
71337,32.214544,-98.219885,us_census_gazetteer,approximate_city
71338,42.979388,-90.649170,us_census_gazetteer,approximate_city
71339,41.730164,-93.601083,us_census_gazetteer,approximate_city
71340,44.312067,-94.468896,us_census_gazetteer,approximate_city
71341,36.063320,-87.368842,us_census_gazetteer,approximate_city
71342,44.723772,-94.486595,us_census_gazetteer,approximate_city
71343,32.027870,-98.405609,us_census_batch,street_interpolated
71344,33.190910,-101.381519,us_census_gazetteer,approximate_city
71345,31.712856,-98.977053,us_census_gazetteer,approximate_city
71346,32.344364,-99.742271,us_census_batch,street_interpolated
71347,32.405586,-99.503918,us_census_gazetteer,approximate_city
71348,32.729089,-103.160588,us_census_gazetteer,approximate_city
71349,31.754497,-103.154117,us_census_gazetteer,approximate_city
71350,32.321336,-102.551846,us_census_gazetteer,approximate_city
71351,31.900484,-98.604364,us_census_gazetteer,approximate_city
71352,32.852173,-104.424570,us_census_gazetteer,approximate_city
71353,34.429478,-103.629365,us_census_gazetteer,approximate_city
71354,31.900484,-98.604364,us_census_gazetteer,approximate_city
71355,32.214544,-98.219885,us_census_gazetteer,approximate_city
71356,31.446700,-103.579100,geonames_centroid,approximate_city
71357,31.853923,-103.092395,us_census_gazetteer,approximate_city
71358,32.400790,-104.241012,us_census_gazetteer,approximate_city
71359,32.344166,-99.742304,us_census_batch,street_interpolated
71360,31.441078,-100.450499,us_census_gazetteer,approximate_city
71361,31.374100,-100.307600,geonames_centroid,approximate_city
71362,32.210813,-98.198470,us_census_batch,street_interpolated
71363,32.214544,-98.219885,us_census_gazetteer,approximate_city
71364,40.289527,-84.166729,us_census_gazetteer,approximate_city
71365,43.614608,-88.495215,us_census_gazetteer,approximate_city
71366,42.587526,-87.879996,us_census_gazetteer,approximate_city
71367,31.655721,-103.083694,us_census_gazetteer,approximate_city
71368,41.556820,-90.603948,us_census_gazetteer,approximate_city
71369,43.613500,-116.203500,geonames_centroid,approximate_city
71370,35.513753,-108.743733,us_census_gazetteer,approximate_city
71371,38.742000,-93.226094,us_census_batch,street_interpolated
71372,46.916394,-95.057932,us_census_gazetteer,approximate_city
71376,26.720952,-81.452477,us_census_gazetteer,approximate_city
71377,39.965699,-104.794170,us_census_gazetteer,approximate_city
71378,33.666193,-112.064813,osm_nominatim,poi_match
71379,34.725393,-92.358556,us_census_gazetteer,approximate_city
71381,46.006588,-91.489684,us_census_gazetteer,approximate_city
71382,43.468105,-88.830900,us_census_gazetteer,approximate_city
71383,41.521494,-85.061398,us_census_gazetteer,approximate_city
71384,43.455626,-96.823997,us_census_gazetteer,approximate_city
71385,39.799578,-84.008482,us_census_gazetteer,approximate_city
71386,40.460824,-87.663572,us_census_gazetteer,approximate_city
71387,41.696337,-93.040512,us_census_gazetteer,approximate_city
71388,41.217120,-96.617844,us_census_gazetteer,approximate_city
71389,34.424406,-79.367561,us_census_gazetteer,approximate_city
71390,38.729283,-90.125472,us_census_gazetteer,approximate_city
71391,34.781752,-92.235057,us_census_gazetteer,approximate_city
71392,41.242747,-87.635847,us_census_gazetteer,approximate_city
71393,45.314330,-94.300807,us_census_gazetteer,approximate_city
71394,32.409379,-97.210786,us_census_gazetteer,approximate_city
71395,42.966011,-90.129717,us_census_gazetteer,approximate_city
71397,31.732058,-84.168546,us_census_gazetteer,approximate_city
71398,41.781886,-93.722758,us_census_gazetteer,approximate_city
71399,39.003936,-94.063391,us_census_gazetteer,approximate_city
71401,44.884358,-93.031052,osm_nominatim,poi_match
71402,33.670801,-112.452546,us_census_gazetteer,approximate_city
71404,33.572154,-112.090132,us_census_gazetteer,approximate_city
71405,33.572154,-112.090132,us_census_gazetteer,approximate_city
71406,33.572154,-112.090132,us_census_gazetteer,approximate_city
71407,33.572154,-112.090132,us_census_gazetteer,approximate_city
71408,33.572154,-112.090132,us_census_gazetteer,approximate_city
71410,33.400626,-111.716487,us_census_gazetteer,approximate_city
71411,33.282765,-111.851819,us_census_gazetteer,approximate_city
71412,33.282765,-111.851819,us_census_gazetteer,approximate_city
71413,33.382766,-111.540509,us_census_gazetteer,approximate_city
71416,32.153036,-110.870773,us_census_gazetteer,approximate_city
71417,32.153036,-110.870773,us_census_gazetteer,approximate_city
71418,32.153036,-110.870773,us_census_gazetteer,approximate_city
71421,31.847780,-106.431106,us_census_gazetteer,approximate_city
71428,42.864018,-89.539616,us_census_gazetteer,approximate_city
71429,33.666193,-112.064813,osm_nominatim,poi_match
71430,36.333030,-86.704229,us_census_gazetteer,approximate_city
71433,41.964190,-91.679170,us_census_gazetteer,approximate_city
71434,43.179654,-95.843353,us_census_gazetteer,approximate_city
71435,35.209045,-80.830990,us_census_gazetteer,approximate_city
71436,44.338545,-106.715344,us_census_gazetteer,approximate_city
71437,43.489616,-112.035340,us_census_gazetteer,approximate_city
71438,32.018043,-81.196492,us_census_gazetteer,approximate_city
71439,30.629636,-87.051407,us_census_gazetteer,approximate_city
71440,47.666935,-117.433322,us_census_gazetteer,approximate_city
71441,40.451701,-109.538007,us_census_gazetteer,approximate_city
71442,37.704002,-85.878881,us_census_gazetteer,approximate_city
71443,40.362702,-83.762989,us_census_gazetteer,approximate_city
71444,37.268882,-93.118041,us_census_gazetteer,approximate_city
71445,43.799976,-90.079554,us_census_gazetteer,approximate_city
71446,41.556820,-90.603948,us_census_gazetteer,approximate_city
71447,44.111314,-88.711977,us_census_gazetteer,approximate_city
71449,36.233499,-115.264037,us_census_gazetteer,approximate_city
71450,34.800870,-106.788691,us_census_gazetteer,approximate_city
71452,33.724820,-102.759210,us_census_gazetteer,approximate_city
71453,33.373442,-104.529393,us_census_gazetteer,approximate_city
71454,32.729089,-103.160588,us_census_gazetteer,approximate_city
71455,33.662400,-101.683697,us_census_gazetteer,approximate_city
71456,35.170291,-103.705046,us_census_gazetteer,approximate_city
71457,33.983561,-99.724374,us_census_gazetteer,approximate_city
71458,33.476582,-100.850215,us_census_gazetteer,approximate_city
71460,35.643066,-101.596432,us_census_gazetteer,approximate_city
71461,36.376494,-103.018876,us_census_gazetteer,approximate_city
71462,32.729089,-103.160588,us_census_gazetteer,approximate_city
71463,32.729089,-103.160588,us_census_gazetteer,approximate_city
71464,33.159775,-99.732032,us_census_gazetteer,approximate_city
71465,32.469389,-100.408651,us_census_gazetteer,approximate_city
71466,33.140921,-100.224867,us_census_gazetteer,approximate_city
71467,34.471372,-101.304049,us_census_gazetteer,approximate_city
71468,33.046193,-99.597021,us_census_gazetteer,approximate_city
71469,33.724820,-102.759210,us_census_gazetteer,approximate_city
71470,31.446700,-103.579100,geonames_centroid,approximate_city
71471,32.400790,-104.241012,us_census_gazetteer,approximate_city
71472,32.640775,-100.750485,us_census_gazetteer,approximate_city
71473,34.032294,-98.920245,us_census_gazetteer,approximate_city
71474,30.212944,-97.125841,us_census_gazetteer,approximate_city
71476,42.837439,-88.734282,us_census_gazetteer,approximate_city
71477,44.544662,-87.706567,us_census_gazetteer,approximate_city
71478,34.270861,-85.238467,us_census_batch,street_interpolated
71479,34.466199,-84.435863,us_census_gazetteer,approximate_city
71480,36.057423,-102.512212,us_census_gazetteer,approximate_city
71481,48.562060,-97.179496,us_census_gazetteer,approximate_city
71482,47.502518,-111.299970,us_census_gazetteer,approximate_city
71484,31.956090,-83.770077,us_census_gazetteer,approximate_city
71485,34.723916,-80.785701,us_census_gazetteer,approximate_city
71486,38.676621,-87.509956,us_census_gazetteer,approximate_city
71487,38.964264,-112.338679,us_census_gazetteer,approximate_city
71488,43.746962,-98.956559,us_census_gazetteer,approximate_city
71490,33.647400,-85.569339,us_census_gazetteer,approximate_city
71491,36.756800,-89.567477,us_census_gazetteer,approximate_city
71492,38.200084,-86.350105,us_census_gazetteer,approximate_city
71493,32.532986,-92.635327,us_census_gazetteer,approximate_city
71494,42.961163,-78.402610,us_census_gazetteer,approximate_city
71495,39.613653,-86.115712,us_census_batch,street_interpolated
71496,40.848267,-81.776894,us_census_gazetteer,approximate_city
71498,45.141269,-89.155225,us_census_gazetteer,approximate_city
71499,43.005999,-89.731575,us_census_gazetteer,approximate_city
71500,43.970767,-91.265783,us_census_gazetteer,approximate_city
71502,32.387425,-98.981920,us_census_gazetteer,approximate_city
71503,37.975876,-100.850884,us_census_gazetteer,approximate_city
71504,41.228391,-111.968147,us_census_gazetteer,approximate_city
71505,42.785184,-88.395573,us_census_gazetteer,approximate_city
71506,43.401476,-95.743031,us_census_gazetteer,approximate_city
71509,44.419776,-72.029782,us_census_batch,street_interpolated
71510,38.194966,-84.865877,us_census_gazetteer,approximate_city
71511,33.949597,-83.370088,us_census_gazetteer,approximate_city
71512,28.408650,-81.254805,us_census_gazetteer,approximate_city
71514,31.871360,-106.673424,us_census_gazetteer,approximate_city
71515,38.314205,-88.917470,us_census_gazetteer,approximate_city
71516,42.265686,-79.712302,us_census_gazetteer,approximate_city
71517,35.666161,-80.492629,us_census_gazetteer,approximate_city
71518,35.013599,-90.793207,us_census_gazetteer,approximate_city
71519,32.348503,-86.267307,us_census_gazetteer,approximate_city
71520,44.868943,-92.607293,us_census_batch,street_interpolated
71521,42.837439,-88.734282,us_census_gazetteer,approximate_city
71522,30.689858,-92.274165,us_census_gazetteer,approximate_city
71523,33.193047,-87.454861,us_census_gazetteer,approximate_city
71524,40.874146,-81.397134,us_census_gazetteer,approximate_city
71525,35.961624,-83.197624,us_census_gazetteer,approximate_city
71526,42.904586,-76.859023,us_census_gazetteer,approximate_city
71527,41.541084,-75.949058,us_census_gazetteer,approximate_city
71528,44.796219,-106.964166,us_census_gazetteer,approximate_city
71529,44.818343,-91.494769,us_census_gazetteer,approximate_city
71531,38.717662,-95.077862,us_census_gazetteer,approximate_city
71534,38.955475,-119.110115,us_census_gazetteer,approximate_city
71535,40.628371,-116.948553,us_census_gazetteer,approximate_city
71536,35.104780,-106.646809,us_census_gazetteer,approximate_city
71542,40.525685,-104.712987,us_census_gazetteer,approximate_city
71543,32.786351,-115.560206,us_census_gazetteer,approximate_city
71555,43.041618,-91.135408,us_census_gazetteer,approximate_city
71556,44.957957,-90.802185,us_census_gazetteer,approximate_city
71557,35.743797,-95.356405,us_census_gazetteer,approximate_city
71558,34.639434,-102.723118,us_census_gazetteer,approximate_city
71559,32.211560,-99.798256,us_census_gazetteer,approximate_city
71560,32.673119,-107.161993,us_census_gazetteer,approximate_city
71561,31.885139,-97.074106,us_census_gazetteer,approximate_city
71562,42.946229,-74.369778,us_census_gazetteer,approximate_city
71563,43.301618,-91.784750,us_census_gazetteer,approximate_city
71564,47.368751,-102.746201,us_census_gazetteer,approximate_city
71565,31.847780,-106.431106,us_census_gazetteer,approximate_city
71566,44.171122,-93.976380,us_census_gazetteer,approximate_city
71567,41.932200,-72.745900,geonames_centroid,approximate_city
71568,38.808675,-94.922510,us_census_gazetteer,approximate_city
71570,36.094790,-89.862102,us_census_gazetteer,approximate_city
71571,28.516578,-82.404665,us_census_gazetteer,approximate_city
71572,37.123551,-77.224856,us_census_gazetteer,approximate_city
71573,27.970086,-82.479673,us_census_gazetteer,approximate_city
71574,32.535471,-82.928807,us_census_gazetteer,approximate_city
71575,32.857748,-96.970022,us_census_gazetteer,approximate_city
71576,32.857748,-96.970022,us_census_gazetteer,approximate_city
71577,36.446033,-103.148863,us_census_gazetteer,approximate_city
71578,33.214355,-86.823080,us_census_gazetteer,approximate_city
71579,43.750110,-87.745338,osm_nominatim,poi_match
71580,41.718352,-112.187837,us_census_gazetteer,approximate_city
71582,34.770117,-80.385705,us_census_gazetteer,approximate_city
71583,27.920697,-81.599505,us_census_gazetteer,approximate_city
71586,42.208266,-73.791300,us_census_batch,street_interpolated
71590,36.365411,-104.600218,us_census_gazetteer,approximate_city
71592,36.874408,-95.094399,us_census_gazetteer,approximate_city
71594,41.654344,-85.705660,us_census_batch,street_interpolated
71595,39.710208,-91.394044,us_census_gazetteer,approximate_city
71596,33.370600,-105.226400,geonames_centroid,approximate_city
71597,34.066414,-102.524194,us_census_gazetteer,approximate_city
71598,32.895547,-97.539230,us_census_gazetteer,approximate_city
71600,31.732090,-96.202620,us_census_batch,street_interpolated
71601,35.689477,-78.614599,us_census_gazetteer,approximate_city
71603,32.834179,-109.705294,us_census_batch,street_interpolated
71604,40.776928,-111.930991,us_census_gazetteer,approximate_city
71605,32.883619,-105.963607,us_census_gazetteer,approximate_city
71606,33.509016,-102.005082,us_census_gazetteer,approximate_city
71607,47.127850,-119.276384,us_census_gazetteer,approximate_city
71608,45.526658,-94.171007,us_census_gazetteer,approximate_city
71609,35.441655,-95.986416,us_census_gazetteer,approximate_city
71610,32.533480,-83.083619,us_census_gazetteer,approximate_city
71612,30.635418,-81.569584,us_census_gazetteer,approximate_city
71614,35.122089,-81.518119,us_census_gazetteer,approximate_city
71615,35.065296,-98.244469,us_census_gazetteer,approximate_city
71616,32.823483,-98.078798,us_census_gazetteer,approximate_city
71617,29.461489,-82.850846,us_census_batch,street_interpolated
71618,39.744499,-94.232324,us_census_gazetteer,approximate_city
71619,36.094850,-79.823624,us_census_gazetteer,approximate_city
71621,34.191119,-101.723501,us_census_gazetteer,approximate_city
71622,30.538686,-88.187573,us_census_gazetteer,approximate_city
71623,31.698670,-87.772868,us_census_gazetteer,approximate_city
71624,40.740253,-114.078633,us_census_gazetteer,approximate_city
71625,37.472986,-105.857356,us_census_batch,street_interpolated
71627,33.039361,-83.934443,us_census_gazetteer,approximate_city
71628,33.122319,-86.745644,us_census_gazetteer,approximate_city
71629,45.560772,-93.227702,us_census_gazetteer,approximate_city
71630,36.383939,-80.474220,us_census_gazetteer,approximate_city
71631,34.572995,-86.989901,us_census_gazetteer,approximate_city
71632,32.294690,-81.235348,us_census_gazetteer,approximate_city
71634,34.270604,-88.732455,us_census_gazetteer,approximate_city
71635,35.853915,-86.421224,us_census_gazetteer,approximate_city
71636,35.853915,-86.421224,us_census_gazetteer,approximate_city
71637,33.587382,-102.163501,us_census_gazetteer,approximate_city
71638,29.563327,-98.250866,us_census_gazetteer,approximate_city
71639,39.671769,-80.874105,us_census_gazetteer,approximate_city
71640,33.937948,-83.709982,us_census_gazetteer,approximate_city
71641,33.572154,-112.090132,us_census_gazetteer,approximate_city
71642,36.917314,-111.457929,us_census_batch,street_interpolated
71643,32.409379,-97.210786,us_census_gazetteer,approximate_city
71644,32.399486,-100.858304,us_census_gazetteer,approximate_city
71646,28.792398,-81.231279,us_census_gazetteer,approximate_city
71647,37.945940,-91.761202,us_census_gazetteer,approximate_city
71648,36.566430,-87.345216,us_census_gazetteer,approximate_city
71649,32.755364,-98.903602,us_census_batch,street_interpolated
71650,31.895705,-100.485006,us_census_gazetteer,approximate_city
71651,30.080402,-97.855700,us_census_gazetteer,approximate_city
71652,41.080456,-81.521429,us_census_gazetteer,approximate_city
71653,37.264534,-107.874124,us_census_gazetteer,approximate_city
71654,42.099934,-88.994399,us_census_gazetteer,approximate_city
71655,38.183400,-86.605800,geonames_centroid,approximate_city
71656,45.199475,-96.022226,us_census_gazetteer,approximate_city
71657,37.126482,-92.103217,us_census_gazetteer,approximate_city
71659,41.896600,-72.262200,geonames_centroid,approximate_city
71661,35.453918,-93.481558,us_census_gazetteer,approximate_city
71662,41.445874,-97.733273,us_census_gazetteer,approximate_city
71663,34.990291,-101.918951,us_census_gazetteer,approximate_city
71664,39.457769,-77.978212,us_census_gazetteer,approximate_city
71666,44.759057,-93.364213,us_census_gazetteer,approximate_city
71667,28.516578,-82.404665,us_census_gazetteer,approximate_city
71668,35.815160,-80.876201,osm_nominatim,poi_match
71672,32.246824,-97.748052,us_census_gazetteer,approximate_city
71673,34.521487,-82.643517,us_census_gazetteer,approximate_city
71674,45.560772,-93.227702,us_census_gazetteer,approximate_city
71676,40.418272,-86.825433,osm_nominatim,poi_match
71679,35.091370,-101.848227,us_census_batch,street_interpolated
71680,33.950528,-90.765091,us_census_gazetteer,approximate_city
71681,41.718019,-94.928372,us_census_gazetteer,approximate_city
71682,41.670270,-87.737085,us_census_gazetteer,approximate_city
71683,41.516866,-88.147963,us_census_gazetteer,approximate_city
71685,31.188315,-94.782885,us_census_gazetteer,approximate_city
71686,32.469731,-100.011096,us_census_gazetteer,approximate_city
71687,32.399486,-100.858304,us_census_gazetteer,approximate_city
71688,42.523506,-89.017660,us_census_gazetteer,approximate_city
71689,43.199800,-88.240600,geonames_centroid,approximate_city
71691,35.107367,-101.362882,us_census_gazetteer,approximate_city
71692,34.127758,-83.568254,us_census_batch,street_interpolated
71694,43.065467,-85.933752,us_census_gazetteer,approximate_city
71695,43.808815,-91.256755,us_census_batch,street_interpolated
71696,32.466879,-93.792193,us_census_gazetteer,approximate_city
71697,41.161676,-79.082652,us_census_gazetteer,approximate_city
71698,41.655661,-91.530859,us_census_gazetteer,approximate_city
71699,42.587526,-87.879996,us_census_gazetteer,approximate_city
71700,30.109053,-83.582275,us_census_gazetteer,approximate_city
71701,44.430990,-88.079936,us_census_gazetteer,approximate_city
71702,36.578174,-79.858290,us_census_gazetteer,approximate_city
71704,32.909826,-96.630334,us_census_gazetteer,approximate_city
71705,27.754252,-97.173385,us_census_gazetteer,approximate_city
71706,33.990130,-81.099354,us_census_gazetteer,approximate_city
71707,40.042061,-76.300990,us_census_gazetteer,approximate_city
71708,37.531399,-77.476009,us_census_gazetteer,approximate_city
71709,35.065958,-85.248386,us_census_gazetteer,approximate_city
71710,41.837907,-94.093255,us_census_gazetteer,approximate_city
71712,38.993460,-110.173424,us_census_gazetteer,approximate_city
71713,35.819755,-90.679033,us_census_gazetteer,approximate_city
71714,25.775163,-80.208615,us_census_gazetteer,approximate_city
71715,31.441078,-100.450499,us_census_gazetteer,approximate_city
71716,32.400790,-104.241012,us_census_gazetteer,approximate_city
71717,42.599001,-88.714273,us_census_gazetteer,approximate_city
71718,42.026327,-93.621264,us_census_gazetteer,approximate_city
71719,45.250831,-92.966920,us_census_gazetteer,approximate_city
71721,38.658226,-87.160361,us_census_gazetteer,approximate_city
71722,40.155173,-104.563420,us_census_gazetteer,approximate_city
71723,35.547852,-100.965032,us_census_gazetteer,approximate_city
71724,32.823483,-98.078798,us_census_gazetteer,approximate_city
71725,31.225360,-101.939438,us_census_gazetteer,approximate_city
71726,44.329282,-93.967656,us_census_gazetteer,approximate_city
71735,46.266113,-119.121426,us_census_gazetteer,approximate_city
71736,34.061991,-84.681121,us_census_gazetteer,approximate_city
71737,30.336864,-81.661603,us_census_gazetteer,approximate_city
71738,42.727923,-90.468103,us_census_gazetteer,approximate_city
71739,32.364530,-81.880493,us_census_gazetteer,approximate_city
71740,33.531594,-81.725073,us_census_gazetteer,approximate_city
71741,33.435349,-82.316065,us_census_gazetteer,approximate_city
71769,35.944126,-78.108966,us_census_gazetteer,approximate_city
71770,41.135302,-75.904430,us_census_gazetteer,approximate_city
71771,37.606697,-93.416709,us_census_gazetteer,approximate_city
71772,45.411370,-92.624694,us_census_gazetteer,approximate_city
71773,41.990174,-92.580342,us_census_gazetteer,approximate_city
71774,39.290722,-90.407006,us_census_batch,street_interpolated
71775,37.046108,-100.927706,us_census_gazetteer,approximate_city
71776,32.660739,-85.378890,us_census_gazetteer,approximate_city
71779,33.572154,-112.090132,us_census_gazetteer,approximate_city
71784,28.107012,-81.937825,us_census_batch,street_interpolated
71785,40.950470,-75.972509,us_census_gazetteer,approximate_city
71786,40.112020,-79.380772,us_census_gazetteer,approximate_city
71787,40.062208,-95.599013,us_census_gazetteer,approximate_city
71792,43.873552,-95.119136,us_census_gazetteer,approximate_city
71793,39.004733,-77.405368,us_census_gazetteer,approximate_city
71794,46.452209,-90.150432,us_census_gazetteer,approximate_city
71795,33.026980,-85.038261,us_census_gazetteer,approximate_city
71797,41.650639,-93.480018,us_census_gazetteer,approximate_city
71798,46.271858,-122.903925,us_census_gazetteer,approximate_city
71800,37.915584,-91.900374,us_census_gazetteer,approximate_city
71801,42.781514,-96.173311,us_census_gazetteer,approximate_city
71802,30.892574,-102.884210,us_census_gazetteer,approximate_city
71803,32.024642,-102.113467,us_census_gazetteer,approximate_city
71804,41.721025,-88.358110,us_census_gazetteer,approximate_city
71805,36.022237,-86.559384,us_census_gazetteer,approximate_city
71806,27.241608,-80.829311,us_census_gazetteer,approximate_city
71807,44.521542,-87.986568,us_census_gazetteer,approximate_city
71808,35.065958,-85.248386,us_census_gazetteer,approximate_city
71811,40.042061,-76.300990,us_census_gazetteer,approximate_city
71812,43.623001,-87.776485,us_census_batch,street_interpolated
71813,42.671581,-91.912787,us_census_gazetteer,approximate_city
71814,29.215184,-99.777215,us_census_gazetteer,approximate_city
71815,41.228391,-111.968147,us_census_gazetteer,approximate_city
71816,39.704697,-111.833350,us_census_gazetteer,approximate_city
71817,44.799963,-91.439585,us_census_gazetteer,approximate_city
71818,39.846145,-89.536367,us_census_gazetteer,approximate_city
71822,32.304600,-101.876200,geonames_centroid,approximate_city
71823,42.469788,-93.996792,us_census_gazetteer,approximate_city
71824,29.497325,-98.399524,osm_nominatim,poi_match
71826,46.477579,-90.049836,us_census_gazetteer,approximate_city
71827,45.076721,-94.187548,us_census_gazetteer,approximate_city
71828,44.822676,-87.369806,us_census_gazetteer,approximate_city
71829,46.774458,-92.134135,us_census_gazetteer,approximate_city
71830,34.889781,-91.189819,us_census_gazetteer,approximate_city
71831,36.280149,-97.308190,us_census_gazetteer,approximate_city
71832,41.020726,-81.867136,us_census_gazetteer,approximate_city
71833,31.532321,-87.891183,us_census_gazetteer,approximate_city
71835,31.915011,-87.737204,us_census_gazetteer,approximate_city
71836,35.596431,-77.375256,us_census_gazetteer,approximate_city
71837,39.434089,-77.414539,us_census_gazetteer,approximate_city
71838,39.860800,-76.467300,geonames_centroid,approximate_city
71839,40.521313,-75.777288,us_census_gazetteer,approximate_city
71840,41.725351,-71.094162,us_census_gazetteer,approximate_city
71841,39.122539,-94.741781,us_census_gazetteer,approximate_city
71844,41.303585,-82.979425,us_census_gazetteer,approximate_city
71845,32.749910,-98.011469,us_census_gazetteer,approximate_city
71848,32.394510,-82.062432,us_census_gazetteer,approximate_city
71849,35.198064,-101.833107,us_census_gazetteer,approximate_city
71850,43.568247,-87.822969,us_census_gazetteer,approximate_city
71851,31.885139,-97.074106,us_census_gazetteer,approximate_city
71852,45.825917,-91.886125,us_census_gazetteer,approximate_city
71853,32.405586,-99.503918,us_census_gazetteer,approximate_city
71854,33.766936,-96.580667,us_census_gazetteer,approximate_city
71855,43.105566,-76.209664,us_census_gazetteer,approximate_city
71856,36.931584,-84.100790,us_census_gazetteer,approximate_city
71857,33.564682,-81.809231,us_census_gazetteer,approximate_city
71858,32.512340,-92.151070,us_census_gazetteer,approximate_city
71859,31.926600,-97.649091,us_census_gazetteer,approximate_city
71860,30.371353,-89.750359,us_census_gazetteer,approximate_city
71862,41.772258,-81.052983,us_census_gazetteer,approximate_city
71864,38.002356,-91.613372,us_census_gazetteer,approximate_city
71865,32.918056,-96.438050,us_census_gazetteer,approximate_city
71866,38.224728,-85.740614,us_census_gazetteer,approximate_city
71867,45.464678,-98.468104,us_census_gazetteer,approximate_city
71868,28.825092,-82.499791,us_census_gazetteer,approximate_city
71869,32.192015,-81.205725,us_census_gazetteer,approximate_city
71870,33.188670,-86.274799,us_census_gazetteer,approximate_city
71871,44.622405,-91.960308,us_census_gazetteer,approximate_city
71872,41.537777,-94.009953,us_census_gazetteer,approximate_city
71873,45.164225,-92.960105,us_census_gazetteer,approximate_city
71874,40.015115,-78.503017,us_census_gazetteer,approximate_city
71875,32.152046,-94.337111,us_census_gazetteer,approximate_city
71876,35.737244,-84.362102,us_census_gazetteer,approximate_city
71877,41.387143,-88.418261,us_census_batch,street_interpolated
71878,39.725228,-82.605246,us_census_gazetteer,approximate_city
71879,41.510022,-87.970002,us_census_gazetteer,approximate_city
71883,30.541624,-97.544249,us_census_gazetteer,approximate_city
71886,31.136149,-81.466936,us_census_gazetteer,approximate_city
71887,40.961687,-96.443043,us_census_gazetteer,approximate_city
71888,43.160393,-111.014752,us_census_gazetteer,approximate_city
71889,34.243841,-111.318964,us_census_gazetteer,approximate_city
71890,35.185212,-111.620698,us_census_gazetteer,approximate_city
71892,27.489798,-82.576804,us_census_gazetteer,approximate_city
71893,25.775163,-80.208615,us_census_gazetteer,approximate_city
71894,31.612364,-94.652046,us_census_gazetteer,approximate_city
71897,31.040672,-104.834154,us_census_gazetteer,approximate_city
71898,40.520140,-88.992234,us_census_gazetteer,approximate_city
71899,41.419058,-91.067946,us_census_gazetteer,approximate_city
71902,27.560379,-99.489181,us_census_gazetteer,approximate_city
71903,32.969300,-97.680424,us_census_gazetteer,approximate_city
71904,41.772258,-81.052983,us_census_gazetteer,approximate_city
71906,41.199271,-87.195453,us_census_gazetteer,approximate_city
71909,33.442222,-84.150963,us_census_gazetteer,approximate_city
71910,44.299709,-93.278946,us_census_gazetteer,approximate_city
71911,39.221661,-111.022676,us_census_gazetteer,approximate_city
71912,33.029144,-96.527041,us_census_gazetteer,approximate_city
71913,39.414711,-86.431699,us_census_gazetteer,approximate_city
71914,36.839284,-87.473544,us_census_gazetteer,approximate_city
71916,33.199763,-79.986603,us_census_gazetteer,approximate_city
71919,33.382098,-97.165412,us_census_gazetteer,approximate_city
71922,39.015681,-96.287096,us_census_gazetteer,approximate_city
71923,39.723314,-82.986467,us_census_batch,street_interpolated
71924,41.250993,-79.462626,us_census_gazetteer,approximate_city
71925,35.065958,-85.248386,us_census_gazetteer,approximate_city
71926,38.881359,-94.522744,us_census_gazetteer,approximate_city
71927,34.657061,-99.309046,us_census_gazetteer,approximate_city
71929,30.084912,-94.145330,us_census_gazetteer,approximate_city
71931,30.850126,-83.278833,us_census_gazetteer,approximate_city
71932,40.748067,-86.354722,us_census_gazetteer,approximate_city
71933,36.883729,-89.587199,us_census_gazetteer,approximate_city
71934,39.652124,-83.565736,us_census_batch,street_interpolated
71935,42.665745,-73.798353,us_census_gazetteer,approximate_city
71936,33.906654,-98.525848,us_census_gazetteer,approximate_city
71937,44.841530,-93.790092,us_census_gazetteer,approximate_city
71941,32.660739,-85.378890,us_census_gazetteer,approximate_city
71942,43.105566,-76.209664,us_census_gazetteer,approximate_city
71943,32.024642,-102.113467,us_census_gazetteer,approximate_city
71944,33.436339,-93.987118,us_census_gazetteer,approximate_city
71945,34.971935,-90.906496,us_census_batch,street_interpolated
71946,31.216246,-99.843965,us_census_gazetteer,approximate_city
71947,41.020726,-81.867136,us_census_gazetteer,approximate_city
71948,44.464282,-96.251729,us_census_gazetteer,approximate_city
71949,40.885138,-82.658308,us_census_gazetteer,approximate_city
71950,40.275264,-81.596034,us_census_gazetteer,approximate_city
71951,38.360875,-78.941035,us_census_gazetteer,approximate_city
71953,34.688137,-90.380937,us_census_gazetteer,approximate_city
71957,37.945577,-90.724632,us_census_gazetteer,approximate_city
71958,40.530048,-81.481028,us_census_gazetteer,approximate_city
71960,40.816014,-81.934708,osm_nominatim,poi_match
71961,40.694805,-81.702164,us_census_gazetteer,approximate_city
71962,40.738216,-82.781327,us_census_gazetteer,approximate_city
71965,34.321575,-92.443067,us_census_gazetteer,approximate_city
71966,36.221771,-82.329224,us_census_gazetteer,approximate_city
71967,31.578117,-84.176224,us_census_gazetteer,approximate_city
71968,30.719464,-85.020165,us_census_batch,street_interpolated
71969,44.988281,-73.432429,us_census_gazetteer,approximate_city
71970,34.955752,-89.841153,us_census_gazetteer,approximate_city
71971,40.567749,-74.537250,us_census_gazetteer,approximate_city
71972,39.597345,-77.817972,us_census_gazetteer,approximate_city
71973,35.689477,-78.614599,us_census_gazetteer,approximate_city
71975,37.140663,-80.404512,us_census_gazetteer,approximate_city
71976,30.336864,-81.661603,us_census_gazetteer,approximate_city
71977,41.768621,-88.448896,us_census_gazetteer,approximate_city
71978,41.017975,-95.799453,us_census_gazetteer,approximate_city
71979,31.880461,-102.345314,us_census_gazetteer,approximate_city
71980,31.441078,-100.450499,us_census_gazetteer,approximate_city
71981,35.596431,-77.375256,us_census_gazetteer,approximate_city
71982,40.700900,-112.080900,geonames_centroid,approximate_city
71983,41.133633,-102.969540,us_census_gazetteer,approximate_city
71984,42.671601,-88.536256,us_census_gazetteer,approximate_city
71985,42.477592,-95.783158,us_census_gazetteer,approximate_city
71988,28.554771,-81.622882,us_census_batch,street_interpolated
71990,32.713561,-100.911902,us_census_gazetteer,approximate_city
71991,39.839579,-95.728101,us_census_gazetteer,approximate_city
71992,38.725150,-75.602811,us_census_gazetteer,approximate_city
71994,28.055496,-81.954772,us_census_gazetteer,approximate_city
71995,35.009500,-105.669200,geonames_centroid,approximate_city
71996,44.278597,-87.802126,us_census_gazetteer,approximate_city
71997,26.424012,-81.421556,us_census_gazetteer,approximate_city
71999,34.932426,-82.143688,us_census_gazetteer,approximate_city
72000,27.123799,-82.435785,us_census_gazetteer,approximate_city
72001,36.333030,-86.704229,us_census_gazetteer,approximate_city
72003,34.209247,-80.995293,us_census_gazetteer,approximate_city
72004,38.657254,-75.613378,us_census_gazetteer,approximate_city
72006,44.745000,-69.549800,geonames_centroid,approximate_city
72008,33.636960,-92.063188,us_census_batch,street_interpolated
72009,32.437379,-96.226017,us_census_gazetteer,approximate_city
72011,31.064037,-98.182783,us_census_gazetteer,approximate_city
72012,31.557994,-97.189750,us_census_gazetteer,approximate_city
72013,33.150196,-94.153230,us_census_gazetteer,approximate_city
72014,32.520234,-94.761114,us_census_gazetteer,approximate_city
72015,33.668929,-95.546616,us_census_gazetteer,approximate_city
72016,31.557994,-97.189750,us_census_gazetteer,approximate_city
72017,33.668929,-95.546616,us_census_gazetteer,approximate_city
72018,31.742153,-98.936602,us_census_gazetteer,approximate_city
72019,33.190910,-101.381519,us_census_gazetteer,approximate_city
72020,32.127068,-99.165775,us_census_gazetteer,approximate_city
72021,31.206257,-97.033576,us_census_gazetteer,approximate_city
72022,31.438667,-97.746027,us_census_gazetteer,approximate_city
72024,48.313784,-102.397321,us_census_gazetteer,approximate_city
72025,48.112578,-98.874762,us_census_gazetteer,approximate_city
72026,47.069011,-102.335157,us_census_batch,street_interpolated
72028,47.631492,-99.629161,us_census_batch,street_interpolated
72029,48.394617,-102.943490,us_census_gazetteer,approximate_city
72030,44.272580,-105.498936,us_census_gazetteer,approximate_city
72031,46.977008,-96.881035,us_census_gazetteer,approximate_city
72033,34.195397,-82.153665,us_census_gazetteer,approximate_city
72034,40.776928,-111.930991,us_census_gazetteer,approximate_city
72038,31.244474,-90.471593,us_census_gazetteer,approximate_city
72039,30.390218,-84.798172,us_census_batch,street_interpolated
72041,30.442850,-85.045401,us_census_gazetteer,approximate_city
72044,35.246640,-112.183296,us_census_gazetteer,approximate_city
72045,39.689628,-110.859599,us_census_gazetteer,approximate_city
72046,44.016796,-116.920703,us_census_gazetteer,approximate_city
72054,34.444829,-88.666279,us_census_gazetteer,approximate_city
72060,32.830179,-88.477118,us_census_gazetteer,approximate_city
72063,38.816495,-76.753670,us_census_gazetteer,approximate_city
72066,29.590227,-97.968607,us_census_gazetteer,approximate_city
72067,29.355720,-98.871440,us_census_batch,street_interpolated
72071,32.929303,-80.072989,us_census_batch,street_interpolated
72072,32.332270,-81.390385,us_census_gazetteer,approximate_city
72073,36.056356,-79.389436,us_census_gazetteer,approximate_city
72074,31.498334,-97.230789,us_census_gazetteer,approximate_city
72075,41.765933,-72.681579,us_census_gazetteer,approximate_city
72077,34.699750,-89.979988,us_census_batch,street_interpolated
72078,26.318285,-98.153449,us_census_gazetteer,approximate_city
72080,32.722204,-102.649814,us_census_gazetteer,approximate_city
72081,27.870608,-97.207906,us_census_gazetteer,approximate_city
72082,40.743479,-85.172111,us_census_gazetteer,approximate_city
72083,31.346459,-89.315963,us_census_batch,street_interpolated
72084,41.775725,-76.792046,us_census_batch,street_interpolated
72086,31.112417,-86.046735,us_census_gazetteer,approximate_city
72087,40.711417,-74.064760,us_census_gazetteer,approximate_city
72089,37.103437,-85.307537,us_census_gazetteer,approximate_city
72090,35.541833,-97.961268,us_census_gazetteer,approximate_city
72091,35.923406,-76.240480,us_census_gazetteer,approximate_city
72092,35.791136,-77.637775,us_census_gazetteer,approximate_city
72096,32.546925,-82.866967,us_census_gazetteer,approximate_city
72097,34.032294,-98.920245,us_census_gazetteer,approximate_city
72100,34.869188,-89.689993,us_census_gazetteer,approximate_city
72101,42.426400,-83.301700,geonames_centroid,approximate_city
72104,35.710909,-96.884319,us_census_batch,street_interpolated
72105,34.926128,-95.773619,us_census_gazetteer,approximate_city
72106,34.642789,-97.162467,us_census_gazetteer,approximate_city
72108,48.443445,-101.716317,us_census_gazetteer,approximate_city
72110,33.561901,-101.888883,us_census_gazetteer,approximate_city
72111,35.198064,-101.833107,us_census_gazetteer,approximate_city
72112,33.406101,-110.841873,us_census_gazetteer,approximate_city
72113,41.510022,-87.970002,us_census_gazetteer,approximate_city
72114,35.785493,-80.872962,us_census_gazetteer,approximate_city
72115,34.347992,-89.025632,us_census_gazetteer,approximate_city
72116,41.372778,-82.108009,us_census_gazetteer,approximate_city
72118,41.605179,-87.952373,us_census_gazetteer,approximate_city
72119,41.843333,-87.790926,us_census_gazetteer,approximate_city
72120,32.437726,-81.775637,us_census_gazetteer,approximate_city
72122,42.732285,-88.677540,us_census_gazetteer,approximate_city
72124,40.653706,-80.350546,us_census_batch,street_interpolated
72125,39.351870,-85.963755,us_census_gazetteer,approximate_city
72126,40.181891,-85.508155,us_census_gazetteer,approximate_city
72128,39.971672,-86.371739,us_census_gazetteer,approximate_city
72130,42.109981,-88.371882,us_census_gazetteer,approximate_city
72132,38.002364,-84.190586,us_census_gazetteer,approximate_city
72134,41.372206,-81.055012,us_census_gazetteer,approximate_city
72136,33.165434,-95.111225,us_census_gazetteer,approximate_city
72139,35.109164,-89.968511,us_census_gazetteer,approximate_city
72142,41.691543,-85.962248,us_census_gazetteer,approximate_city
72143,39.751215,-99.320973,us_census_gazetteer,approximate_city
72144,36.976832,-86.433661,us_census_gazetteer,approximate_city
72145,33.090996,-84.339467,us_census_gazetteer,approximate_city
72146,40.412972,-76.480726,us_census_gazetteer,approximate_city
72148,32.518218,-99.945511,us_census_batch,street_interpolated
72149,37.291010,-77.298944,us_census_gazetteer,approximate_city
72150,30.139878,-94.403437,us_census_batch,street_interpolated
72153,32.380094,-82.592880,us_census_batch,street_interpolated
72154,32.212079,-82.402187,us_census_gazetteer,approximate_city
72155,36.881797,-97.055292,us_census_gazetteer,approximate_city
72156,36.084865,-91.071044,us_census_gazetteer,approximate_city
72157,36.263366,-90.971224,us_census_gazetteer,approximate_city
72160,35.747810,-83.980234,us_census_gazetteer,approximate_city
72162,31.553199,-88.534283,us_census_gazetteer,approximate_city
72163,40.508074,-74.652880,us_census_gazetteer,approximate_city
72170,26.155307,-97.825027,us_census_gazetteer,approximate_city
72171,30.048440,-82.072478,us_census_gazetteer,approximate_city
72175,31.952447,-97.319770,us_census_gazetteer,approximate_city
72180,35.403420,-94.597523,us_census_gazetteer,approximate_city
72181,35.947801,-91.546977,us_census_gazetteer,approximate_city
72182,29.681747,-97.646696,us_census_gazetteer,approximate_city
72184,32.155615,-90.122454,us_census_gazetteer,approximate_city
72185,32.348503,-86.267307,us_census_gazetteer,approximate_city
72188,30.072962,-90.555022,us_census_gazetteer,approximate_city
72189,39.502952,-84.364893,us_census_gazetteer,approximate_city
72190,34.213736,-78.043181,us_census_gazetteer,approximate_city
72191,41.691543,-85.962248,us_census_gazetteer,approximate_city
72192,41.187393,-73.195757,us_census_gazetteer,approximate_city
72193,34.877628,-96.412889,us_census_gazetteer,approximate_city
72194,41.642695,-87.635640,us_census_gazetteer,approximate_city
72195,40.925868,-75.094062,us_census_gazetteer,approximate_city
72196,41.037167,-80.542180,us_census_gazetteer,approximate_city
72197,38.795702,-90.515364,us_census_gazetteer,approximate_city
72199,38.794706,-90.396002,us_census_gazetteer,approximate_city
72200,33.781445,-89.811547,us_census_gazetteer,approximate_city
72201,31.025014,-96.487494,us_census_gazetteer,approximate_city
72202,39.574341,-119.715154,us_census_gazetteer,approximate_city
72205,30.906213,-84.572652,us_census_gazetteer,approximate_city
72206,41.902995,-87.863648,us_census_gazetteer,approximate_city
72207,41.670270,-87.737085,us_census_gazetteer,approximate_city
72210,35.466721,-78.161601,us_census_gazetteer,approximate_city
72212,33.199763,-79.986603,us_census_gazetteer,approximate_city
72215,43.055536,-76.558076,us_census_batch,street_interpolated
72216,44.020402,-107.961653,us_census_gazetteer,approximate_city
72217,37.399016,-79.195458,us_census_gazetteer,approximate_city
72219,33.603100,-85.960800,geonames_centroid,approximate_city
72222,48.569237,-93.385923,us_census_batch,street_interpolated
72224,40.724220,-74.172574,us_census_gazetteer,approximate_city
72225,39.067419,-78.962411,us_census_gazetteer,approximate_city
72226,34.351262,-89.536981,us_census_gazetteer,approximate_city
72227,34.834689,-89.563407,us_census_gazetteer,approximate_city
72228,33.940848,-80.395543,us_census_gazetteer,approximate_city
72229,33.940848,-80.395543,us_census_gazetteer,approximate_city
72230,35.725577,-78.879919,us_census_gazetteer,approximate_city
72231,43.749153,-105.494834,us_census_gazetteer,approximate_city
72232,41.724778,-87.828005,us_census_gazetteer,approximate_city
72233,33.732334,-101.844475,us_census_gazetteer,approximate_city
72235,37.841977,-88.616482,us_census_gazetteer,approximate_city
72236,37.249726,-76.014156,us_census_gazetteer,approximate_city
72237,38.879421,-75.824452,us_census_gazetteer,approximate_city
72238,39.264550,-76.655175,osm_nominatim,poi_match
72239,38.571457,-75.571134,us_census_gazetteer,approximate_city
72240,39.488300,-76.653800,geonames_centroid,approximate_city
72241,40.009376,-75.133346,us_census_gazetteer,approximate_city
72242,39.391400,-76.487100,geonames_centroid,approximate_city
72243,37.981425,-85.702007,us_census_gazetteer,approximate_city
72247,32.452843,-91.489976,us_census_gazetteer,approximate_city
72248,35.109164,-89.968511,us_census_gazetteer,approximate_city
72250,34.008306,-85.044978,us_census_gazetteer,approximate_city
72251,42.354269,-83.063168,osm_nominatim,poi_match
72256,44.127100,-69.247900,geonames_centroid,approximate_city
72257,35.993046,-76.939899,us_census_gazetteer,approximate_city
72259,42.093528,-88.257857,us_census_batch,street_interpolated
72260,36.697157,-76.634781,us_census_gazetteer,approximate_city
72261,34.114416,-88.693131,us_census_gazetteer,approximate_city
72262,37.261685,-77.396804,us_census_gazetteer,approximate_city
72263,32.510191,-84.874946,us_census_gazetteer,approximate_city
72264,33.668929,-95.546616,us_census_gazetteer,approximate_city
72266,35.193299,-87.033583,us_census_gazetteer,approximate_city
72267,42.038963,-88.325671,us_census_gazetteer,approximate_city
72268,26.669238,-98.557884,us_census_gazetteer,approximate_city
72273,32.828017,-79.972896,us_census_gazetteer,approximate_city
72274,33.005836,-80.179306,us_census_gazetteer,approximate_city
72276,41.676643,-86.268809,us_census_gazetteer,approximate_city
72277,42.523364,-78.475525,us_census_gazetteer,approximate_city
72278,34.736500,-79.352731,us_census_gazetteer,approximate_city
72279,41.885751,-91.057925,us_census_gazetteer,approximate_city
72281,39.420290,-76.296846,us_census_gazetteer,approximate_city
72282,40.872900,-73.827800,geonames_centroid,approximate_city
72285,32.347445,-84.788021,us_census_gazetteer,approximate_city
72287,36.105811,-97.898615,us_census_gazetteer,approximate_city
72288,41.664071,-83.581861,us_census_gazetteer,approximate_city
72289,30.192962,-93.896001,us_census_batch,street_interpolated
72290,30.839422,-83.978781,us_census_gazetteer,approximate_city
72291,30.150900,-82.966200,geonames_centroid,approximate_city
72292,29.946392,-82.424798,us_census_batch,street_interpolated
72293,30.946310,-85.163232,us_census_batch,street_interpolated
72294,44.924538,-73.119353,us_census_gazetteer,approximate_city
72295,29.969288,-94.001714,us_census_gazetteer,approximate_city
72296,33.190910,-101.381519,us_census_gazetteer,approximate_city
72297,34.085129,-84.985629,us_census_gazetteer,approximate_city
72298,32.131695,-101.792457,us_census_gazetteer,approximate_city
72302,32.200612,-88.037572,us_census_gazetteer,approximate_city
72303,31.590984,-89.190602,us_census_batch,street_interpolated
72305,37.000923,-91.682798,us_census_batch,street_interpolated
72308,27.241608,-80.829311,us_census_gazetteer,approximate_city
72309,34.006597,-86.016078,us_census_gazetteer,approximate_city
72310,28.359232,-82.689659,us_census_gazetteer,approximate_city
72313,32.806892,-81.942039,us_census_gazetteer,approximate_city
72314,41.820977,-88.187454,us_census_gazetteer,approximate_city
72315,42.233209,-88.334360,us_census_gazetteer,approximate_city
72316,42.336204,-88.291651,us_census_gazetteer,approximate_city
72317,38.224728,-85.740614,us_census_gazetteer,approximate_city
72318,41.844537,-87.759290,us_census_gazetteer,approximate_city
72319,41.844537,-87.759290,us_census_gazetteer,approximate_city
72320,36.199381,-86.344634,us_census_gazetteer,approximate_city
72321,36.022237,-86.559384,us_census_gazetteer,approximate_city
72324,39.351019,-85.501189,us_census_gazetteer,approximate_city
72325,39.359733,-94.756317,us_census_gazetteer,approximate_city
72326,38.946847,-85.889180,us_census_gazetteer,approximate_city
72328,25.775163,-80.208615,us_census_gazetteer,approximate_city
72329,41.405188,-99.640758,us_census_gazetteer,approximate_city
72330,41.372778,-82.108009,us_census_gazetteer,approximate_city
72331,34.602685,-96.420791,us_census_gazetteer,approximate_city
72332,28.446118,-99.760322,us_census_gazetteer,approximate_city
72333,31.290828,-82.252927,us_census_gazetteer,approximate_city
72335,40.738216,-82.781327,us_census_gazetteer,approximate_city
72337,42.718095,-114.515791,us_census_gazetteer,approximate_city
72338,29.354242,-99.161846,us_census_gazetteer,approximate_city
72339,30.166271,-85.670191,us_census_gazetteer,approximate_city
72340,41.422789,-88.262954,us_census_gazetteer,approximate_city
72342,39.026134,-86.937364,us_census_gazetteer,approximate_city
72343,46.443632,-120.421507,us_census_gazetteer,approximate_city
72344,37.729145,-84.299364,us_census_gazetteer,approximate_city
72345,46.380242,-120.312583,us_census_gazetteer,approximate_city
72346,30.816418,-92.655855,us_census_gazetteer,approximate_city
72347,42.247855,-84.759191,us_census_gazetteer,approximate_city
72348,41.800683,-87.928172,us_census_gazetteer,approximate_city
72349,42.253855,-88.831560,osm_nominatim,poi_match
72350,41.928186,-88.747585,us_census_gazetteer,approximate_city
72351,40.399410,-86.862806,us_census_gazetteer,approximate_city
72352,32.073284,-93.520039,us_census_batch,street_interpolated
72360,41.780044,-99.134214,us_census_gazetteer,approximate_city
72361,41.124960,-100.750359,us_census_gazetteer,approximate_city
72362,40.771004,-98.378409,us_census_batch,street_interpolated
72363,40.940624,-98.359298,osm_nominatim,poi_match
72368,32.636478,-116.190706,us_census_gazetteer,approximate_city
72372,32.402156,-98.817671,us_census_gazetteer,approximate_city
72373,44.257811,-70.257865,us_census_gazetteer,approximate_city
72374,44.325300,-70.573200,geonames_centroid,approximate_city
72376,31.039691,-84.878424,us_census_gazetteer,approximate_city
72378,40.198826,-85.395059,us_census_gazetteer,approximate_city
72380,30.233263,-94.222364,us_census_batch,street_interpolated
72382,30.084912,-94.145330,us_census_gazetteer,approximate_city
72385,41.120553,-87.865580,us_census_batch,street_interpolated
72387,38.820082,-82.190972,us_census_gazetteer,approximate_city
72389,31.880461,-102.345314,us_census_gazetteer,approximate_city
72390,36.089116,-95.957305,osm_nominatim,poi_match
72391,36.089116,-95.957305,osm_nominatim,poi_match
72394,34.705617,-82.466746,us_census_gazetteer,approximate_city
72395,31.438667,-97.746027,us_census_gazetteer,approximate_city
72396,24.732338,-81.025122,us_census_gazetteer,approximate_city
72400,34.155300,-78.055800,geonames_centroid,approximate_city
72402,34.540870,-78.794660,us_census_gazetteer,approximate_city
72403,35.831868,-78.641042,us_census_gazetteer,approximate_city
72408,30.565441,-81.831911,us_census_gazetteer,approximate_city
72410,42.274179,-88.940815,us_census_batch,street_interpolated
72412,42.235178,-88.975113,us_census_gazetteer,approximate_city
72413,27.920697,-81.599505,us_census_gazetteer,approximate_city
72418,25.775163,-80.208615,us_census_gazetteer,approximate_city
72419,39.761850,-104.881105,us_census_gazetteer,approximate_city
72420,37.077006,-113.576534,us_census_gazetteer,approximate_city
72424,40.583790,-74.227457,us_census_gazetteer,approximate_city
72425,34.733896,-78.790896,us_census_gazetteer,approximate_city
72428,32.336101,-90.072874,us_census_gazetteer,approximate_city
72429,32.192015,-81.205725,us_census_gazetteer,approximate_city
72430,33.312832,-85.752278,us_census_gazetteer,approximate_city
72432,31.782037,-97.581879,us_census_gazetteer,approximate_city
72433,32.744227,-89.533452,us_census_gazetteer,approximate_city
72435,37.683818,-113.095540,us_census_gazetteer,approximate_city
72436,41.976616,-88.018775,us_census_gazetteer,approximate_city
72437,38.570085,-109.547813,us_census_gazetteer,approximate_city
72438,41.882901,-87.876170,us_census_gazetteer,approximate_city
72440,39.705192,-77.321301,us_census_gazetteer,approximate_city
72441,41.775844,-78.016038,us_census_gazetteer,approximate_city
72442,40.222332,-79.608800,us_census_gazetteer,approximate_city
72443,39.790670,-77.726674,us_census_gazetteer,approximate_city
72444,35.739671,-81.320237,us_census_gazetteer,approximate_city
72445,41.099095,-80.645902,us_census_gazetteer,approximate_city
72446,41.708296,-78.694014,us_census_batch,street_interpolated
72447,37.530200,-77.475300,geonames_centroid,approximate_city
72448,35.607118,-85.907448,us_census_gazetteer,approximate_city
72456,34.941763,-82.258269,osm_nominatim,poi_match
72458,26.761855,-81.437617,us_census_batch,street_interpolated
72459,26.619820,-81.831673,us_census_gazetteer,approximate_city
72462,45.778661,-111.177147,us_census_gazetteer,approximate_city
72466,34.904624,-110.167210,us_census_gazetteer,approximate_city
72467,40.199994,-77.204149,us_census_gazetteer,approximate_city
72468,34.171921,-109.306892,us_census_gazetteer,approximate_city
72471,41.687466,-88.106215,us_census_gazetteer,approximate_city
72473,26.191204,-97.697383,us_census_gazetteer,approximate_city
72475,34.265053,-110.038321,us_census_gazetteer,approximate_city
72476,46.829484,-100.887060,us_census_gazetteer,approximate_city
72477,34.697720,-86.676670,us_census_gazetteer,approximate_city
72478,34.697720,-86.676670,us_census_gazetteer,approximate_city
72479,32.713561,-100.911902,us_census_gazetteer,approximate_city
72480,37.104812,-93.818669,us_census_gazetteer,approximate_city
72481,44.297860,-92.790771,us_census_batch,street_interpolated
72482,40.654167,-76.103989,us_census_gazetteer,approximate_city
72483,38.740285,-85.810319,us_census_gazetteer,approximate_city
72485,33.373442,-104.529393,us_census_gazetteer,approximate_city
72486,39.741727,-104.428719,us_census_gazetteer,approximate_city
72487,26.153818,-97.912907,us_census_gazetteer,approximate_city
72488,37.126676,-113.487759,us_census_gazetteer,approximate_city
72489,41.430561,-86.892347,us_census_gazetteer,approximate_city
72490,35.493227,-98.354723,us_census_gazetteer,approximate_city
72492,40.416576,-104.773280,us_census_gazetteer,approximate_city
72493,32.263076,-107.752490,us_census_gazetteer,approximate_city
72494,29.234619,-98.793675,us_census_gazetteer,approximate_city
72495,35.198064,-101.833107,us_census_gazetteer,approximate_city
72496,31.629487,-96.280818,us_census_gazetteer,approximate_city
72497,37.075218,-94.501259,us_census_gazetteer,approximate_city
72498,40.400820,-82.810994,us_census_gazetteer,approximate_city
72499,32.324880,-109.484456,us_census_gazetteer,approximate_city
72500,41.680353,-88.536308,us_census_gazetteer,approximate_city
72501,41.357929,-89.139390,us_census_gazetteer,approximate_city
72502,34.424406,-79.367561,us_census_gazetteer,approximate_city
72503,35.149554,-90.199266,us_census_gazetteer,approximate_city
72505,43.628733,-95.599702,us_census_gazetteer,approximate_city
72506,38.758829,-85.397135,us_census_gazetteer,approximate_city
72507,38.964264,-112.338679,us_census_gazetteer,approximate_city
72510,39.898255,-80.185537,us_census_gazetteer,approximate_city
72514,40.081255,-93.602387,us_census_gazetteer,approximate_city
72515,39.162169,-91.872770,us_census_gazetteer,approximate_city
72519,34.969195,-78.959887,us_census_gazetteer,approximate_city
72520,38.762381,-93.725337,us_census_gazetteer,approximate_city
72521,37.672131,-92.659670,us_census_gazetteer,approximate_city
72522,40.023952,-92.490779,us_census_gazetteer,approximate_city
72523,36.986752,-91.961551,us_census_gazetteer,approximate_city
72524,40.832677,-74.014088,us_census_gazetteer,approximate_city
72526,40.050567,-94.525167,us_census_gazetteer,approximate_city
72528,39.214514,-92.838836,us_census_batch,street_interpolated
72529,39.418112,-92.436544,us_census_gazetteer,approximate_city
72530,38.630306,-92.567079,us_census_gazetteer,approximate_city
72531,36.967436,-93.718596,us_census_gazetteer,approximate_city
72533,40.711417,-74.064760,us_census_gazetteer,approximate_city
72534,40.136503,-95.233739,us_census_gazetteer,approximate_city
72535,40.729839,-92.872033,us_census_gazetteer,approximate_city
72536,40.203239,-93.124004,us_census_gazetteer,approximate_city
72537,38.371172,-93.768142,us_census_gazetteer,approximate_city
72538,36.595255,-90.246295,us_census_gazetteer,approximate_city
72540,39.441456,-91.062033,us_census_gazetteer,approximate_city
72541,40.442988,-95.383516,us_census_gazetteer,approximate_city
72542,39.693022,-92.039652,us_census_gazetteer,approximate_city
72543,38.371172,-93.768142,us_census_gazetteer,approximate_city
72544,44.098584,-102.840319,us_census_gazetteer,approximate_city
72546,36.763259,-90.413953,us_census_gazetteer,approximate_city
72548,33.907406,-94.822174,us_census_gazetteer,approximate_city
72550,36.659100,-114.665600,geonames_centroid,approximate_city
72551,40.530692,-97.597135,us_census_gazetteer,approximate_city
72552,42.782846,-112.854211,us_census_gazetteer,approximate_city
72553,40.867068,-82.315152,us_census_gazetteer,approximate_city
72554,30.831600,-86.677000,geonames_centroid,approximate_city
72556,31.450806,-98.573520,us_census_gazetteer,approximate_city
72557,32.124998,-81.308387,us_census_gazetteer,approximate_city
72558,36.207981,-86.290602,us_census_batch,street_interpolated
72559,32.598419,-90.032191,us_census_gazetteer,approximate_city
72560,41.797111,-85.662511,us_census_batch,street_interpolated
72561,40.040287,-105.038310,us_census_gazetteer,approximate_city
72562,39.457769,-77.978212,us_census_gazetteer,approximate_city
72563,30.874249,-88.009536,us_census_gazetteer,approximate_city
72565,35.456809,-84.604522,us_census_gazetteer,approximate_city
72566,39.446788,-108.052083,us_census_gazetteer,approximate_city
72567,29.353106,-98.125777,us_census_gazetteer,approximate_city
72569,34.433651,-84.124449,us_census_gazetteer,approximate_city
72570,43.501807,-87.847551,us_census_gazetteer,approximate_city
72571,46.590938,-120.549400,us_census_gazetteer,approximate_city
72572,39.965699,-104.794170,us_census_gazetteer,approximate_city
72574,32.251804,-109.835698,us_census_gazetteer,approximate_city
72575,30.931213,-88.595896,us_census_gazetteer,approximate_city
72576,41.834100,-72.557600,geonames_centroid,approximate_city
72577,41.565004,-87.546004,us_census_gazetteer,approximate_city
72578,32.192137,-90.286965,us_census_gazetteer,approximate_city
72579,33.940848,-80.395543,us_census_gazetteer,approximate_city
72580,44.921588,-91.369150,osm_nominatim,poi_match
72581,43.329000,-73.681800,geonames_centroid,approximate_city
72582,43.096382,-75.225983,us_census_gazetteer,approximate_city
72583,41.002717,-76.456580,us_census_gazetteer,approximate_city
72584,39.574341,-119.715154,us_census_gazetteer,approximate_city
72585,42.284667,-87.966503,us_census_gazetteer,approximate_city
72586,30.524897,-92.081654,us_census_gazetteer,approximate_city
72587,32.469389,-100.408651,us_census_gazetteer,approximate_city
72588,33.225763,-98.159169,us_census_gazetteer,approximate_city
72589,34.726734,-100.541655,us_census_gazetteer,approximate_city
72590,41.113155,-114.953537,us_census_gazetteer,approximate_city
72591,33.560312,-86.263634,us_census_gazetteer,approximate_city
72592,39.120662,-88.550859,us_census_gazetteer,approximate_city
72594,33.449204,-94.085008,us_census_gazetteer,approximate_city
72595,39.322000,-77.958800,geonames_centroid,approximate_city
72596,36.737459,-88.644491,us_census_gazetteer,approximate_city
72597,41.239564,-80.816015,us_census_gazetteer,approximate_city
72599,40.777453,-99.746755,us_census_gazetteer,approximate_city
72603,39.779500,-86.132800,geonames_centroid,approximate_city
72606,39.193986,-93.363500,us_census_gazetteer,approximate_city
72607,45.845479,-109.939026,us_census_batch,street_interpolated
72608,37.726330,-89.876493,us_census_gazetteer,approximate_city
72610,35.690217,-89.988295,us_census_gazetteer,approximate_city
72611,46.285373,-87.441915,us_census_gazetteer,approximate_city
72612,37.672131,-92.659670,us_census_gazetteer,approximate_city
72614,38.666723,-80.770361,us_census_gazetteer,approximate_city
72615,40.810284,-96.674856,us_census_gazetteer,approximate_city
72616,37.865500,-90.175200,geonames_centroid,approximate_city
72619,34.638284,-88.229144,us_census_gazetteer,approximate_city
72620,48.287207,-99.434292,us_census_gazetteer,approximate_city
72621,39.223279,-93.065347,us_census_gazetteer,approximate_city
72622,36.792821,-89.962969,us_census_gazetteer,approximate_city
72623,41.516866,-88.147963,us_census_gazetteer,approximate_city
72625,40.342515,-94.870048,us_census_gazetteer,approximate_city
72626,35.819370,-90.453905,us_census_gazetteer,approximate_city
72628,33.740557,-81.840937,us_census_gazetteer,approximate_city
72629,38.348438,-91.497361,us_census_gazetteer,approximate_city
72630,38.855146,-91.950802,us_census_gazetteer,approximate_city
72631,41.605179,-87.952373,us_census_gazetteer,approximate_city
72633,38.532265,-93.522945,us_census_gazetteer,approximate_city
72634,34.822603,-102.400159,us_census_gazetteer,approximate_city
72635,42.337700,-71.731000,geonames_centroid,approximate_city
72637,35.970680,-83.949270,us_census_gazetteer,approximate_city
72639,34.087080,-96.774665,us_census_gazetteer,approximate_city
72640,46.550698,-87.395833,us_census_gazetteer,approximate_city
72642,38.082160,-117.224586,us_census_gazetteer,approximate_city
72643,35.467079,-97.513657,us_census_gazetteer,approximate_city
72644,40.548216,-105.064833,us_census_gazetteer,approximate_city
72645,32.465939,-111.135401,us_census_gazetteer,approximate_city
72646,32.733338,-101.953773,us_census_gazetteer,approximate_city
72647,32.499744,-87.826678,us_census_gazetteer,approximate_city
72648,38.445100,-105.217800,geonames_centroid,approximate_city
72649,41.979455,-114.664598,us_census_gazetteer,approximate_city
72650,28.436376,-99.236711,us_census_gazetteer,approximate_city
72651,32.124998,-81.308387,us_census_gazetteer,approximate_city
72652,30.447765,-97.602116,us_census_gazetteer,approximate_city
72653,34.955752,-89.841153,us_census_gazetteer,approximate_city
72655,36.566430,-87.345216,us_census_gazetteer,approximate_city
72656,32.321336,-102.551846,us_census_gazetteer,approximate_city
72660,34.488302,-87.282707,us_census_gazetteer,approximate_city
72663,31.771864,-84.443499,us_census_gazetteer,approximate_city
72664,32.686108,-97.020804,us_census_gazetteer,approximate_city
72666,31.124800,-83.425485,us_census_gazetteer,approximate_city
72667,33.804320,-93.391207,us_census_gazetteer,approximate_city
72668,31.361928,-110.934820,us_census_gazetteer,approximate_city
72669,37.546221,-97.317894,us_census_batch,street_interpolated
72672,30.877062,-96.595217,us_census_gazetteer,approximate_city
72674,38.314205,-88.917470,us_census_gazetteer,approximate_city
72675,41.060902,-102.074466,us_census_gazetteer,approximate_city
72676,43.628733,-95.599702,us_census_gazetteer,approximate_city
72677,45.826888,-88.059435,us_census_gazetteer,approximate_city
72678,41.556168,-84.769373,us_census_gazetteer,approximate_city
72679,26.318285,-98.153449,us_census_gazetteer,approximate_city
72680,30.397068,-87.668460,us_census_gazetteer,approximate_city
72681,39.761850,-104.881105,us_census_gazetteer,approximate_city
72682,40.377877,-111.795074,us_census_gazetteer,approximate_city
72683,37.987737,-87.534705,us_census_gazetteer,approximate_city
72685,29.185467,-98.852054,us_census_gazetteer,approximate_city
72687,44.541360,-95.077904,us_census_batch,street_interpolated
72688,39.928908,-83.794241,us_census_gazetteer,approximate_city
72689,29.590227,-97.968607,us_census_gazetteer,approximate_city
72690,41.366800,-72.233000,geonames_centroid,approximate_city
72691,37.194157,-93.292642,us_census_gazetteer,approximate_city
72693,36.967436,-93.718596,us_census_gazetteer,approximate_city
72694,34.696650,-82.202129,us_census_gazetteer,approximate_city
72695,32.539540,-94.349470,us_census_batch,street_interpolated
72696,32.808990,-83.694060,us_census_gazetteer,approximate_city
72698,30.419487,-89.069022,us_census_gazetteer,approximate_city
72699,41.930782,-88.008987,us_census_gazetteer,approximate_city
72700,33.469270,-82.495116,us_census_gazetteer,approximate_city
72701,38.257558,-90.393130,us_census_gazetteer,approximate_city
72702,32.466879,-93.792193,us_census_gazetteer,approximate_city
72705,37.123551,-77.224856,us_census_gazetteer,approximate_city
72706,36.508487,-80.614538,us_census_gazetteer,approximate_city
72707,39.074406,-104.844221,us_census_gazetteer,approximate_city
72709,43.134854,-88.226041,us_census_gazetteer,approximate_city
72710,43.540696,-96.731962,us_census_gazetteer,approximate_city
72711,44.973298,-92.550082,us_census_gazetteer,approximate_city
72713,43.540696,-96.731962,us_census_gazetteer,approximate_city
72714,32.898518,-85.141499,us_census_gazetteer,approximate_city
72715,34.862993,-114.146145,us_census_gazetteer,approximate_city
72716,30.839068,-82.007342,us_census_gazetteer,approximate_city
72719,36.865925,-113.935976,us_census_gazetteer,approximate_city
72721,34.697720,-86.676670,us_census_gazetteer,approximate_city
72723,35.024236,-110.709331,us_census_gazetteer,approximate_city
72724,35.217187,-112.491300,us_census_gazetteer,approximate_city
72725,33.766936,-96.580667,us_census_gazetteer,approximate_city
72727,41.837907,-94.093255,us_census_gazetteer,approximate_city
72728,40.624769,-96.952498,us_census_gazetteer,approximate_city
72732,41.730164,-93.601083,us_census_gazetteer,approximate_city
72733,33.372432,-79.280793,us_census_gazetteer,approximate_city
72734,41.272121,-72.967497,us_census_gazetteer,approximate_city
72735,33.493596,-80.866880,us_census_gazetteer,approximate_city
72736,32.535471,-82.928807,us_census_gazetteer,approximate_city
72737,33.469270,-82.495116,us_census_gazetteer,approximate_city
72738,38.567461,-92.175254,us_census_gazetteer,approximate_city
72739,32.883619,-105.963607,us_census_gazetteer,approximate_city
72740,40.720084,-99.375590,us_census_gazetteer,approximate_city
72741,41.098705,-88.422077,us_census_gazetteer,approximate_city
72742,33.616600,-84.293900,geonames_centroid,approximate_city
72743,41.330733,-87.796345,us_census_gazetteer,approximate_city
72745,43.973292,-75.910039,us_census_gazetteer,approximate_city
72746,33.009482,-80.107993,us_census_gazetteer,approximate_city
72747,35.513753,-108.743733,us_census_gazetteer,approximate_city
72748,34.164579,-84.801704,us_census_gazetteer,approximate_city
72749,44.828353,-87.397307,us_census_batch,street_interpolated
72750,32.005055,-97.124745,us_census_batch,street_interpolated
72752,30.854573,-88.109844,us_census_gazetteer,approximate_city
72753,35.198064,-101.833107,us_census_gazetteer,approximate_city
72754,33.243188,-84.271861,us_census_gazetteer,approximate_city
72755,39.779500,-86.132800,geonames_centroid,approximate_city
72756,41.708776,-86.866875,us_census_gazetteer,approximate_city
72757,30.530820,-89.670628,us_census_gazetteer,approximate_city
72758,32.539159,-94.353173,us_census_gazetteer,approximate_city
72759,32.733338,-101.953773,us_census_gazetteer,approximate_city
72760,30.839422,-83.978781,us_census_gazetteer,approximate_city
72761,34.710927,-87.667319,us_census_batch,street_interpolated
72763,43.084149,-75.755495,us_census_gazetteer,approximate_city
72764,41.909900,-72.602900,geonames_centroid,approximate_city
72765,43.222785,-76.812133,us_census_gazetteer,approximate_city
72766,33.078895,-97.493199,us_census_gazetteer,approximate_city
72767,40.227002,-104.988320,us_census_gazetteer,approximate_city
72768,41.182994,-87.878473,us_census_gazetteer,approximate_city
72769,33.561901,-101.888883,us_census_gazetteer,approximate_city
72770,33.186073,-80.579459,us_census_gazetteer,approximate_city
72771,34.836902,-82.362997,us_census_gazetteer,approximate_city
72772,34.178658,-79.395659,us_census_gazetteer,approximate_city
72773,32.793333,-96.766513,us_census_gazetteer,approximate_city
72774,30.123528,-93.754548,us_census_gazetteer,approximate_city
72775,32.454514,-99.738147,us_census_gazetteer,approximate_city
72776,31.671652,-83.635525,us_census_gazetteer,approximate_city
72778,43.074846,-96.170651,us_census_gazetteer,approximate_city
72779,42.484842,-89.027433,us_census_gazetteer,approximate_city
72781,39.993659,-81.738064,us_census_gazetteer,approximate_city
72782,41.088000,-80.862300,geonames_centroid,approximate_city
72783,39.892845,-83.438875,us_census_gazetteer,approximate_city
72784,41.785130,-107.224653,us_census_gazetteer,approximate_city
72785,41.574360,-88.113261,us_census_gazetteer,approximate_city
72786,38.037683,-97.345018,us_census_gazetteer,approximate_city
72787,35.467079,-97.513657,us_census_gazetteer,approximate_city
72788,39.761850,-104.881105,us_census_gazetteer,approximate_city
72789,30.210435,-90.970793,us_census_batch,street_interpolated
72791,37.400448,-108.623511,us_census_batch,street_interpolated
72792,43.092841,-79.014743,us_census_gazetteer,approximate_city
72793,48.987190,-122.748770,us_census_gazetteer,approximate_city
72795,30.080402,-97.855700,us_census_gazetteer,approximate_city
72796,33.501761,-112.359470,us_census_gazetteer,approximate_city
72797,45.677008,-94.814774,us_census_gazetteer,approximate_city
72798,43.426699,-96.166393,us_census_gazetteer,approximate_city
72799,41.843288,-89.477547,us_census_gazetteer,approximate_city
72801,35.072433,-91.901059,us_census_gazetteer,approximate_city
72802,42.061700,-71.339600,geonames_centroid,approximate_city
72803,30.490759,-99.773222,us_census_gazetteer,approximate_city
72804,36.171800,-86.785002,us_census_gazetteer,approximate_city
72805,28.037188,-97.501457,us_census_gazetteer,approximate_city
72806,32.886080,-93.882689,us_census_gazetteer,approximate_city
72808,33.308550,-96.979088,us_census_gazetteer,approximate_city
72809,29.896152,-81.311128,us_census_gazetteer,approximate_city
72810,36.089116,-95.957305,osm_nominatim,poi_match
72811,36.036529,-95.780996,us_census_gazetteer,approximate_city
72812,45.402192,-91.844350,us_census_gazetteer,approximate_city
72813,32.432805,-97.775149,us_census_gazetteer,approximate_city
72814,33.787525,-97.139180,us_census_gazetteer,approximate_city
72815,40.114099,-88.274619,us_census_gazetteer,approximate_city
72816,35.198064,-101.833107,us_census_gazetteer,approximate_city
72817,30.948383,-97.528337,us_census_gazetteer,approximate_city
72818,32.348503,-86.267307,us_census_gazetteer,approximate_city
72819,27.560379,-99.489181,us_census_gazetteer,approximate_city
72820,31.391782,-102.350269,us_census_gazetteer,approximate_city
72821,32.436147,-103.149043,us_census_gazetteer,approximate_city
72822,32.454514,-99.738147,us_census_gazetteer,approximate_city
72827,31.880461,-102.345314,us_census_gazetteer,approximate_city
72828,32.454514,-99.738147,us_census_gazetteer,approximate_city
72830,31.446700,-103.579100,geonames_centroid,approximate_city
72831,32.729089,-103.160588,us_census_gazetteer,approximate_city
72835,31.194112,-101.453406,us_census_gazetteer,approximate_city
72836,32.713561,-100.911902,us_census_gazetteer,approximate_city
72837,32.286235,-104.097756,us_census_gazetteer,approximate_city
72839,32.729089,-103.160588,us_census_gazetteer,approximate_city
72841,32.967871,-102.832225,us_census_gazetteer,approximate_city
72844,31.446700,-103.579100,geonames_centroid,approximate_city
72847,32.238341,-101.485739,us_census_gazetteer,approximate_city
72848,31.225360,-101.939438,us_census_gazetteer,approximate_city
72849,32.024642,-102.113467,us_census_gazetteer,approximate_city
72851,32.024642,-102.113467,us_census_gazetteer,approximate_city
72853,31.146366,-89.406281,us_census_gazetteer,approximate_city
72855,41.630301,-88.245282,us_census_gazetteer,approximate_city
72857,35.518409,-97.766172,us_census_gazetteer,approximate_city
72859,40.041286,-86.897576,us_census_gazetteer,approximate_city
72860,33.914236,-80.383963,osm_nominatim,poi_match
72861,33.173992,-87.226627,us_census_gazetteer,approximate_city
72863,33.744008,-90.728476,us_census_gazetteer,approximate_city
72864,30.906213,-84.572652,us_census_gazetteer,approximate_city
72867,46.596556,-112.021765,us_census_gazetteer,approximate_city
72868,43.489616,-112.035340,us_census_gazetteer,approximate_city
72869,44.272580,-105.498936,us_census_gazetteer,approximate_city
72871,32.516286,-114.521782,us_census_gazetteer,approximate_city
72872,27.560379,-99.489181,us_census_gazetteer,approximate_city
72873,42.274179,-88.940815,us_census_batch,street_interpolated
72874,29.699306,-98.115127,us_census_gazetteer,approximate_city
72875,30.724772,-97.673033,us_census_batch,street_interpolated
72876,34.696650,-82.202129,us_census_gazetteer,approximate_city
72877,30.538686,-88.187573,us_census_gazetteer,approximate_city
72879,29.972311,-98.904698,us_census_gazetteer,approximate_city
72880,32.124998,-81.308387,us_census_gazetteer,approximate_city
72882,35.429269,-96.300309,us_census_gazetteer,approximate_city
72884,30.684588,-87.739213,us_census_gazetteer,approximate_city
72885,31.234276,-85.434603,us_census_batch,street_interpolated
72886,30.868831,-96.589655,us_census_batch,street_interpolated
72888,30.747713,-99.228603,us_census_gazetteer,approximate_city
72889,32.967871,-102.832225,us_census_gazetteer,approximate_city
72891,41.670270,-87.737085,us_census_gazetteer,approximate_city
72893,27.566156,-80.374654,us_census_batch,street_interpolated
72894,33.357313,-97.698225,us_census_batch,street_interpolated
72895,34.429427,-97.174438,us_census_gazetteer,approximate_city
72896,32.071047,-96.503580,us_census_batch,street_interpolated
72899,32.152046,-94.337111,us_census_gazetteer,approximate_city
72901,40.921352,-98.358559,us_census_gazetteer,approximate_city
72902,35.184590,-78.994722,us_census_gazetteer,approximate_city
72903,31.880461,-102.345314,us_census_gazetteer,approximate_city
72904,30.560168,-98.277286,us_census_gazetteer,approximate_city
72905,28.964207,-98.495690,us_census_gazetteer,approximate_city
72906,38.269228,-104.610816,us_census_gazetteer,approximate_city
72907,31.655721,-103.083694,us_census_gazetteer,approximate_city
72908,35.248796,-81.186436,us_census_gazetteer,approximate_city
72909,40.810284,-96.674856,us_census_gazetteer,approximate_city
72910,41.228391,-111.968147,us_census_gazetteer,approximate_city
72912,38.938839,-111.865209,us_census_gazetteer,approximate_city
72916,38.512259,-98.517345,us_census_batch,street_interpolated
72918,31.956090,-83.770077,us_census_gazetteer,approximate_city
72919,39.784743,-84.199632,us_census_gazetteer,approximate_city
72920,38.783520,-90.605075,us_census_gazetteer,approximate_city
72921,38.212787,-91.163645,us_census_gazetteer,approximate_city
72922,41.645285,-81.414353,us_census_gazetteer,approximate_city
72923,31.580567,-90.443386,us_census_gazetteer,approximate_city
72924,34.608650,-89.980994,us_census_gazetteer,approximate_city
72925,34.301383,-79.867174,us_census_gazetteer,approximate_city
72926,43.951101,-86.279816,us_census_gazetteer,approximate_city
72927,40.816014,-81.934708,osm_nominatim,poi_match
72930,43.938249,-90.812705,us_census_gazetteer,approximate_city
72933,33.712954,-84.106200,us_census_gazetteer,approximate_city
72934,27.754252,-97.173385,us_census_gazetteer,approximate_city
72935,29.241647,-81.456640,us_census_gazetteer,approximate_city
72936,28.650160,-82.054800,us_census_batch,street_interpolated
72937,35.013483,-78.700121,us_census_gazetteer,approximate_city
72938,36.102863,-80.260829,us_census_gazetteer,approximate_city
72939,33.762909,-84.422675,us_census_gazetteer,approximate_city
72940,36.566430,-87.345216,us_census_gazetteer,approximate_city
72941,30.505650,-90.456493,us_census_gazetteer,approximate_city
72942,31.847780,-106.431106,us_census_gazetteer,approximate_city
72943,30.443835,-91.207410,us_census_gazetteer,approximate_city
72944,33.561901,-101.888883,us_census_gazetteer,approximate_city
72945,30.355678,-87.683056,us_census_batch,street_interpolated
72947,33.363645,-112.073495,osm_nominatim,poi_match
72948,47.801492,-103.266731,us_census_gazetteer,approximate_city
72949,41.299394,-86.116852,us_census_gazetteer,approximate_city
72950,41.990328,-117.720796,us_census_gazetteer,approximate_city
72951,32.454514,-99.738147,us_census_gazetteer,approximate_city
72953,33.638647,-97.148413,us_census_gazetteer,approximate_city
72956,34.340103,-78.220362,us_census_gazetteer,approximate_city
72957,44.334904,-69.734199,us_census_gazetteer,approximate_city
72958,39.394604,-89.090809,us_census_gazetteer,approximate_city
72959,35.623772,-91.231682,us_census_gazetteer,approximate_city
72960,31.880461,-102.345314,us_census_gazetteer,approximate_city
72963,38.867255,-104.760749,us_census_gazetteer,approximate_city
72965,36.289865,-115.089181,us_census_gazetteer,approximate_city
72966,39.589618,-85.755854,us_census_gazetteer,approximate_city
72967,31.943709,-94.245706,us_census_gazetteer,approximate_city
72968,36.224504,-80.296908,us_census_gazetteer,approximate_city
72969,40.846581,-84.336474,us_census_gazetteer,approximate_city
72970,42.961156,-85.655570,us_census_gazetteer,approximate_city
72972,37.068571,-94.126920,us_census_gazetteer,approximate_city
72973,37.032717,-95.651580,us_census_gazetteer,approximate_city
72974,40.810284,-96.674856,us_census_gazetteer,approximate_city
72975,34.969195,-78.959887,us_census_gazetteer,approximate_city
72976,30.245515,-92.511594,us_census_gazetteer,approximate_city
72978,34.869188,-89.689993,us_census_gazetteer,approximate_city
72979,41.101654,-87.863690,us_census_gazetteer,approximate_city
72981,34.710533,-86.762280,us_census_gazetteer,approximate_city
72982,30.283099,-91.905919,us_census_gazetteer,approximate_city
72983,30.188638,-82.642246,us_census_gazetteer,approximate_city
72984,36.571844,-115.720313,us_census_gazetteer,approximate_city
72985,41.885612,-87.978235,us_census_gazetteer,approximate_city
72986,42.038963,-88.325671,us_census_gazetteer,approximate_city
72987,31.446700,-103.579100,geonames_centroid,approximate_city
72988,42.195009,-88.087729,us_census_gazetteer,approximate_city
72989,39.445990,-84.365772,us_census_gazetteer,approximate_city
72990,35.819755,-90.679033,us_census_gazetteer,approximate_city
72991,41.982485,-88.142870,us_census_gazetteer,approximate_city
72993,38.040678,-84.458272,us_census_gazetteer,approximate_city
72995,44.774972,-117.831808,us_census_gazetteer,approximate_city
72996,40.947372,-80.664007,us_census_gazetteer,approximate_city
72998,28.350178,-99.615258,us_census_gazetteer,approximate_city
72999,34.212596,-103.317745,us_census_batch,street_interpolated
73000,30.540758,-98.380570,us_census_gazetteer,approximate_city
73003,33.292300,-82.095732,us_census_gazetteer,approximate_city
73005,42.097106,-72.054995,us_census_gazetteer,approximate_city
73007,33.225081,-84.933772,us_census_batch,street_interpolated
73008,30.093520,-97.693876,us_census_batch,street_interpolated
73009,31.529899,-94.110894,us_census_gazetteer,approximate_city
73012,29.462809,-98.524635,us_census_gazetteer,approximate_city
73013,35.023498,-90.681934,us_census_gazetteer,approximate_city
73014,28.567733,-81.874882,us_census_batch,street_interpolated
73015,39.618004,-75.072981,us_census_gazetteer,approximate_city
73016,32.437726,-81.775637,us_census_gazetteer,approximate_city
73017,40.371817,-96.188706,us_census_gazetteer,approximate_city
73018,33.469793,-95.213550,us_census_gazetteer,approximate_city
73021,44.963324,-93.268320,us_census_gazetteer,approximate_city
73025,34.301383,-79.867174,us_census_gazetteer,approximate_city
73026,41.667328,-87.984411,us_census_gazetteer,approximate_city
73028,36.008958,-115.026800,us_census_gazetteer,approximate_city
73029,31.383111,-97.210204,us_census_gazetteer,approximate_city
73030,42.265448,-88.887758,us_census_gazetteer,approximate_city
73031,30.998810,-94.827488,us_census_gazetteer,approximate_city
73032,33.365531,-82.073422,us_census_gazetteer,approximate_city
73033,35.547852,-100.965032,us_census_gazetteer,approximate_city
73035,31.847780,-106.431106,us_census_gazetteer,approximate_city
73036,41.594705,-109.220921,us_census_gazetteer,approximate_city
73037,32.532986,-92.635327,us_census_gazetteer,approximate_city
73039,35.045786,-82.088485,us_census_gazetteer,approximate_city
73040,30.666016,-96.381049,us_census_gazetteer,approximate_city
73041,33.377704,-84.298974,us_census_gazetteer,approximate_city
73042,32.944466,-103.349225,us_census_gazetteer,approximate_city
73043,35.604818,-105.217023,us_census_gazetteer,approximate_city
73044,43.489616,-112.035340,us_census_gazetteer,approximate_city
73045,47.666935,-117.433322,us_census_gazetteer,approximate_city
73046,33.807442,-79.018498,us_census_batch,street_interpolated
73047,39.779500,-86.132800,geonames_centroid,approximate_city
73048,33.556959,-97.846101,us_census_gazetteer,approximate_city
73051,31.565410,-110.314508,us_census_gazetteer,approximate_city
73052,33.449769,-82.207966,us_census_gazetteer,approximate_city
73053,45.788538,-108.552475,us_census_gazetteer,approximate_city
73055,44.374100,-69.330600,geonames_centroid,approximate_city
73056,35.082766,-78.973515,us_census_gazetteer,approximate_city
73057,36.803059,-108.090194,us_census_gazetteer,approximate_city
73058,43.226002,-75.489523,us_census_gazetteer,approximate_city
73059,40.807650,-81.367228,us_census_gazetteer,approximate_city
73061,31.847780,-106.431106,us_census_gazetteer,approximate_city
73062,27.754252,-97.173385,us_census_gazetteer,approximate_city
73063,45.252420,-93.337402,us_census_gazetteer,approximate_city
73064,35.797180,-80.274285,us_census_gazetteer,approximate_city
73065,34.131182,-84.745362,us_census_gazetteer,approximate_city
73066,32.153036,-110.870773,us_census_gazetteer,approximate_city
73067,46.073987,-96.891008,us_census_gazetteer,approximate_city
73068,38.867255,-104.760749,us_census_gazetteer,approximate_city
73071,31.498334,-97.230789,us_census_gazetteer,approximate_city
73072,41.446894,-87.712969,us_census_gazetteer,approximate_city
73073,32.535471,-82.928807,us_census_gazetteer,approximate_city
73074,33.388264,-94.108998,us_census_batch,street_interpolated
73075,32.436147,-103.149043,us_census_gazetteer,approximate_city
73076,40.056542,-106.378216,us_census_gazetteer,approximate_city
73078,33.690380,-116.143128,us_census_gazetteer,approximate_city
73079,33.282765,-111.851819,us_census_gazetteer,approximate_city
73080,31.462099,-83.520499,us_census_gazetteer,approximate_city
73081,35.407341,-99.500398,us_census_batch,street_interpolated
73082,43.341717,-95.145709,us_census_gazetteer,approximate_city
73083,41.743617,-91.611218,us_census_gazetteer,approximate_city
73084,44.954482,-92.371588,us_census_gazetteer,approximate_city
73085,30.850126,-83.278833,us_census_gazetteer,approximate_city
73088,32.127300,-81.498300,geonames_centroid,approximate_city
73090,36.508005,-80.582180,us_census_gazetteer,approximate_city
73092,29.512488,-98.304625,us_census_gazetteer,approximate_city
73093,41.591001,-88.029697,us_census_gazetteer,approximate_city
73094,42.225283,-83.267691,us_census_gazetteer,approximate_city
73095,32.230413,-90.159622,us_census_gazetteer,approximate_city
73096,45.402192,-91.844350,us_census_gazetteer,approximate_city
73098,44.949802,-91.153760,us_census_gazetteer,approximate_city
73099,43.434258,-96.712429,us_census_gazetteer,approximate_city
73100,40.776928,-111.930991,us_census_gazetteer,approximate_city
73101,40.155173,-104.563420,us_census_gazetteer,approximate_city
73103,33.563569,-83.189093,us_census_gazetteer,approximate_city
73106,34.386353,-96.131101,us_census_gazetteer,approximate_city
73112,35.323353,-82.455840,us_census_gazetteer,approximate_city
73114,32.121506,-96.950010,us_census_gazetteer,approximate_city
73117,44.774972,-117.831808,us_census_gazetteer,approximate_city
73118,32.325067,-96.633799,us_census_gazetteer,approximate_city
73119,43.584972,-116.562935,us_census_gazetteer,approximate_city
73120,42.498901,-90.707258,us_census_gazetteer,approximate_city
73125,43.089761,-88.016273,us_census_batch,street_interpolated
73126,44.570255,-91.666851,us_census_gazetteer,approximate_city
73127,41.837045,-87.684939,us_census_gazetteer,approximate_city
73128,34.723294,-95.902895,us_census_gazetteer,approximate_city
73129,42.223649,-83.366036,us_census_gazetteer,approximate_city
73130,32.325067,-96.633799,us_census_gazetteer,approximate_city
73131,35.666161,-80.492629,us_census_gazetteer,approximate_city
